cliente_id,primeiro_nome,ultimo_nome,email,telefone,segmento_rfm,data_primeira_compra,data_ultima_compra,total_compras,lifetime_value,permite_email,permite_sms,permite_push,status_ativo,data_criacao
1,Henry Gabriel,Alves,henrygabriel.sousa107@bol.com.br,+55 95 93218-1960,regular,2026-01-04,2026-06-06,4,587.13,False,True,True,True,2025-05-26 03:06:00+00:00
2,Bento,Borges,bento.cunha460@uol.com.br,,regular,2026-02-02,2026-05-19,2,936.84,True,False,True,True,2025-03-30 03:06:00+00:00
3,Mirella,Pereira,mirella.alves131@icloud.com,+55 82 98637-9402,regular,2026-03-19,2026-06-21,3,1923.33,True,False,True,True,2025-08-12 03:06:00+00:00
4,Lavínia,Fernandes,lavínia.damota81@yahoo.com.br,+55 87 95116-1559,dormant,2025-09-18,2025-09-18,1,284.03,True,True,True,True,2024-03-16 03:06:00+00:00
5,Vinícius,Aparecida,vinícius.siqueira456@live.com,+55 53 96184-9593,dormant,2025-01-29,2025-01-29,1,430.04,True,True,False,True,2025-05-14 03:06:00+00:00
6,Davi Miguel,Aparecida,davimiguel.ribeiro857@uol.com.br,18 91316-4752,regular,2026-01-11,2026-06-22,4,1723.19,True,False,True,True,2025-04-24 03:06:00+00:00
7,Ester,Fogaça,ester.costela780@bol.com.br,,novo,,,0,0.0,True,False,False,True,2026-05-31 03:06:00+00:00
8,Diego,Pereira,diego.porto943@yahoo.com.br,+55 95 92764-8350,dormant,2024-12-05,2024-12-05,1,396.94,True,False,False,True,2024-12-11 03:06:00+00:00
9,Raul,Andrade,raul.dias96@outlook.com.br,12 91395-3767,dormant,2024-07-10,2024-07-10,1,292.93,True,False,True,True,2025-05-31 03:06:00+00:00
10,João Pedro,da Luz,joãopedro.carvalho646@uol.com.br,11 99696-5328,dormant,2024-08-14,2024-08-14,1,447.48,True,True,False,True,2024-07-23 03:06:00+00:00
11,Marina,Borges,MarinA.SÁ259@gmaiL.coM,+55 48 92269-1669,premium,2024-11-12,2026-06-07,16,7821.18,True,False,True,True,2024-04-23 03:06:00+00:00
12,Maria Helena,Moura,mariahelena.dacunha907@icloud.com,+55 13 91845-1462,dormant,2024-09-25,2024-09-25,1,278.69,True,False,False,True,2024-07-22 03:06:00+00:00
13,Maria,Abreu,maria.silveira711@bol.com.br,94 92814-8932,dormant,2024-09-16,2024-09-16,1,471.53,True,False,False,True,2025-02-05 03:06:00+00:00
14,Evelyn,Teixeira,evelyn.castro881@icloud.com,+55 11 99570-1543,novo,,,0,0.0,True,False,False,True,2026-02-06 03:06:00+00:00
15,Danilo,da Costa,danilo.nunes54@hotmail.com,+55 41 97182-2782,dormant,2024-11-06,2024-11-06,1,122.73,True,False,False,True,2025-03-24 03:06:00+00:00
16,Vinícius,Moura,vinícius.pereira338@outlook.com.br,+55 86 98346-5787,premium,2024-11-30,2026-06-09,8,11258.33,True,True,True,True,2024-02-18 03:06:00+00:00
17,Isaque,da Cruz,isaque.câmara375@hotmail.com,37 90983-9301,premium,2025-03-25,2026-06-03,23,13596.61,True,False,True,True,2024-11-22 03:06:00+00:00
18,Dante,da Conceição,DaNTE.aZeVEDo516@GMAIl.CoM,34 91834-7382,regular,2025-07-30,2026-05-13,2,704.93,True,True,True,True,2025-08-26 03:06:00+00:00
19,Maria Júlia,da Cruz,mariajúlia.viana825@live.com,64 93116-5667,novo,,,0,0.0,True,True,False,True,2026-05-24 03:06:00+00:00
20,Cauê,Rocha,cauê.rezende51@hotmail.com,+55 32 96513-3387,regular,2025-10-04,2026-05-19,3,1790.61,True,False,False,True,2025-01-06 03:06:00+00:00
21,João Lucas,Lima,joãolucas.cirino196@bol.com.br,83 93178-1080,regular,2025-11-09,2026-06-17,4,1456.14,True,False,False,True,2025-06-02 03:06:00+00:00
22,Francisco,Sá,francisco.dacosta474@yahoo.com.br,64 97736-0260,dormant,2025-11-05,2025-11-05,1,234.03,True,False,False,True,2024-02-09 03:06:00+00:00
23,Heloisa,da Luz,heloisa.viana189@live.com,17 96872-3430,novo,,,0,0.0,True,False,False,True,2026-03-17 03:06:00+00:00
24,Vitória,Araújo,vitória.souza94@terra.com.br,+55 31 90978-8208,premium,2025-03-19,2026-06-25,20,12489.87,False,True,True,True,2025-06-13 03:06:00+00:00
25,Enrico,Cirino,enrico.azevedo608@hotmail.com,+55 93 96193-9909,premium,2024-08-23,2026-06-02,20,10351.45,True,False,False,True,2025-01-27 03:06:00+00:00
26,Enrico,Leão,enrico.ribeiro613@icloud.com,28 94353-4624,regular,2026-03-21,2026-05-15,4,793.69,True,False,False,True,2025-01-24 03:06:00+00:00
27,Maria Cecília,,mariacecília.dias418@hotmail.com,+55 13 97991-1838,dormant,2025-10-19,2025-10-19,1,206.75,False,False,True,True,2024-05-19 03:06:00+00:00
28,Vinícius,Cardoso,vinícius.ferreira739@hotmail.com,+55 95 95427-8498,regular,2025-11-02,2026-04-29,4,1370.82,True,False,True,True,2025-02-22 03:06:00+00:00
29,Antony,Rios,antony.novaes62@bol.com.br,+55 46 92411-8244,premium,2024-12-02,2026-06-01,23,7059.62,True,False,True,True,2024-11-15 03:06:00+00:00
30,Otto,Silva,otto.fernandes144@uol.com.br,11 98740-1640,regular,2026-02-08,2026-06-07,4,819.09,True,False,False,True,2025-05-13 03:06:00+00:00
31,André,Farias,andré.vargas215@yahoo.com.br,11 92786-8011,regular,2025-07-23,2026-06-23,2,1642.27,True,False,True,True,2025-04-13 03:06:00+00:00
32,Kaique,Nogueira,kaique.andrade339@terra.com.br,+55 64 96204-5053,premium,2025-05-30,2026-06-17,21,14314.23,True,True,False,True,2025-02-24 03:06:00+00:00
33,Theo,Rios,theo.caldeira531@terra.com.br,64992322602,dormant,2025-11-05,2025-11-05,1,260.9,True,True,True,True,2024-03-17 03:06:00+00:00
34,Brenda,Viana,brenda.jesus508@uol.com.br,12 92160-7337,regular,2025-10-11,2026-05-29,3,1703.16,False,True,False,True,2025-04-14 03:06:00+00:00
35,Clara,das Neves,clara.vieira532@uol.com.br,+55 89 90365-4145,premium,2024-12-25,2026-06-08,19,7909.03,True,False,False,True,2024-10-20 03:06:00+00:00
36,Nicole,Guerra,nicole.rocha668@icloud.com,34 90142-9401,novo,,,0,0.0,True,False,False,True,2026-05-16 03:06:00+00:00
37,Luara,Ferreira,luara.siqueira145@terra.com.br,73 99816-9340,novo,,,0,0.0,True,False,True,True,2026-06-06 03:06:00+00:00
38,Luiza,Abreu,luiza.moreira10@icloud.com,+5582956159514,dormant,2024-12-24,2024-12-24,1,61.87,True,True,False,True,2025-05-02 03:06:00+00:00
39,Natália,das Neves,natália.rios689@outlook.com.br,33 96482-3662,regular,2026-03-27,2026-04-10,2,520.51,True,True,False,True,2025-03-21 03:06:00+00:00
40,Ana Julia,Guerra,anajulia.novaes145@gmail.com,22 94369-9577,novo,,,0,0.0,True,False,True,True,2026-06-22 03:06:00+00:00
41,Luísa,Rocha,luísa.cunha154@icloud.com,86 92148-9513,regular,2026-02-07,2026-06-25,3,1778.27,True,False,False,True,2025-02-24 03:06:00+00:00
42,Ana Luiza,Câmara,analuiza.costa75@yahoo.com.br,+5517903791769,dormant,2025-09-26,2025-09-26,1,207.76,True,True,False,True,2024-08-05 03:06:00+00:00
43,Mathias,Silva,mathias.sampaio759@outlook.com.br,92 96320-1632,dormant,2024-11-27,2024-11-27,1,256.71,True,False,False,True,2024-08-10 03:06:00+00:00
44,Rafaela,Martins,rafaela.aragão43@icloud.com,,regular,2025-12-28,2026-04-16,2,1190.18,True,False,False,True,2025-09-26 03:06:00+00:00
45,Theo,Campos,theo.marques61@yahoo.com.br,,regular,2025-10-14,2026-04-30,2,1017.62,True,False,False,True,2025-09-12 03:06:00+00:00
46,Maria Fernanda,Rios,mariafernanda.moura813@icloud.com,31 97986-8727,regular,2025-12-16,2026-04-28,3,622.64,True,False,True,True,2025-08-17 03:06:00+00:00
47,Manuella,da Luz,manuella.sá639@uol.com.br,14 98734-7143,regular,2025-10-30,2026-06-16,3,1193.8,True,True,True,True,2025-03-31 03:06:00+00:00
48,Yago,Farias,yago.dias506@icloud.com,+55 38 92236-2316,regular,2025-09-12,2026-05-22,4,1065.93,True,False,False,True,2025-01-04 03:06:00+00:00
49,Joana,Farias,joana.nogueira67@live.com,66 90366-9096,dormant,2024-12-29,2024-12-29,1,381.57,True,True,False,True,2024-05-07 03:06:00+00:00
50,Maria Liz,Abreu,marializ.fogaça377@bol.com.br,54 96889-3734,regular,2025-12-28,2026-06-06,4,1231.71,True,False,False,True,2025-05-20 03:06:00+00:00
51,Luiza,Mendonça,luiza.alves732@outlook.com.br,,premium,2024-10-18,2026-06-28,21,8379.73,True,True,False,True,2024-06-09 03:06:00+00:00
52,Bárbara,Rios,bárbara.rocha532@outlook.com.br,+55 69 97298-0699,dormant,2025-08-16,2025-08-16,1,179.88,True,False,False,True,2024-02-11 03:06:00+00:00
53,Benjamim,Barros,benjamim.ramos172@outlook.com.br,+55 61 97204-6537,premium,2024-07-01,2026-06-07,9,2035.24,True,True,True,True,2024-05-13 03:06:00+00:00
54,Beatriz,Fernandes,beatriz.teixeira137@outlook.com.br,15 96417-0805,premium,2025-05-18,2026-06-16,12,12763.23,True,True,True,True,2024-09-18 03:06:00+00:00
55,Pietro,Rezende,pietro.azevedo89@gmail.com,+55 18 93309-2327,regular,2026-03-10,2026-04-28,4,1436.15,True,False,False,True,2025-05-14 03:06:00+00:00
56,Ian,Nunes,ian.cunha39@live.com,+55 98 95299-1241,premium,2024-08-20,2026-06-15,12,11018.33,True,True,True,True,2024-09-20 03:06:00+00:00
57,Benjamim,das Neves,benjamim.oliveira951@outlook.com.br,61 93193-1491,regular,2025-12-05,2026-05-23,2,1815.15,True,False,False,True,2025-04-28 03:06:00+00:00
58,Bryan,Ferreira,bryan.nascimento324@outlook.com.br,47 91850-6716,regular,2026-01-23,2026-06-10,4,1348.26,True,False,False,True,2025-09-23 03:06:00+00:00
59,Eloá,Porto,eloá.marques218@yahoo.com.br,73 92849-8776,regular,2025-10-13,2026-04-15,4,1589.14,True,True,False,True,2025-05-24 03:06:00+00:00
60,Vitor Gabriel,Duarte,vitorgabriel.dacruz29@hotmail.com,15 97379-9650,dormant,2024-11-23,2024-11-23,1,105.26,True,False,True,True,2024-07-25 03:06:00+00:00
61,Maya,Duarte,maya.cirino661@live.com,+55 86 95454-9480,regular,2026-01-29,2026-06-05,2,506.95,True,False,False,True,2025-07-06 03:06:00+00:00
62,Pietra,Correia,pietra.barros876@uol.com.br,64 97837-7701,regular,2025-10-23,2026-05-12,3,550.82,True,False,False,True,2024-12-23 03:06:00+00:00
63,Ana Beatriz,Câmara,anabeatriz.guerra689@uol.com.br,24 99578-8568,regular,2025-08-21,2026-06-17,2,949.39,True,True,False,True,2025-03-03 03:06:00+00:00
64,Bianca,Fogaça,bianca.sampaio144@live.com,,dormant,2025-07-11,2025-07-11,1,398.99,True,False,False,True,2024-12-24 03:06:00+00:00
65,Vitor Hugo,das Neves,vitorhugo.dacunha55@uol.com.br,+55 51 93518-2337,premium,2025-10-07,2026-06-07,18,8845.52,True,True,False,True,2024-03-17 03:06:00+00:00
66,Yuri,Silveira,yUrI.paSTOr767@iclouD.COm,16 91343-5240,regular,2026-03-13,2026-06-25,4,551.34,True,False,False,True,2024-12-15 03:06:00+00:00
67,Sophie,Cardoso,sophie.damota280@gmail.com,+55 28 98427-1094,novo,,,0,0.0,True,False,False,True,2026-05-08 03:06:00+00:00
68,Maria Isis,Mendes,mariaisis.macedo201@terra.com.br,+55 77 90471-1671,dormant,2025-09-15,2025-09-15,1,286.56,True,False,True,True,2025-04-22 03:06:00+00:00
69,Cauê,Cassiano,cauê.cassiano998@bol.com.br,+5541931869993,premium,2025-03-21,2026-06-24,25,5427.89,True,False,False,True,2025-01-19 03:06:00+00:00
70,Rebeca,Garcia,rebeca.machado702@live.com,,dormant,2025-01-04,2025-01-04,1,124.83,True,False,True,True,2024-09-17 03:06:00+00:00
71,Ana Cecília,Pastor,anacecília.lima744@bol.com.br,+55 32 99133-4123,novo,,,0,0.0,True,False,False,True,2026-05-30 03:06:00+00:00
72,Luiz Felipe,Novaes,luizfelipe.barbosa958@yahoo.com.br,+55 11 96797-4034,dormant,2025-10-21,2025-10-21,1,263.41,True,False,True,True,2024-09-13 03:06:00+00:00
73,Alexia,Sampaio,AlexIA.MArQUES229@HOtMaIL.com,+55 92 94936-1832,regular,2026-01-10,2026-05-22,3,1132.64,False,False,False,True,2025-06-23 03:06:00+00:00
74,Vitor,Casa Grande,vitor.barbosa936@gmail.com,+55 69 94994-7174,premium,2024-12-01,2026-06-12,21,8999.22,True,False,False,False,2025-01-26 03:06:00+00:00
75,Isis,,isis.damata759@icloud.com,92 97190-6594,novo,,,0,0.0,True,False,True,True,2026-05-03 03:06:00+00:00
76,Benjamim,Borges,benjamim.daconceição440@gmail.com,12 99027-8742,regular,2026-01-27,2026-05-12,4,1132.04,True,False,True,True,2025-10-01 03:06:00+00:00
77,Luiza,Porto,luiza.mendonça949@hotmail.com,85 95655-1256,dormant,2025-08-15,2025-08-15,1,355.84,True,True,False,True,2024-12-31 03:06:00+00:00
78,Maya,da Paz,maya.ribeiro11@outlook.com.br,+55 21 97154-5168,novo,,,0,0.0,True,True,False,True,2026-01-04 03:06:00+00:00
79,Alexandre,Ribeiro,alexandre.nogueira226@live.com,,regular,2025-07-14,2026-06-25,3,1669.38,True,False,False,True,2025-01-16 03:06:00+00:00
80,Júlia,Aragão,júlia.correia419@icloud.com,45 99770-3482,regular,2025-12-03,2026-04-02,4,836.66,True,False,True,True,2025-07-28 03:06:00+00:00
81,Alícia,Macedo,alícia.sampaio921@live.com,,premium,2025-04-16,2026-06-19,19,10518.15,True,False,False,True,2024-11-22 03:06:00+00:00
82,Joaquim,Alves,joaquim.pires316@uol.com.br,+55 67 94808-6131,regular,2025-08-21,2026-04-29,3,1242.72,True,False,True,True,2025-06-11 03:06:00+00:00
83,Maria Eduarda,Campos,mariaeduarda.ramos147@yahoo.com.br,93 94846-7737,regular,2026-02-16,2026-04-02,2,1001.01,True,False,True,True,2025-04-06 03:06:00+00:00
84,João Vitor,Gomes,joãovitor.correia31@icloud.com,+55 61 91465-8404,novo,,,0,0.0,True,False,False,True,2026-06-07 03:06:00+00:00
85,Ana Cecília,Pastor,anacecília.pacheco525@live.com,+55 65 97875-5886,regular,2025-10-21,2026-04-21,4,1065.04,True,True,False,True,2025-07-22 03:06:00+00:00
86,Maria Alice,Duarte,mariaalice.correia916@uol.com.br,,dormant,2025-12-16,2025-12-16,1,185.43,True,False,False,True,2024-01-29 03:06:00+00:00
87,Hadassa,da Conceição,hadassa.vasconcelos704@outlook.com.br,+55 24 95766-2702,premium,2025-12-26,2026-06-01,24,11857.42,True,False,True,True,2025-06-03 03:06:00+00:00
88,Milena,Pastor,milena.farias285@hotmail.com,74 91870-2621,regular,2025-10-27,2026-04-16,4,1692.21,True,False,True,True,2024-12-20 03:06:00+00:00
89,Maria Isis,Viana,mariaisis.daluz604@terra.com.br,61 91586-5780,novo,,,0,0.0,True,False,True,True,2026-03-25 03:06:00+00:00
90,Davi Miguel,da Costa,davimiguel.pires957@bol.com.br,+55 91 91611-7240,novo,,,0,0.0,True,False,True,True,2026-01-18 03:06:00+00:00
91,Caleb,Duarte,caleb.vieira591@gmail.com,19955623869,novo,,,0,0.0,True,False,True,True,2026-04-03 03:06:00+00:00
92,Luiz Miguel,Cavalcante,luizmiguel.cavalcanti206@hotmail.com,51 99379-2374,dormant,2024-08-19,2024-08-19,1,301.29,True,False,True,True,2025-03-11 03:06:00+00:00
93,Maria Clara,da Cunha,mariaclara.rios338@gmail.com,84 94821-7594,regular,2025-12-21,2026-05-20,2,1635.59,True,False,False,True,2025-01-10 03:06:00+00:00
94,Laís,Sales,laís.dacunha86@live.com,22 93671-3695,premium,2025-12-31,2026-06-29,22,6244.0,True,False,True,True,2025-03-12 03:06:00+00:00
95,Ana Carolina,Sampaio,anacarolina.darocha106@gmail.com,61 94090-9743,dormant,2025-12-24,2025-12-24,1,367.91,True,False,True,True,2025-04-24 03:06:00+00:00
96,Clarice,Câmara,clarice.porto318@uol.com.br,+55 97 92104-7095,dormant,2024-12-08,2024-12-08,1,298.85,True,False,False,True,2024-08-26 03:06:00+00:00
97,João,Borges,joão.darocha12@terra.com.br,66 92328-5884,regular,2025-08-07,2026-05-16,3,993.53,True,False,False,True,2025-02-25 03:06:00+00:00
98,Lucas,da Cunha,lucas.mendes352@bol.com.br,37 91712-3685,dormant,2024-10-14,2024-10-14,1,231.47,True,False,True,True,2025-04-04 03:06:00+00:00
99,Fernando,Vieira,fernando.gonçalves24@gmail.com,11 98175-4965,novo,,,0,0.0,True,False,False,True,2026-01-20 03:06:00+00:00
100,Henrique,Rocha,henrique.daconceição740@live.com,+55 17 99859-3174,premium,2025-06-30,2026-06-08,14,14897.73,True,False,True,True,2024-10-11 03:06:00+00:00
101,Julia,Camargo,julia.carvalho478@gmail.com,+55 21 94711-3826,dormant,2025-02-18,2025-02-18,1,131.44,True,False,False,True,2024-02-20 03:06:00+00:00
102,Maria,Freitas,maria.rios891@icloud.com,67 99261-7964,dormant,2024-10-10,2024-10-10,1,54.06,True,False,False,True,2024-05-08 03:06:00+00:00
103,Benício,Sales,benício.freitas592@uol.com.br,75 97351-5850,novo,,,0,0.0,True,False,True,True,2026-01-01 03:06:00+00:00
104,Isabella,da Mota,isabella.correia107@hotmail.com,81 91390-0532,regular,2025-10-28,2026-04-12,2,1558.08,True,False,True,True,2025-06-18 03:06:00+00:00
105,Noah,Azevedo,noah.teixeira1@icloud.com,+55 85 99335-2904,regular,2025-10-05,2026-04-13,2,654.96,True,True,True,False,2025-09-22 03:06:00+00:00
106,João Vitor,Cardoso,joãovitor.nogueira185@bol.com.br,+55 73 91020-5395,novo,,,0,0.0,True,False,False,True,2026-05-31 03:06:00+00:00
107,Arthur Gabriel,Cavalcanti,arthurgabriel.daluz375@gmail.com,+55 54 96811-7758,dormant,2025-01-09,2025-01-09,1,120.27,True,False,True,True,2024-02-05 03:06:00+00:00
108,Henrique,,henrique.machado978@icloud.com,+55 88 99084-7007,regular,2026-04-01,2026-06-11,4,1896.42,True,False,True,True,2024-12-21 03:06:00+00:00
109,Isadora,Lima,isadora.rodrigues966@hotmail.com,91 97115-9212,dormant,2025-07-27,2025-07-27,1,388.59,True,False,True,True,2024-03-04 03:06:00+00:00
110,Yan,Pinto,yan.porto397@icloud.com,33 96984-7896,regular,2026-01-03,2026-04-06,3,1316.73,True,False,False,True,2025-05-14 03:06:00+00:00
111,Gael Henrique,Vieira,gaelhenrique.sampaio736@hotmail.com,+55 87 96736-5766,regular,2025-07-11,2026-06-27,4,752.67,True,False,False,False,2025-07-11 03:06:00+00:00
112,Gabriel,Dias,gabriel.lima994@terra.com.br,+55 98 95271-1116,regular,2026-03-12,2026-06-07,4,1647.32,False,False,True,True,2025-06-19 03:06:00+00:00
113,Gael,Souza,gael.sousa789@terra.com.br,+55 55 98098-8516,novo,,,0,0.0,True,False,True,True,2026-04-27 03:06:00+00:00
114,Daniela,Rios,daniela.sá658@outlook.com.br,+55 28 94945-1983,regular,2025-12-15,2026-04-17,3,771.72,True,True,False,True,2025-08-26 03:06:00+00:00
115,Leonardo,Ribeiro,leonardo.mendes452@uol.com.br,+55 47 95851-4936,regular,2025-11-12,2026-06-08,2,1449.73,True,False,True,True,2025-06-08 03:06:00+00:00
116,Benjamim,Pereira,benjamim.ribeiro682@bol.com.br,+55 18 92445-5022,regular,2025-11-01,2026-06-11,2,953.09,True,False,False,True,2025-06-26 03:06:00+00:00
117,Isadora,Azevedo,isadora.casagrande687@gmail.com,+55 43 98366-7525,regular,2025-11-10,2026-05-26,2,643.57,True,False,False,True,2025-04-27 03:06:00+00:00
118,Ana Lívia,Silveira,analívia.duarte263@hotmail.com,+55 28 92290-1476,premium,2024-09-30,2026-06-23,11,11418.72,True,False,True,True,2024-09-29 03:06:00+00:00
119,Maria Vitória,Pereira,mariavitória.macedo744@outlook.com.br,13 93815-6149,regular,2025-09-18,2026-06-17,2,839.98,True,False,False,True,2025-08-16 03:06:00+00:00
120,Mariah,Moura,mariah.rios67@bol.com.br,+55 24 93690-0343,regular,2025-10-12,2026-06-28,3,578.51,True,True,False,True,2025-06-24 03:06:00+00:00
121,João Guilherme,Teixeira,joãoguilherme.dacunha845@bol.com.br,33 91076-2268,dormant,2025-11-08,2025-11-08,1,234.27,True,False,True,True,2025-06-24 03:06:00+00:00
122,Raul,Montenegro,RAuL.nOVAIs104@terRA.COm.BR,+55 35 96060-7159,regular,2026-01-10,2026-05-16,2,674.55,True,False,True,True,2024-12-17 03:06:00+00:00
123,Liz,Oliveira,liz.guerra399@outlook.com.br,18 91605-2975,regular,2025-07-20,2026-06-20,3,1935.98,True,False,False,True,2025-09-09 03:06:00+00:00
124,Felipe,Lopes,felipe.caldeira238@uol.com.br,73 99681-6453,premium,2024-12-06,2026-06-09,17,6777.95,True,False,True,True,2024-01-16 03:06:00+00:00
125,Brenda,Vasconcelos,brenda.cavalcante532@hotmail.com,96 91883-5523,dormant,2025-04-23,2025-04-23,1,147.22,True,False,False,True,2025-02-26 03:06:00+00:00
126,Gustavo,Casa Grande,gustavo.dacunha779@uol.com.br,+55 73 99212-7799,regular,2025-12-24,2026-06-09,4,858.77,True,False,True,True,2025-05-01 03:06:00+00:00
127,Manuela,Rodrigues,manuela.nunes785@terra.com.br,28 92717-7449,regular,2026-01-29,2026-04-28,3,1139.13,True,False,False,True,2025-08-03 03:06:00+00:00
128,Daniel,Fogaça,daniEl.monTENegRo645@hOtmaiL.COm,27 97700-5411,regular,2025-08-03,2026-05-03,2,919.05,True,False,True,True,2025-02-14 03:06:00+00:00
129,Natália,Gomes,natália.martins956@icloud.com,+55 22 97935-9782,dormant,2025-10-07,2025-10-07,1,494.72,False,False,True,True,2025-03-27 03:06:00+00:00
130,Davi,Machado,davi.caldeira17@terra.com.br,+55 41 98203-7788,dormant,2024-10-23,2024-10-23,1,183.44,True,True,False,True,2024-06-02 03:06:00+00:00
131,Liam,Fonseca,liam.freitas520@bol.com.br,,regular,2025-07-20,2026-06-05,2,943.17,True,False,False,True,2025-08-16 03:06:00+00:00
132,Hellena,Jesus,hellena.vasconcelos778@terra.com.br,+55 28 95151-8644,regular,2025-10-24,2026-06-14,3,1229.02,True,False,False,True,2024-12-20 03:06:00+00:00
133,Kaique,Farias,kaique.barros488@yahoo.com.br,42 94629-1486,dormant,2024-11-14,2024-11-14,1,474.38,True,True,False,True,2025-01-15 03:06:00+00:00
134,Bella,Cardoso,bella.rios497@icloud.com,+55 43 96850-5423,dormant,2025-03-06,2025-03-06,1,149.48,True,False,False,True,2024-07-11 03:06:00+00:00
135,Carolina,Vargas,caROlINA.MEnDONÇA860@UOl.CoM.Br,+55 89 92214-1888,dormant,2025-05-13,2025-05-13,1,299.4,False,True,False,True,2024-08-26 03:06:00+00:00
136,Breno,Ribeiro,breno.fernandes755@yahoo.com.br,49 92229-2706,regular,2025-11-21,2026-06-10,3,1052.46,True,False,True,False,2025-09-10 03:06:00+00:00
137,Emanuella,,emanuella.rocha942@uol.com.br,75 99473-8347,regular,2025-08-24,2026-06-16,4,1811.39,True,False,False,True,2025-10-01 03:06:00+00:00
138,Mathias,Freitas,mathias.rocha594@live.com,,dormant,2025-02-17,2025-02-17,1,194.95,True,False,True,True,2024-12-07 03:06:00+00:00
139,Maria Eduarda,Vargas,mariaeduarda.dapaz432@outlook.com.br,94 98623-9240,dormant,2025-09-11,2025-09-11,1,156.14,True,True,True,True,2024-03-17 03:06:00+00:00
140,Maria Luísa,Freitas,marialuísa.novaes752@hotmail.com,98 91412-4782,regular,2026-01-02,2026-06-14,4,1609.98,True,False,True,True,2025-08-04 03:06:00+00:00
141,Luiza,Borges,luiza.câmara877@live.com,,dormant,2025-01-18,2025-01-18,1,433.73,True,True,True,True,2025-05-18 03:06:00+00:00
142,Cecília,Alves,cecília.leão931@gmail.com,61 98536-1530,premium,2025-06-28,2026-06-05,18,9932.93,True,False,False,True,2024-01-10 03:06:00+00:00
143,Antonella,,antonella.brito903@terra.com.br,+55 64 92047-2779,premium,2025-06-11,2026-06-24,20,6825.69,False,False,True,True,2024-11-20 03:06:00+00:00
144,Anthony,Barros,anthony.almeida519@bol.com.br,+55 87 92898-6143,regular,2025-11-10,2026-05-13,4,1945.09,True,True,True,True,2025-03-19 03:06:00+00:00
145,Ana Julia,Campos,anajulia.aragão581@uol.com.br,67 99711-7980,regular,2025-10-23,2026-05-11,4,963.05,True,False,True,True,2025-06-09 03:06:00+00:00
146,Olívia,Oliveira,olívia.dacosta354@yahoo.com.br,18 96095-3962,regular,2025-09-16,2026-04-26,2,1315.31,True,True,True,True,2025-09-29 03:06:00+00:00
147,Enzo Gabriel,Moura,enzogabriel.fonseca86@hotmail.com,95 98806-7065,regular,2025-09-22,2026-04-28,4,1188.86,True,False,False,True,2025-08-16 03:06:00+00:00
148,Thiago,Souza,thiago.almeida376@terra.com.br,+55 34 95319-5205,dormant,2024-12-17,2024-12-17,1,164.97,True,False,False,True,2025-05-09 03:06:00+00:00
149,Zoe,Fernandes,zoe.ramos554@yahoo.com.br,83 97221-7043,regular,2025-09-17,2026-05-10,2,1096.07,True,False,False,True,2025-01-10 03:06:00+00:00
150,Caio,Vieira,caio.costa567@gmail.com,28 94868-7403,dormant,2024-09-21,2024-09-21,1,284.09,True,False,True,True,2024-04-08 03:06:00+00:00
151,Allana,Fogaça,allana.vasconcelos929@gmail.com,,regular,2025-10-08,2026-06-26,2,1598.95,True,False,True,True,2025-01-31 03:06:00+00:00
152,Bianca,da Mata,bianca.campos533@terra.com.br,73 96765-2775,novo,,,0,0.0,True,False,False,True,2026-02-28 03:06:00+00:00
153,Rafaela,da Mata,rafaela.barros382@outlook.com.br,+55 38 96928-4511,dormant,2024-09-03,2024-09-03,1,183.42,True,True,True,True,2024-04-28 03:06:00+00:00
154,Beatriz,Ribeiro,beatriz.darocha728@bol.com.br,77 99627-5705,dormant,2025-03-31,2025-03-31,1,128.19,True,False,False,True,2025-01-31 03:06:00+00:00
155,Luara,da Mota,luara.porto314@gmail.com,+55 37 96582-0297,regular,2025-11-14,2026-06-15,2,1762.17,True,False,False,True,2024-12-19 03:06:00+00:00
156,Bernardo,Cardoso,bernardo.azevedo201@uol.com.br,46 95690-9275,premium,2025-08-12,2026-06-09,7,11023.96,True,False,True,True,2024-11-21 03:06:00+00:00
157,Esther,Macedo,esther.teixeira764@hotmail.com,+55 62 98565-4310,regular,2026-01-01,2026-05-15,4,500.28,True,False,False,True,2025-08-27 03:06:00+00:00
158,Marcelo,Monteiro,MArCeLO.mOReIrA881@outlOok.cOM.BR,+55 51 94473-9473,dormant,2024-10-27,2024-10-27,1,157.78,True,True,True,True,2024-10-11 03:06:00+00:00
159,Joaquim,Carvalho,joaquim.barbosa963@live.com,+55 73 97155-1884,premium,2024-09-07,2026-06-06,13,10699.6,True,False,False,True,2024-03-13 03:06:00+00:00
160,Ana Clara,Castro,anaclara.silva873@yahoo.com.br,45 98313-2370,regular,2025-10-27,2026-05-10,2,1446.96,True,False,False,True,2025-05-25 03:06:00+00:00
161,Eloah,Novaes,eloah.oliveira984@terra.com.br,84 98291-1467,novo,,,0,0.0,True,True,False,True,2026-03-28 03:06:00+00:00
162,Sara,Jesus,sara.vargas467@outlook.com.br,+55 35 92517-7852,dormant,2024-11-04,2024-11-04,1,266.92,True,False,False,True,2025-02-14 03:06:00+00:00
163,Luiz Otávio,,luizotávio.vargas190@yahoo.com.br,71 98018-2422,premium,2025-02-18,2026-06-20,11,12433.61,False,False,True,True,2024-07-08 03:06:00+00:00
164,Ayla,Santos,ayla.câmara571@terra.com.br,98 94143-8424,dormant,2025-02-03,2025-02-03,1,366.02,True,False,False,True,2025-03-01 03:06:00+00:00
165,Sophie,Borges,sophie.montenegro268@yahoo.com.br,+55 66 92995-9001,novo,,,0,0.0,True,False,True,True,2026-01-08 03:06:00+00:00
166,Caleb,Ramos,caleb.vargas658@bol.com.br,+55 85 99690-7844,premium,2024-11-16,2026-06-22,22,3199.7,True,False,False,True,2025-04-13 03:06:00+00:00
167,Maria Sophia,da Cruz,mariasophia.rodrigues202@outlook.com.br,21971027677,regular,2025-09-13,2026-05-22,3,708.31,True,False,True,True,2025-09-06 03:06:00+00:00
168,Nicolas,Fernandes,nicOlaS.PEREiRa258@YAHoo.cOM.br,28 95562-5881,dormant,2025-06-23,2025-06-23,1,450.54,True,False,False,False,2025-02-08 03:06:00+00:00
169,Antonella,da Costa,antonella.martins395@hotmail.com,12 97321-0469,regular,2025-09-10,2026-04-26,3,1762.59,True,False,False,False,2025-09-03 03:06:00+00:00
170,Larissa,da Cruz,larissa.castro772@terra.com.br,28 93278-7747,regular,2025-07-14,2026-05-02,4,740.04,True,False,True,True,2025-06-01 03:06:00+00:00
171,Augusto,Borges,augusto.gonçalves87@icloud.com,82 93395-0047,novo,,,0,0.0,True,True,False,True,2026-01-29 03:06:00+00:00
172,Maria Isis,da Paz,mariaisis.nascimento165@gmail.com,+55 47 96245-6506,regular,2026-02-19,2026-05-29,2,1750.47,True,False,False,True,2025-06-17 03:06:00+00:00
173,Cauã,Nunes,cauã.novais499@uol.com.br,45 98416-8784,novo,,,0,0.0,True,False,False,True,2026-05-21 03:06:00+00:00
174,Isaac,Cardoso,isaac.brito761@outlook.com.br,48 95852-3986,novo,,,0,0.0,False,False,False,True,2026-01-08 03:06:00+00:00
175,Melissa,Aparecida,melissa.aparecida267@gmail.com,+5562957872982,novo,,,0,0.0,True,False,True,True,2026-05-19 03:06:00+00:00
176,Beatriz,Pimenta,beatriz.dias883@yahoo.com.br,55 99495-8887,premium,2025-05-19,2026-06-24,10,9653.51,True,False,False,True,2024-05-15 03:06:00+00:00
177,Ana Clara,Melo,anaclara.almeida949@terra.com.br,34 91694-0974,regular,2025-10-21,2026-05-13,4,1387.11,False,False,False,True,2025-06-10 03:06:00+00:00
178,Rafael,Silveira,rafael.aragão837@live.com,+55 71 98962-3091,regular,2025-08-31,2026-05-18,3,1215.27,True,False,False,True,2025-08-11 03:06:00+00:00
179,Mateus,Almeida,mateus.macedo286@terra.com.br,,regular,2025-12-10,2026-04-20,4,800.98,False,True,True,True,2025-09-04 03:06:00+00:00
180,Larissa,Cassiano,larissa.jesus901@uol.com.br,65 98970-2838,premium,2025-09-20,2026-06-07,7,9976.85,True,False,True,False,2024-10-14 03:06:00+00:00
181,Aylla,Ribeiro,aylla.mendes910@icloud.com,49 95278-5854,regular,2026-03-17,2026-04-25,2,651.41,True,True,True,True,2025-05-12 03:06:00+00:00
182,Maria Sophia,Correia,mariasophia.dacruz111@bol.com.br,21 93443-7575,premium,2025-12-06,2026-06-08,18,3980.28,True,False,False,True,2024-11-17 03:06:00+00:00
183,Yan,da Paz,yan.campos313@icloud.com,51 96524-0415,dormant,2025-10-20,2025-10-20,1,440.12,True,False,False,True,2025-06-26 03:06:00+00:00
184,Luísa,Rezende,luísa.dacunha53@live.com,+55 86 93848-4219,regular,2025-07-12,2026-04-09,2,1875.19,True,False,False,True,2025-09-22 03:06:00+00:00
185,Rhavi,da Cruz,rhavi.aragão591@icloud.com,+55 89 93016-5712,premium,2025-03-14,2026-06-13,22,5590.2,True,False,False,True,2024-07-28 03:06:00+00:00
186,Anthony,Novaes,anthony.castro633@outlook.com.br,86 97345-4019,premium,2025-08-14,2026-06-11,16,9433.52,True,True,True,True,2025-01-10 03:06:00+00:00
187,Ravi,Nascimento,ravi.sousa828@gmail.com,+5573962067240,premium,2025-12-20,2026-06-25,25,11269.6,True,True,True,True,2024-01-17 03:06:00+00:00
188,Antony,da Rosa,antony.nunes652@hotmail.com,35 94788-7287,premium,2025-01-12,2026-06-15,11,8505.21,True,False,False,True,2024-02-26 03:06:00+00:00
189,Yago,Correia,yago.camargo397@terra.com.br,+55 68 97420-5493,dormant,2025-09-24,2025-09-24,1,441.39,False,False,True,True,2025-01-14 03:06:00+00:00
190,Luiz Fernando,Pimenta,luizfernando.porto940@outlook.com.br,69 98516-1227,dormant,2025-04-25,2025-04-25,1,450.6,True,False,False,True,2024-11-13 03:06:00+00:00
191,Ayla,da Cruz,ayla.abreu558@bol.com.br,53 93745-4990,regular,2025-11-15,2026-05-26,2,686.55,True,True,False,True,2025-06-15 03:06:00+00:00
192,Vicente,Rezende,vicente.fonseca858@uol.com.br,+55 32 91742-6841,novo,,,0,0.0,True,False,True,True,2026-06-24 03:06:00+00:00
193,Ana Carolina,Freitas,anacarolina.pimenta745@uol.com.br,+5588927279568,premium,2025-11-08,2026-06-04,25,6443.45,True,False,False,True,2024-02-03 03:06:00+00:00
194,Maria Julia,Sá,mariajulia.nascimento623@uol.com.br,+55 96 99187-8519,dormant,2024-08-16,2024-08-16,1,322.77,True,False,True,True,2024-04-06 03:06:00+00:00
195,Henry Gabriel,Araújo,henrygabriel.novaes205@icloud.com,+55 83 99822-5871,novo,,,0,0.0,True,False,False,True,2026-03-31 03:06:00+00:00
196,Noah,Silva,noah.pacheco278@live.com,+55 43 98707-2867,dormant,2025-12-07,2025-12-07,1,113.36,True,False,False,True,2025-06-11 03:06:00+00:00
197,Danilo,Novais,danilo.martins412@bol.com.br,+55 16 96403-9106,dormant,2024-10-21,2024-10-21,1,201.8,True,False,False,False,2025-01-28 03:06:00+00:00
198,Catarina,Sampaio,catarina.azevedo566@icloud.com,+55 32 91704-6226,dormant,2025-09-02,2025-09-02,1,209.42,True,False,True,True,2024-10-02 03:06:00+00:00
199,Evelyn,Garcia,evelYN.MaChADO223@OuTLoOK.COM.br,49 91825-1286,regular,2026-01-11,2026-05-02,2,1187.35,True,True,False,False,2025-07-12 03:06:00+00:00
200,Sarah,Cardoso,sarah.siqueira512@uol.com.br,+5511904786863,premium,2025-02-14,2026-06-07,14,6181.71,True,False,False,True,2024-04-06 03:06:00+00:00
201,Thales,,thales.marques740@terra.com.br,+55 66 94310-6903,novo,,,0,0.0,False,True,False,True,2026-05-09 03:06:00+00:00
202,Noah,Azevedo,noah.brito625@gmail.com,77 99030-6738,dormant,2025-10-03,2025-10-03,1,496.6,True,False,False,True,2025-04-15 03:06:00+00:00
203,Pedro Henrique,Sá,pedrohenrique.vasconcelos715@gmail.com,+55 62 98439-5995,premium,2025-04-21,2026-06-19,6,10834.15,True,True,False,True,2025-03-29 03:06:00+00:00
204,Renan,da Rosa,renan.casagrande645@icloud.com,+55 88 96440-8926,novo,,,0,0.0,True,False,False,True,2026-05-23 03:06:00+00:00
205,Maya,,maya.aragão494@terra.com.br,,dormant,2024-11-07,2024-11-07,1,473.35,True,True,False,True,2024-07-04 03:06:00+00:00
206,Giovanna,Viana,giovanna.moura835@terra.com.br,66962462873,dormant,2025-04-23,2025-04-23,1,180.51,True,False,False,True,2025-01-06 03:06:00+00:00
207,Rael,da Rosa,rael.santos391@yahoo.com.br,,premium,2025-01-25,2026-06-15,24,4995.42,True,False,False,True,2025-05-29 03:06:00+00:00
208,Maria Fernanda,Araújo,mariafernanda.novais869@outlook.com.br,66 98826-3435,dormant,2024-12-19,2024-12-19,1,216.92,True,True,True,True,2025-05-20 03:06:00+00:00
209,Emanuel,Machado,emanuel.freitas571@hotmail.com,+5579904699013,dormant,2025-04-23,2025-04-23,1,171.06,True,False,False,True,2024-02-01 03:06:00+00:00
210,Pedro Henrique,Mendes,pedrohenrique.costela635@terra.com.br,22 90331-7393,novo,,,0,0.0,True,True,True,True,2026-02-20 03:06:00+00:00
211,Isabella,da Costa,isabella.novaes1@terra.com.br,16 96785-4458,dormant,2024-11-10,2024-11-10,1,205.07,True,False,True,True,2024-03-16 03:06:00+00:00
212,Maysa,Martins,maysa.brito880@live.com,31 93556-0932,premium,2025-09-24,2026-06-26,7,8272.51,False,True,False,True,2024-07-02 03:06:00+00:00
213,Arthur Gabriel,da Luz,arthurgabriel.novaes900@outlook.com.br,19 92353-6937,novo,,,0,0.0,True,False,False,True,2026-06-26 03:06:00+00:00
214,Ísis,Rezende,ísis.rodrigues958@terra.com.br,+55 98 97772-5228,premium,2025-09-29,2026-06-26,14,12514.27,True,True,True,True,2024-05-04 03:06:00+00:00
215,Mariana,Cirino,mariana.nogueira451@gmail.com,+55 19 91006-2312,regular,2025-11-27,2026-05-08,2,1323.29,True,True,False,True,2024-12-25 03:06:00+00:00
216,Antony,Cunha,antony.montenegro33@live.com,48 90997-7008,dormant,2024-10-09,2024-10-09,1,199.61,True,True,True,True,2024-04-10 03:06:00+00:00
217,Juliana,Albuquerque,juliana.almeida477@icloud.com,14 98408-6211,dormant,2024-12-06,2024-12-06,1,244.41,True,True,False,True,2024-11-30 03:06:00+00:00
218,Sabrina,Cassiano,sabrina.dacosta82@uol.com.br,+55 97 95461-5679,novo,,,0,0.0,True,False,False,True,2026-03-12 03:06:00+00:00
219,Ryan,Sampaio,ryan.câmara22@bol.com.br,+55 38 90166-6870,regular,2026-02-20,2026-05-07,4,1927.13,True,False,False,True,2025-05-09 03:06:00+00:00
220,Antony,Sampaio,antony.cavalcante719@hotmail.com,93 96591-8033,premium,2025-09-24,2026-06-03,10,6067.8,False,False,False,True,2024-02-14 03:06:00+00:00
221,Maria Laura,da Mata,marialaura.aparecida947@hotmail.com,15 98902-5039,dormant,2025-12-08,2025-12-08,1,365.51,True,False,True,True,2024-09-25 03:06:00+00:00
222,João Pedro,Sá,joãopedro.silva73@outlook.com.br,+55 37 94293-9685,novo,,,0,0.0,True,False,True,True,2026-06-25 03:06:00+00:00
223,Hadassa,Sá,hadassa.sousa409@yahoo.com.br,+55 38 98501-6315,novo,,,0,0.0,True,True,False,True,2026-03-14 03:06:00+00:00
224,Isabella,Vasconcelos,isabella.duarte493@gmail.com,13 97735-8662,dormant,2025-11-16,2025-11-16,1,382.43,True,False,False,True,2024-07-05 03:06:00+00:00
225,Gabrielly,Barros,gabrielly.vargas331@bol.com.br,+55 96 91142-6265,dormant,2025-04-02,2025-04-02,1,448.23,True,False,False,True,2025-01-23 03:06:00+00:00
226,Eloah,Caldeira,eloah.borges750@gmail.com,24 97541-2126,dormant,2025-03-13,2025-03-13,1,142.8,True,True,True,True,2024-07-02 03:06:00+00:00
227,Manuela,Novais,manuela.novais570@icloud.com,64 91015-8199,dormant,2025-04-25,2025-04-25,1,249.15,True,False,False,True,2024-01-04 03:06:00+00:00
228,Aylla,Gomes,aylla.albuquerque214@bol.com.br,,dormant,2025-06-09,2025-06-09,1,270.99,True,False,True,True,2025-02-27 03:06:00+00:00
229,Júlia,Gomes,júlia.vasconcelos645@hotmail.com,+55 95 99826-2244,regular,2026-01-08,2026-04-08,4,1721.19,True,False,True,True,2024-12-17 03:06:00+00:00
230,Vitor Gabriel,Monteiro,vitorgabriel.casagrande61@hotmail.com,+55 69 96464-7154,dormant,2024-07-07,2024-07-07,1,188.51,True,False,False,True,2024-06-12 03:06:00+00:00
231,Thales,Silveira,thales.pires137@live.com,+55 82 97124-0659,novo,,,0,0.0,True,False,True,True,2026-06-18 03:06:00+00:00
232,Gabrielly,Farias,gabrielly.macedo726@terra.com.br,71 99245-9375,dormant,2024-12-26,2024-12-26,1,374.87,True,False,True,True,2024-02-27 03:06:00+00:00
233,Luiz Gustavo,Gonçalves,luizgustavo.dias606@bol.com.br,91993564651,regular,2025-12-01,2026-06-20,4,1598.62,True,False,False,True,2025-06-11 03:06:00+00:00
234,Murilo,Pastor,murilo.nogueira147@yahoo.com.br,+55 17 97374-1672,premium,2025-07-11,2026-06-29,15,9239.42,True,False,True,True,2024-03-12 03:06:00+00:00
235,Ana Júlia,da Costa,anajúlia.dacunha758@yahoo.com.br,,regular,2025-07-31,2026-04-27,4,673.09,True,False,False,True,2024-12-13 03:06:00+00:00
236,Lavínia,Vieira,lavínia.garcia817@hotmail.com,77 99796-8868,novo,,,0,0.0,True,False,False,True,2026-06-20 03:06:00+00:00
237,Brayan,Vieira,brayan.fonseca25@icloud.com,+55 41 91352-9096,dormant,2025-01-31,2025-01-31,1,259.27,True,False,True,True,2024-05-07 03:06:00+00:00
238,Bianca,Vieira,bianca.lopes429@hotmail.com,,regular,2025-08-13,2026-06-12,3,1081.74,True,False,False,True,2025-08-17 03:06:00+00:00
239,Antônio,Brito,antônio.daluz116@uol.com.br,,dormant,2025-02-01,2025-02-01,1,218.96,True,False,False,True,2024-01-21 03:06:00+00:00
240,Nina,Souza,nina.moreira59@icloud.com,+55 88 97567-9825,regular,2025-12-16,2026-05-31,4,1485.09,True,True,False,True,2025-02-11 03:06:00+00:00
241,Benicio,Mendes,benicio.caldeira48@bol.com.br,66 91125-4573,premium,2024-09-09,2026-06-04,9,8773.95,True,False,False,True,2024-02-22 03:06:00+00:00
242,Raquel,Mendes,raquel.ferreira220@live.com,+55 44 97751-4010,regular,2026-01-28,2026-05-25,4,1395.73,True,False,False,True,2025-02-01 03:06:00+00:00
243,Caroline,Ramos,caroline.caldeira59@yahoo.com.br,+55 95 98282-5867,regular,2025-09-07,2026-04-11,3,1861.76,True,False,False,True,2025-07-15 03:06:00+00:00
244,Ravi,Guerra,ravi.pires62@yahoo.com.br,+55 77 96609-3796,novo,,,0,0.0,True,False,False,True,2026-03-02 03:06:00+00:00
245,Heloisa,Abreu,heloisa.santos790@uol.com.br,+55 84 94191-8255,regular,2025-09-10,2026-05-28,4,1974.96,True,False,False,True,2025-09-06 03:06:00+00:00
246,Matteo,Marques,MaTTeO.CAmArgO828@Bol.com.Br,91 98596-9691,novo,,,0,0.0,False,True,True,True,2026-06-15 03:06:00+00:00
247,Cecília,Fogaça,cecília.marques442@yahoo.com.br,21 99912-5134,premium,2025-10-26,2026-06-01,14,7077.72,True,False,True,True,2024-01-12 03:06:00+00:00
248,Igor,Cirino,igor.freitas920@yahoo.com.br,96 96692-9662,regular,2026-02-10,2026-06-09,4,817.45,True,True,False,True,2025-01-09 03:06:00+00:00
249,Mariah,Porto,mariah.nascimento189@yahoo.com.br,+55 69 97422-5790,regular,2025-11-20,2026-04-04,4,1887.57,True,False,False,True,2025-08-06 03:06:00+00:00
250,Elisa,Albuquerque,elisa.mendonça655@yahoo.com.br,,dormant,2025-10-01,2025-10-01,1,310.88,True,False,True,True,2024-05-02 03:06:00+00:00
251,Mathias,Gomes,mathias.novais118@icloud.com,92 96767-7219,dormant,2025-12-20,2025-12-20,1,479.09,True,False,False,True,2024-04-24 03:06:00+00:00
252,Bento,Vieira,bento.teixeira926@uol.com.br,18 90438-4279,premium,2024-08-01,2026-06-14,18,10567.59,True,False,False,True,2025-05-22 03:06:00+00:00
253,Maya,Novaes,MAYa.morAES179@hotmail.COm,+55 49 94858-0783,novo,,,0,0.0,True,False,False,True,2026-04-20 03:06:00+00:00
254,Laís,Caldeira,laís.sousa13@uol.com.br,21 90745-1713,regular,2025-10-18,2026-04-03,4,1665.2,True,False,False,True,2024-12-30 03:06:00+00:00
255,Otto,Sousa,otto.pastor424@terra.com.br,69929233095,premium,2024-08-30,2026-06-05,21,7742.7,True,False,False,True,2024-04-23 03:06:00+00:00
256,Sophia,da Mota,sophia.peixoto936@icloud.com,+5571954494812,dormant,2024-07-26,2024-07-26,1,106.86,True,False,False,True,2025-06-04 03:06:00+00:00
257,Juliana,Araújo,juliana.damota428@yahoo.com.br,+55 55 93253-6729,dormant,2024-10-20,2024-10-20,1,409.87,True,False,False,True,2024-12-31 03:06:00+00:00
258,Vitor Gabriel,Pires,vitorgabriel.leão188@outlook.com.br,79 91168-4577,regular,2025-10-24,2026-05-02,4,1898.48,True,False,False,True,2025-03-27 03:06:00+00:00
259,Beatriz,Pacheco,beatriz.abreu406@hotmail.com,82 95186-3637,regular,2025-09-08,2026-05-29,3,714.5,True,True,False,True,2025-06-27 03:06:00+00:00
260,Vitor Gabriel,Duarte,vitorgabriel.dapaz308@terra.com.br,+55 55 99750-0170,dormant,2024-09-02,2024-09-02,1,443.33,True,False,True,True,2024-06-18 03:06:00+00:00
261,Josué,Castro,josué.macedo950@live.com,+55 11 96324-2415,dormant,2025-02-08,2025-02-08,1,182.28,True,False,True,True,2025-03-19 03:06:00+00:00
262,Theodoro,,theodoro.barros156@terra.com.br,+55 69 90643-6110,dormant,2025-03-22,2025-03-22,1,243.49,True,False,True,True,2025-06-23 03:06:00+00:00
263,Paulo,Mendes,paulo.barbosa567@yahoo.com.br,+55 89 98700-5162,premium,2024-09-10,2026-06-09,24,8628.1,True,False,True,True,2024-03-22 03:06:00+00:00
264,Maria Liz,Barbosa,marializ.daconceição843@outlook.com.br,+5542911554262,novo,,,0,0.0,True,False,False,True,2026-05-16 03:06:00+00:00
265,João Pedro,Azevedo,joãopedro.moura683@gmail.com,+55 69 97532-6973,regular,2026-02-05,2026-06-24,2,1348.67,False,True,False,True,2025-06-24 03:06:00+00:00
266,Erick,Brito,erick.carvalho817@hotmail.com,53956523413,regular,2025-07-03,2026-06-24,4,898.24,True,False,False,True,2025-05-10 03:06:00+00:00
267,Alice,Vasconcelos,alice.sales177@gmail.com,22938983640,regular,2025-07-29,2026-05-01,2,1559.37,True,False,False,True,2025-07-13 03:06:00+00:00
268,Rhavi,Monteiro,rhavi.gomes808@hotmail.com,+55 94 97918-0552,regular,2025-11-16,2026-06-14,3,1892.95,True,False,True,True,2025-04-03 03:06:00+00:00
269,Hellena,Nunes,hellena.leão510@terra.com.br,+55 73 97109-1043,regular,2025-11-01,2026-06-25,3,765.79,True,False,False,True,2025-03-23 03:06:00+00:00
270,Bruno,Araújo,bruno.vieira162@outlook.com.br,95 94866-6188,dormant,2025-07-03,2025-07-03,1,182.78,True,False,False,True,2024-07-03 03:06:00+00:00
271,Leandro,da Mota,leandro.barros726@bol.com.br,+55 38 98328-5691,regular,2025-07-26,2026-05-09,2,1239.23,True,False,False,True,2024-12-06 03:06:00+00:00
272,Ana Luiza,Sampaio,analuiza.lopes471@uol.com.br,+55 31 93161-7990,premium,2025-05-05,2026-06-20,12,10541.4,True,False,False,True,2024-07-26 03:06:00+00:00
273,Ana Luiza,Rios,analuiza.sousa549@yahoo.com.br,+55 51 90202-7588,premium,2024-08-06,2026-06-29,13,13644.07,False,False,False,True,2024-07-11 03:06:00+00:00
274,Valentim,Cavalcante,valentim.freitas959@yahoo.com.br,12 91056-4814,regular,2025-08-22,2026-05-03,3,889.51,True,False,False,True,2025-04-03 03:06:00+00:00
275,Eduardo,Monteiro,eduardo.marques111@icloud.com,45 90792-5241,regular,2025-09-05,2026-06-08,3,1735.33,True,True,False,True,2025-04-21 03:06:00+00:00
276,Igor,da Conceição,igor.sousa166@icloud.com,+55 11 90030-7562,dormant,2025-05-08,2025-05-08,1,149.56,True,True,False,True,2025-04-25 03:06:00+00:00
277,Luiz Henrique,Andrade,luizhenrique.novaes6@outlook.com.br,,regular,2026-03-07,2026-05-14,4,1297.36,True,False,True,True,2025-09-29 03:06:00+00:00
278,Pietro,Duarte,pietro.dacruz462@outlook.com.br,31 94195-1802,regular,2025-08-06,2026-05-26,4,1660.36,True,True,False,True,2025-06-26 03:06:00+00:00
279,Pietro,Moreira,pietro.aparecida50@outlook.com.br,+55 34 97445-1870,regular,2025-08-06,2026-04-23,3,1306.67,True,True,False,True,2024-12-12 03:06:00+00:00
280,Emilly,Costa,emilly.darocha287@bol.com.br,+55 95 97597-3832,regular,2026-02-16,2026-04-25,4,1937.18,True,False,False,True,2025-01-13 03:06:00+00:00
281,Anthony Gabriel,Jesus,anthonygabriel.alves230@uol.com.br,41 90506-4138,regular,2025-10-11,2026-06-07,3,1736.71,True,False,True,True,2025-06-04 03:06:00+00:00
282,Renan,Leão,renan.mendonça890@gmail.com,+55 63 94103-8657,regular,2025-12-17,2026-06-19,4,1339.11,True,True,False,True,2024-12-09 03:06:00+00:00
283,Enzo Gabriel,Pacheco,enzogabriel.brito454@icloud.com,+55 61 96199-0623,regular,2025-07-25,2026-06-27,4,898.89,True,False,False,True,2025-07-20 03:06:00+00:00
284,Ana,da Luz,ana.dias175@outlook.com.br,33 95743-1329,regular,2025-08-08,2026-06-05,2,740.34,True,False,False,True,2025-07-22 03:06:00+00:00
285,Henrique,Cassiano,henrique.caldeira116@yahoo.com.br,,premium,2024-11-23,2026-06-08,15,2308.2,True,False,False,True,2024-02-19 03:06:00+00:00
286,Manuella,Martins,manuella.dias784@outlook.com.br,+5551985374741,novo,,,0,0.0,True,True,False,True,2026-03-31 03:06:00+00:00
287,Fernando,Castro,fernando.rodrigues900@bol.com.br,+55 22 93521-3568,dormant,2025-10-22,2025-10-22,1,369.25,True,False,False,True,2024-10-16 03:06:00+00:00
288,Carlos Eduardo,Rocha,carloseduardo.darosa63@bol.com.br,+55 73 90678-8317,regular,2025-12-05,2026-05-14,2,634.87,True,False,False,True,2025-07-20 03:06:00+00:00
289,Gustavo,Vieira,gustavo.carvalho797@hotmail.com,+55 14 90323-6519,novo,,,0,0.0,True,False,False,True,2026-01-19 03:06:00+00:00
290,Valentim,Barbosa,valentim.almeida831@hotmail.com,+55 82 97215-1070,regular,2026-03-03,2026-05-16,2,1741.03,True,False,False,True,2025-01-02 03:06:00+00:00
291,Lucca,Oliveira,lucca.lopes932@outlook.com.br,93 90662-5324,novo,,,0,0.0,True,True,True,True,2026-04-26 03:06:00+00:00
292,Alana,Machado,alana.cassiano638@gmail.com,+5595947687014,regular,2025-11-16,2026-06-23,3,545.03,True,True,True,True,2025-07-28 03:06:00+00:00
293,Hadassa,Carvalho,hadassa.leão181@uol.com.br,+55 96 98065-7875,novo,,,0,0.0,True,False,False,False,2026-03-01 03:06:00+00:00
294,Milena,Duarte,milena.gomes907@bol.com.br,+5575905930407,regular,2025-09-05,2026-04-16,3,880.38,True,True,False,True,2025-08-18 03:06:00+00:00
295,Sofia,Fogaça,sofia.vargas296@uol.com.br,+55 67 91334-8039,premium,2025-07-04,2026-06-28,7,10794.29,False,False,False,False,2024-08-24 03:06:00+00:00
296,Hellena,Fogaça,hellena.cavalcanti737@yahoo.com.br,+55 93 99559-0599,regular,2025-08-08,2026-06-08,2,1475.64,True,False,True,True,2025-04-02 03:06:00+00:00
297,João Miguel,Nunes,joãomiguel.correia424@live.com,,regular,2025-08-19,2026-05-13,3,622.4,True,True,True,True,2025-01-01 03:06:00+00:00
298,Vitória,das Neves,vitória.cavalcanti569@live.com,,regular,2025-11-28,2026-06-06,2,1365.32,True,False,False,True,2025-06-16 03:06:00+00:00
299,Breno,Borges,breno.araújo36@uol.com.br,+55 88 90870-5932,regular,2025-08-28,2026-05-28,2,1850.4,True,False,False,True,2025-04-23 03:06:00+00:00
300,Carolina,Silva,carolina.cavalcanti661@terra.com.br,+5532902921851,premium,2025-01-30,2026-06-17,10,10900.14,True,False,True,True,2025-02-14 03:06:00+00:00
301,Evelyn,Santos,evelyn.ribeiro773@outlook.com.br,+55 45 95452-2675,regular,2026-02-18,2026-05-30,4,948.17,True,False,False,True,2025-01-04 03:06:00+00:00
302,Luiz Fernando,Santos,luizfernando.novais645@terra.com.br,+55 89 99264-4220,novo,,,0,0.0,True,True,False,True,2026-01-22 03:06:00+00:00
303,Heloísa,Vargas,heloísa.nunes608@gmail.com,+55 75 99593-9172,regular,2026-03-17,2026-06-10,2,631.47,True,False,False,True,2025-08-19 03:06:00+00:00
304,Bianca,Souza,bianca.barbosa8@uol.com.br,41 95215-7043,regular,2025-09-10,2026-04-07,4,1499.93,True,True,False,True,2025-06-17 03:06:00+00:00
305,Theo,Sales,thEO.aZevEDo909@tERra.coM.BR,+55 98 91006-7626,premium,2025-02-12,2026-06-05,15,13800.56,False,False,False,True,2024-05-11 03:06:00+00:00
306,Marina,Garcia,marina.ferreira630@icloud.com,49 91793-2710,dormant,2025-01-19,2025-01-19,1,188.26,True,True,False,True,2024-04-24 03:06:00+00:00
307,Ana Beatriz,Almeida,anabeatriz.dias541@bol.com.br,+55 46 91526-2181,regular,2025-09-06,2026-05-31,3,1248.95,True,False,True,False,2025-07-03 03:06:00+00:00
308,Camila,Peixoto,camila.pimenta246@live.com,,dormant,2024-08-30,2024-08-30,1,416.18,True,True,False,True,2024-02-03 03:06:00+00:00
309,Bento,Lopes,bento.rezende742@yahoo.com.br,73 92015-3368,dormant,2024-08-04,2024-08-04,1,354.03,True,False,False,True,2024-05-05 03:06:00+00:00
310,Valentina,da Luz,valentina.ribeiro920@bol.com.br,21 93106-9872,premium,2025-07-30,2026-06-02,18,3928.68,True,False,False,True,2024-05-19 03:06:00+00:00
311,Cauê,Fonseca,cauê.abreu986@outlook.com.br,+55 42 94973-1032,premium,2025-04-09,2026-06-26,15,12288.33,True,False,True,True,2024-01-23 03:06:00+00:00
312,Ana,Barros,ana.melo390@hotmail.com,,novo,,,0,0.0,True,False,True,False,2026-03-27 03:06:00+00:00
313,Ana Liz,Viana,analiz.gonçalves524@live.com,,novo,,,0,0.0,True,False,False,True,2026-05-17 03:06:00+00:00
314,Mariana,Ribeiro,mariana.daluz487@hotmail.com,,regular,2025-09-04,2026-05-23,4,783.93,True,False,True,True,2025-04-01 03:06:00+00:00
315,Yasmin,Gomes,yasmin.cirino605@terra.com.br,51 95270-4774,dormant,2024-08-17,2024-08-17,1,259.75,False,False,True,True,2025-01-02 03:06:00+00:00
316,Rael,,rael.damata433@gmail.com,+55 65 91158-6938,regular,2026-02-08,2026-05-02,4,1681.61,True,False,False,True,2025-01-26 03:06:00+00:00
317,Davi,Gomes,davi.moreira975@outlook.com.br,86 99374-1608,regular,2026-03-25,2026-04-07,2,1224.94,True,False,False,True,2025-04-12 03:06:00+00:00
318,Pietra,Oliveira,pietra.rocha828@yahoo.com.br,+55 51 97223-3206,dormant,2025-05-21,2025-05-21,1,400.02,True,False,False,True,2024-05-07 03:06:00+00:00
319,Emanuel,Rodrigues,emanuel.lopes369@uol.com.br,+55 64 99451-1686,dormant,2024-12-30,2024-12-30,1,105.48,True,True,True,True,2024-05-12 03:06:00+00:00
320,Aylla,da Mota,aylla.moreira846@live.com,+55 14 99986-1622,premium,2025-09-13,2026-06-21,23,6304.9,True,False,False,True,2024-11-16 03:06:00+00:00
321,Guilherme,Caldeira,guilherme.nunes518@hotmail.com,17 98564-6799,premium,2025-08-07,2026-06-08,17,4203.55,True,False,False,True,2024-07-04 03:06:00+00:00
322,Maria Júlia,Andrade,mariajúlia.cavalcanti111@bol.com.br,63 92996-0653,dormant,2025-12-19,2025-12-19,1,158.3,True,False,False,True,2024-06-27 03:06:00+00:00
323,Carlos Eduardo,,carloseduardo.souza275@live.com,12 95054-4471,dormant,2024-07-11,2024-07-11,1,310.26,True,True,True,True,2024-10-26 03:06:00+00:00
324,Rafael,Carvalho,rafael.darosa638@live.com,32 94691-3736,regular,2026-02-15,2026-04-19,4,1094.0,True,False,False,True,2025-02-10 03:06:00+00:00
325,Maria Vitória,Teixeira,mariavitória.moreira627@terra.com.br,+55 31 98214-8628,regular,2025-11-07,2026-04-04,3,1908.0,True,False,False,True,2025-02-21 03:06:00+00:00
326,Benjamin,Cavalcanti,benjamin.correia435@uol.com.br,+55 31 93070-5345,premium,2025-05-02,2026-06-17,10,6297.29,True,False,False,True,2024-01-20 03:06:00+00:00
327,Maria Fernanda,Montenegro,mariafernanda.gonçalves401@hotmail.com,+55 18 93579-7279,regular,2025-07-27,2026-05-23,2,1244.36,True,True,False,True,2025-07-21 03:06:00+00:00
328,Clara,Ferreira,clara.castro241@bol.com.br,+55 43 94060-2933,premium,2024-10-30,2026-06-13,5,4551.83,True,False,False,True,2024-02-14 03:06:00+00:00
329,Rael,Rocha,rael.costela182@bol.com.br,64 98007-2290,dormant,2024-10-20,2024-10-20,1,170.96,True,False,False,True,2024-05-30 03:06:00+00:00
330,Pietro,da Cunha,pietro.pereira551@bol.com.br,14 96657-4374,dormant,2024-12-17,2024-12-17,1,310.54,True,False,True,True,2024-08-11 03:06:00+00:00
331,Raquel,Pinto,raquel.gonçalves143@hotmail.com,+55 12 98589-9441,regular,2025-07-18,2026-06-17,4,1494.54,True,True,False,True,2025-01-17 03:06:00+00:00
332,Maria Luísa,Azevedo,marialuísa.fernandes521@bol.com.br,,premium,2025-07-22,2026-06-06,9,3795.63,True,True,False,True,2024-10-11 03:06:00+00:00
333,Aylla,da Mota,aylla.daluz615@bol.com.br,+55 79 92830-9652,dormant,2025-07-07,2025-07-07,1,186.52,True,False,True,True,2024-12-21 03:06:00+00:00
334,Benjamim,Rezende,benjamim.monteiro13@bol.com.br,+55 99 96660-9935,premium,2025-06-24,2026-06-25,7,6058.47,True,True,True,True,2024-03-26 03:06:00+00:00
335,Pedro Miguel,Rodrigues,pedromiguel.nascimento547@live.com,44 98428-2417,dormant,2024-09-22,2024-09-22,1,219.5,True,False,False,True,2024-09-04 03:06:00+00:00
336,José Miguel,Sousa,josémiguel.daluz554@icloud.com,+55 75 95135-3465,regular,2026-03-27,2026-06-06,3,1646.98,True,False,False,True,2025-03-03 03:06:00+00:00
337,Esther,da Luz,esther.pacheco894@bol.com.br,83 91709-9917,regular,2025-10-08,2026-06-09,3,1168.11,True,True,True,True,2025-08-11 03:06:00+00:00
338,Mathias,Montenegro,mathias.campos905@outlook.com.br,21 96022-3569,regular,2025-07-30,2026-06-23,3,878.47,True,False,False,True,2024-12-25 03:06:00+00:00
339,Maria Cecília,Casa Grande,mariacecília.dias929@yahoo.com.br,+55 38 97525-0074,dormant,2024-10-27,2024-10-27,1,321.94,True,True,True,True,2024-06-12 03:06:00+00:00
340,Otto,Teixeira,otto.vasconcelos317@yahoo.com.br,+55 67 97129-6666,regular,2025-09-08,2026-04-12,4,1418.01,True,False,False,True,2025-07-17 03:06:00+00:00
341,Maria Liz,Gomes,marializ.abreu361@gmail.com,+55 83 95058-3003,regular,2025-07-07,2026-06-29,3,1867.27,True,False,False,True,2025-08-31 03:06:00+00:00
342,Rael,Sales,rael.ferreira927@bol.com.br,+55 55 91689-4210,regular,2025-09-05,2026-04-13,4,874.96,True,False,False,True,2025-07-07 03:06:00+00:00
343,Ana Cecília,da Rocha,anacecília.marques634@icloud.com,37 96257-5326,regular,2026-01-07,2026-05-22,4,1628.17,True,False,True,True,2025-07-15 03:06:00+00:00
344,Arthur Miguel,da Conceição,arthurmiguel.câmara709@yahoo.com.br,+55 86 90982-1506,premium,2024-11-06,2026-06-03,6,4181.59,True,False,True,True,2024-01-23 03:06:00+00:00
345,Thomas,Vargas,thomas.nascimento59@gmail.com,+55 27 91001-6761,regular,2026-01-05,2026-04-03,3,662.04,True,False,False,True,2025-08-09 03:06:00+00:00
346,Ágatha,da Cunha,ágatha.melo977@yahoo.com.br,+5584904618499,dormant,2025-10-23,2025-10-23,1,400.12,True,False,False,True,2024-10-31 03:06:00+00:00
347,João Guilherme,Leão,joãoguilherme.caldeira882@icloud.com,+55 51 94117-3934,novo,,,0,0.0,True,False,True,True,2026-06-24 03:06:00+00:00
348,Rebeca,,rebeca.costa65@terra.com.br,64 94208-7375,dormant,2025-03-22,2025-03-22,1,133.21,True,True,True,True,2024-01-19 03:06:00+00:00
349,Ravy,Abreu,ravy.albuquerque402@hotmail.com,+55 48 99721-8114,dormant,2025-09-14,2025-09-14,1,123.93,True,False,False,True,2024-04-22 03:06:00+00:00
350,Ravi,Marques,ravi.darocha820@bol.com.br,83 90120-4556,novo,,,0,0.0,True,True,False,True,2026-05-09 03:06:00+00:00
351,Igor,Brito,igor.teixeira65@gmail.com,+5513922557941,premium,2025-02-09,2026-06-18,11,4589.86,True,False,False,True,2025-01-25 03:06:00+00:00
352,Esther,Fernandes,esther.cirino125@hotmail.com,62 96746-7621,dormant,2025-08-26,2025-08-26,1,235.04,True,False,True,True,2024-04-24 03:06:00+00:00
353,João,Sampaio,joão.silveira461@gmail.com,+55 67 91697-9729,regular,2026-02-06,2026-04-27,4,1549.39,True,False,True,True,2025-02-27 03:06:00+00:00
354,Gabrielly,Vasconcelos,gabrielly.fogaça334@gmail.com,+55 55 97716-7014,novo,,,0,0.0,True,True,True,True,2026-06-06 03:06:00+00:00
355,Ana Sophia,Albuquerque,anasophia.santos903@icloud.com,+55 89 95889-1637,dormant,2025-12-23,2025-12-23,1,466.84,True,True,False,True,2025-04-07 03:06:00+00:00
356,Cecilia,Ribeiro,cecilia.rocha682@outlook.com.br,+55 65 98900-2877,regular,2025-09-05,2026-04-27,4,1638.97,True,False,False,True,2025-03-31 03:06:00+00:00
357,Lucas,Barbosa,lucas.sá790@live.com,32 93540-8386,regular,2025-12-06,2026-05-23,2,1414.72,True,False,False,True,2025-08-24 03:06:00+00:00
358,Isis,,isis.dacosta889@hotmail.com,82 97971-7751,novo,,,0,0.0,True,True,False,True,2026-01-17 03:06:00+00:00
359,Maysa,Souza,maysa.rezende152@gmail.com,+55 46 96608-8019,regular,2026-03-16,2026-04-18,2,1399.06,True,False,True,True,2025-09-20 03:06:00+00:00
360,Ana Júlia,Moraes,anajúlia.novais265@uol.com.br,81 95503-7589,dormant,2024-07-13,2024-07-13,1,442.68,True,True,False,True,2025-02-02 03:06:00+00:00
361,Maria Júlia,Silva,mariajúlia.ribeiro273@terra.com.br,79 91130-5548,regular,2026-02-06,2026-06-04,4,1150.54,True,True,False,True,2025-03-18 03:06:00+00:00
362,Rebeca,Freitas,rebeca.sampaio830@hotmail.com,,dormant,2025-08-11,2025-08-11,1,78.13,True,False,False,True,2024-04-20 03:06:00+00:00
363,Caleb,Cavalcante,caleb.monteiro666@yahoo.com.br,64 91493-3163,dormant,2024-10-23,2024-10-23,1,267.17,True,True,False,True,2025-04-29 03:06:00+00:00
364,Maria Cecília,Viana,mariacecília.correia781@terra.com.br,+55 47 96091-7798,novo,,,0,0.0,True,False,False,True,2026-05-29 03:06:00+00:00
365,João Felipe,Monteiro,joãofelipe.abreu254@icloud.com,+55 27 98697-8292,regular,2025-07-08,2026-05-21,3,1400.38,True,False,True,True,2025-06-26 03:06:00+00:00
366,José Miguel,Caldeira,josémiguel.gomes18@terra.com.br,95 96693-4654,regular,2026-02-13,2026-06-11,4,787.6,True,True,False,True,2025-01-15 03:06:00+00:00
367,Marcela,Carvalho,marcela.carvalho387@outlook.com.br,97 94858-3339,dormant,2025-10-01,2025-10-01,1,335.9,True,True,True,True,2024-01-24 03:06:00+00:00
368,Amanda,Rodrigues,amanda.ferreira631@yahoo.com.br,+55 74 98851-5879,novo,,,0,0.0,True,False,True,True,2026-04-18 03:06:00+00:00
369,Lara,Rocha,lara.souza769@icloud.com,17 96081-0620,dormant,2025-06-02,2025-06-02,1,220.88,True,True,True,True,2025-03-07 03:06:00+00:00
370,Daniel,Costa,daniel.damata307@yahoo.com.br,,dormant,2025-12-31,2025-12-31,1,161.97,True,False,True,True,2024-02-02 03:06:00+00:00
371,Allana,Rodrigues,allana.dacunha874@yahoo.com.br,+55 32 94380-5719,regular,2025-08-09,2026-05-11,2,1707.68,True,False,False,True,2025-04-20 03:06:00+00:00
372,Pietro,Souza,pietro.ramos86@icloud.com,54938406665,dormant,2025-05-05,2025-05-05,1,298.77,True,False,True,True,2024-09-15 03:06:00+00:00
373,Cauê,Albuquerque,cauê.souza984@bol.com.br,+55 83 99735-9893,dormant,2025-03-10,2025-03-10,1,255.57,True,True,False,True,2024-09-26 03:06:00+00:00
374,Mathias,da Rocha,mathias.machado57@yahoo.com.br,+55 37 92281-6064,regular,2025-09-01,2026-06-28,4,1156.85,True,False,False,True,2025-09-16 03:06:00+00:00
375,Vinícius,Cardoso,vinícius.castro766@bol.com.br,+55 12 95720-2590,regular,2025-10-07,2026-06-19,3,1106.36,True,True,False,True,2025-03-24 03:06:00+00:00
376,Ana Julia,Mendonça,anajulia.vieira741@icloud.com,44 91583-2818,regular,2026-02-27,2026-05-08,2,643.46,True,False,False,True,2025-09-16 03:06:00+00:00
377,Liam,Leão,liam.nogueira891@icloud.com,63 91533-5554,regular,2025-07-18,2026-06-23,3,1065.48,True,False,False,True,2024-12-26 03:06:00+00:00
378,Pedro Henrique,Sá,pedrohenrique.pinto397@icloud.com,86 98015-7399,dormant,2025-07-08,2025-07-08,1,109.08,True,False,False,True,2024-07-09 03:06:00+00:00
379,Ryan,Aparecida,ryan.rodrigues710@terra.com.br,51 91648-4085,dormant,2025-05-26,2025-05-26,1,68.15,True,False,True,True,2024-02-26 03:06:00+00:00
380,Olívia,Moraes,olívia.machado255@live.com,+5524943581128,novo,,,0,0.0,False,False,False,True,2026-06-02 03:06:00+00:00
381,Sophie,Abreu,sophie.pires756@hotmail.com,+55 85 93613-8612,regular,2025-12-20,2026-05-03,3,780.4,True,False,False,True,2025-07-18 03:06:00+00:00
382,Benicio,Marques,benicio.silva307@terra.com.br,+55 21 91102-4819,dormant,2025-07-04,2025-07-04,1,78.71,True,True,True,True,2024-09-02 03:06:00+00:00
383,Rafael,da Luz,rafael.jesus610@outlook.com.br,79 96650-6180,regular,2026-01-29,2026-04-13,3,1611.3,True,False,False,True,2025-01-17 03:06:00+00:00
384,Davi Lucas,Sá,davilucas.souza866@gmail.com,+55 35 95814-4914,novo,,,0,0.0,True,True,False,True,2026-04-22 03:06:00+00:00
385,Luna,Garcia,luna.gonçalves919@gmail.com,86 92832-6842,premium,2024-09-17,2026-06-22,11,5333.37,True,False,True,True,2024-11-01 03:06:00+00:00
386,Ana Cecília,Rocha,anacecília.vieira689@terra.com.br,+55 13 98821-0099,regular,2025-09-19,2026-04-05,4,1165.35,True,False,False,True,2025-06-12 03:06:00+00:00
387,Isabel,Nascimento,isabel.novaes415@hotmail.com,24 93536-8222,regular,2025-10-19,2026-06-09,4,1957.77,True,True,False,True,2025-05-12 03:06:00+00:00
388,Pedro Miguel,Pimenta,pedromiguel.dacunha820@uol.com.br,+5549929087814,premium,2024-07-05,2026-06-28,25,6325.48,False,False,False,True,2024-08-15 03:06:00+00:00
389,Davi Luiz,da Cunha,daviluiz.brito987@uol.com.br,,regular,2025-08-14,2026-04-13,2,1580.69,True,False,False,False,2025-07-11 03:06:00+00:00
390,Mariah,Farias,mariah.fogaça296@yahoo.com.br,,regular,2025-12-26,2026-04-29,3,515.77,True,True,False,True,2025-02-25 03:06:00+00:00
391,Ravy,Brito,ravy.dapaz219@hotmail.com,+55 81 95775-9492,novo,,,0,0.0,True,False,True,True,2026-04-26 03:06:00+00:00
392,Emanuella,Dias,emanuella.lima605@yahoo.com.br,+55 12 95336-4525,dormant,2025-05-20,2025-05-20,1,419.27,True,False,False,True,2024-08-17 03:06:00+00:00
393,Maria Luiza,Martins,marialuiza.machado184@terra.com.br,24 97812-9142,premium,2025-06-15,2026-06-13,17,6513.5,True,True,False,True,2024-02-13 03:06:00+00:00
394,Stephany,Costa,STEpHAnY.dalUz17@hOtMAiL.com,+55 37 90809-9693,novo,,,0,0.0,True,False,False,True,2026-04-19 03:06:00+00:00
395,Brayan,,brayan.novaes958@bol.com.br,85 92563-9427,regular,2025-10-17,2026-05-12,4,1560.43,True,False,True,True,2025-07-14 03:06:00+00:00
396,Melissa,Moraes,melissa.borges511@outlook.com.br,46 98039-2827,premium,2024-12-09,2026-06-16,23,14455.8,True,True,False,True,2025-01-29 03:06:00+00:00
397,Liam,Cavalcanti,liam.nunes279@yahoo.com.br,88 95037-3145,regular,2026-04-01,2026-06-23,4,1079.43,False,True,True,False,2025-04-02 03:06:00+00:00
398,Ravi Lucca,Aparecida,ravilucca.rios450@uol.com.br,98 95677-0051,dormant,2025-02-18,2025-02-18,1,158.72,True,False,False,False,2024-03-14 03:06:00+00:00
399,Raquel,Porto,raquel.damota179@bol.com.br,+5573966591846,regular,2026-03-30,2026-04-05,3,1126.09,True,False,False,True,2025-07-22 03:06:00+00:00
400,Pietro,Moreira,pietro.guerra138@terra.com.br,41 97790-8272,regular,2025-08-26,2026-04-14,2,1583.62,True,True,True,True,2025-03-07 03:06:00+00:00
401,Raul,Barbosa,raul.moraes688@bol.com.br,+55 86 92225-9136,regular,2025-11-12,2026-06-03,2,1787.48,True,False,False,True,2025-01-15 03:06:00+00:00
402,Bianca,Silveira,bianca.camargo820@live.com,87 97392-6030,premium,2025-05-20,2026-06-02,15,12551.15,True,True,True,True,2024-04-20 03:06:00+00:00
403,José Miguel,Oliveira,josémiguel.pastor525@yahoo.com.br,+55 61 98092-0242,premium,2024-07-04,2026-06-27,20,9400.87,True,True,False,True,2024-02-05 03:06:00+00:00
404,Pietra,Guerra,pietra.peixoto543@gmail.com,16 91379-7723,dormant,2024-11-12,2024-11-12,1,131.79,True,False,False,True,2024-01-21 03:06:00+00:00
405,Juliana,Peixoto,juliana.casagrande893@yahoo.com.br,96 94257-9913,novo,,,0,0.0,True,False,True,True,2026-03-25 03:06:00+00:00
406,Gabriela,Gomes,gabriela.cardoso239@hotmail.com,+55 15 93886-2912,dormant,2024-09-10,2024-09-10,1,439.78,True,False,False,True,2024-09-09 03:06:00+00:00
407,Maria Laura,Pimenta,marialaura.peixoto681@gmail.com,94 91172-9806,novo,,,0,0.0,True,False,False,True,2026-02-14 03:06:00+00:00
408,Rebeca,Leão,rebeca.freitas559@gmail.com,69 93765-9916,regular,2025-08-21,2026-06-04,3,1954.24,True,True,False,True,2025-08-17 03:06:00+00:00
409,João Felipe,da Cunha,joãofelipe.mendes3@uol.com.br,+55 41 94986-4300,regular,2026-03-12,2026-05-22,3,1545.03,True,False,False,True,2025-02-23 03:06:00+00:00
410,Rebeca,Campos,rebeca.moreira291@gmail.com,49 93565-1269,novo,,,0,0.0,False,False,True,True,2026-03-25 03:06:00+00:00
411,Thiago,da Luz,thiago.nascimento258@outlook.com.br,46 99463-6887,regular,2026-01-07,2026-05-12,3,967.48,True,False,True,True,2025-04-10 03:06:00+00:00
412,Luiz Henrique,Freitas,luizhenrique.novais26@icloud.com,88 94495-6213,dormant,2024-11-07,2024-11-07,1,67.91,True,True,False,True,2024-10-20 03:06:00+00:00
413,Maitê,Viana,maitê.sampaio678@yahoo.com.br,+55 45 93865-8902,premium,2025-06-17,2026-06-24,15,6575.09,True,False,False,True,2024-01-20 03:06:00+00:00
414,Heloisa,Porto,heloisa.abreu498@hotmail.com,+55 64 97961-1435,regular,2026-01-12,2026-05-25,3,1629.68,True,False,True,True,2025-07-12 03:06:00+00:00
415,Emanuel,Pereira,emanuel.andrade432@outlook.com.br,62 99849-0277,premium,2025-05-31,2026-06-17,13,5692.76,True,False,False,True,2024-01-12 03:06:00+00:00
416,Antônio,Costa,antônio.ribeiro676@icloud.com,17 93098-8392,dormant,2025-08-26,2025-08-26,1,391.66,True,False,True,True,2024-05-06 03:06:00+00:00
417,Brayan,Fonseca,brayan.dacosta506@gmail.com,+55 67 91465-6693,dormant,2024-07-15,2024-07-15,1,273.75,True,False,False,True,2024-07-03 03:06:00+00:00
418,Rafaela,Albuquerque,rafaela.sousa771@hotmail.com,+55 43 98489-5543,novo,,,0,0.0,True,False,False,True,2026-02-14 03:06:00+00:00
419,Mathias,Marques,mathias.guerra16@gmail.com,+55 99 92681-8184,regular,2025-07-09,2026-04-26,4,1525.14,True,False,False,True,2025-02-28 03:06:00+00:00
420,Carolina,Camargo,carolina.moraes178@bol.com.br,+55 97 97697-3577,regular,2025-10-23,2026-05-13,4,1818.12,True,False,False,True,2025-07-17 03:06:00+00:00
421,Benjamin,Mendes,benjamin.camargo333@bol.com.br,+55 34 96335-6588,dormant,2024-10-20,2024-10-20,1,91.86,True,False,False,True,2024-08-15 03:06:00+00:00
422,Antony,Sampaio,antony.daluz292@uol.com.br,17 91651-8275,premium,2025-12-12,2026-06-26,22,8984.58,True,False,False,True,2024-06-17 03:06:00+00:00
423,Daniela,Cunha,daniela.oliveira243@bol.com.br,+55 75 93733-3433,regular,2025-12-24,2026-05-03,3,1200.53,True,True,True,True,2025-10-02 03:06:00+00:00
424,Nathan,da Cruz,nathan.pinto759@terra.com.br,+55 66 91117-9080,dormant,2025-07-15,2025-07-15,1,252.17,True,True,False,True,2025-04-28 03:06:00+00:00
425,Maria Luísa,Freitas,marialuísa.pinto893@terra.com.br,92 99472-8463,regular,2025-07-16,2026-04-09,3,542.18,True,True,False,True,2025-02-04 03:06:00+00:00
426,José Miguel,Aragão,JOséMigUel.MOurA320@outlOOK.com.BR,87 98085-6271,regular,2025-07-20,2026-05-05,2,1168.83,True,True,False,True,2025-04-16 03:06:00+00:00
427,Rafaela,Marques,rafaela.dias515@gmail.com,+55 14 93691-5594,dormant,2024-09-05,2024-09-05,1,408.38,True,True,False,True,2024-04-12 03:06:00+00:00
428,Marcelo,Novaes,marcelo.daluz693@uol.com.br,12 97955-2763,premium,2025-02-07,2026-06-11,12,13465.68,True,False,False,False,2024-10-03 03:06:00+00:00
429,Larissa,Sampaio,larissa.sá992@terra.com.br,46 96472-9293,dormant,2025-07-19,2025-07-19,1,53.36,True,True,False,True,2025-01-18 03:06:00+00:00
430,Guilherme,Silveira,guilherme.damata72@uol.com.br,71 96322-7026,regular,2025-07-07,2026-06-02,3,1396.45,True,False,True,True,2025-04-26 03:06:00+00:00
431,Melina,Carvalho,melina.pires929@icloud.com,28 97448-9061,novo,,,0,0.0,True,True,False,True,2026-04-23 03:06:00+00:00
432,Luan,Araújo,luan.cunha785@bol.com.br,86 91754-5588,dormant,2024-07-13,2024-07-13,1,200.93,True,True,False,True,2025-03-29 03:06:00+00:00
433,Théo,Ferreira,théo.almeida394@outlook.com.br,+55 53 95939-9824,novo,,,0,0.0,True,True,True,True,2026-05-10 03:06:00+00:00
434,Daniela,,daniela.duarte443@icloud.com,89 97169-4722,regular,2025-11-20,2026-04-24,4,1144.77,True,False,True,False,2025-05-18 03:06:00+00:00
435,Bárbara,Leão,bárbara.pires297@outlook.com.br,+55 35 91253-5544,regular,2025-11-14,2026-05-03,4,1299.96,True,False,False,True,2025-04-13 03:06:00+00:00
436,Isabela,da Mata,isabela.macedo945@terra.com.br,99 97622-0234,novo,,,0,0.0,True,True,False,True,2026-03-07 03:06:00+00:00
437,Emanuel,Costela,emanuel.cavalcante833@outlook.com.br,+55 46 91178-0068,dormant,2025-08-06,2025-08-06,1,330.68,True,False,False,True,2024-05-27 03:06:00+00:00
438,Enzo,Caldeira,enzo.daluz379@yahoo.com.br,+55 41 96433-4722,premium,2025-03-06,2026-06-08,16,4822.34,True,False,True,True,2024-12-03 03:06:00+00:00
439,Sara,Cavalcante,sara.alves673@gmail.com,44 95778-4872,premium,2025-08-25,2026-06-22,15,3859.81,True,False,True,False,2024-01-14 03:06:00+00:00
440,Valentina,Cavalcanti,valentina.pastor255@live.com,73 98845-7831,regular,2025-10-15,2026-04-24,2,1647.72,True,True,False,True,2025-02-21 03:06:00+00:00
441,Luísa,das Neves,luísa.fonseca606@outlook.com.br,+55 99 92400-8254,premium,2024-09-21,2026-06-25,19,3552.84,True,True,False,True,2024-03-21 03:06:00+00:00
442,Maria Isis,Nascimento,mariaisis.albuquerque717@live.com,87 94064-9308,dormant,2025-07-14,2025-07-14,1,90.82,False,False,True,True,2024-02-24 03:06:00+00:00
443,Evelyn,Correia,evelyn.jesus325@icloud.com,73 96326-6341,dormant,2024-08-04,2024-08-04,1,107.06,False,False,False,True,2025-04-07 03:06:00+00:00
444,Lavínia,Pires,lavínia.dacosta79@icloud.com,13 94846-3122,regular,2025-09-28,2026-06-16,2,1042.23,True,True,False,True,2025-07-03 03:06:00+00:00
445,Amanda,Camargo,amanda.porto743@live.com,79 94973-5020,regular,2025-08-26,2026-04-21,3,1359.16,True,False,False,True,2025-06-06 03:06:00+00:00
446,Sophie,Almeida,sophie.cirino218@hotmail.com,16 94270-3120,novo,,,0,0.0,True,False,False,True,2026-01-07 03:06:00+00:00
447,Marina,Cunha,marina.fernandes228@outlook.com.br,27 97570-5120,regular,2026-01-26,2026-06-21,4,1639.28,True,False,False,True,2025-07-04 03:06:00+00:00
448,Vitor,Vasconcelos,vitor.gonçalves813@hotmail.com,,dormant,2024-08-14,2024-08-14,1,433.64,True,True,False,True,2025-01-05 03:06:00+00:00
449,Yasmin,Melo,yasmin.cirino910@uol.com.br,+55 97 96013-6730,regular,2026-03-08,2026-05-02,2,1374.91,False,False,True,True,2024-12-20 03:06:00+00:00
450,Miguel,,miguel.marques182@hotmail.com,,regular,2025-08-10,2026-04-28,2,665.11,True,True,False,True,2025-01-10 03:06:00+00:00
451,Raquel,Rios,raquel.costela613@live.com,54 94520-8814,regular,2025-08-01,2026-06-26,3,1430.84,True,False,True,True,2025-03-04 03:06:00+00:00
452,Maria Luísa,Porto,marialuísa.darosa413@uol.com.br,45 90313-6502,regular,2025-09-23,2026-04-15,3,1231.06,True,False,True,True,2025-04-06 03:06:00+00:00
453,Yuri,Pacheco,yuri.campos560@outlook.com.br,+55 95 90097-9251,dormant,2025-08-14,2025-08-14,1,162.04,True,False,False,True,2025-04-28 03:06:00+00:00
454,Theo,Castro,theo.monteiro865@hotmail.com,37 90052-8127,premium,2025-10-27,2026-06-18,6,13512.27,True,False,False,True,2025-06-24 03:06:00+00:00
455,Ravi Lucca,Dias,ravilucca.novais428@terra.com.br,,premium,2025-04-15,2026-06-03,10,5863.78,True,False,True,False,2024-11-19 03:06:00+00:00
456,Luna,Siqueira,luna.correia274@gmail.com,49 95240-7784,dormant,2024-09-19,2024-09-19,1,366.48,True,False,False,True,2025-03-12 03:06:00+00:00
457,Vitória,Sampaio,vitória.mendonça237@uol.com.br,+55 77 98557-4982,premium,2025-03-22,2026-06-22,5,12441.22,True,False,True,True,2025-03-25 03:06:00+00:00
458,Davi Miguel,Moura,davimiguel.cassiano871@live.com,19 94857-0862,regular,2025-12-11,2026-06-05,3,1671.02,True,False,False,True,2025-09-27 03:06:00+00:00
459,Arthur Miguel,Pinto,arthurmiguel.fonseca380@uol.com.br,32 91863-8782,novo,,,0,0.0,True,True,False,True,2026-04-20 03:06:00+00:00
460,Alexia,Duarte,alexia.jesus793@terra.com.br,+55 48 91810-2203,regular,2026-03-06,2026-04-17,4,930.75,True,False,True,True,2025-03-27 03:06:00+00:00
461,Heitor,Mendonça,heitor.correia339@hotmail.com,+55 19 99678-9940,novo,,,0,0.0,True,True,False,True,2026-06-25 03:06:00+00:00
462,Emanuelly,Câmara,emanuelly.pereira713@hotmail.com,+55 14 93717-0586,dormant,2024-10-15,2024-10-15,1,482.73,True,True,False,True,2025-06-30 03:06:00+00:00
463,Emilly,Vieira,emilly.santos552@gmail.com,12 98014-1381,dormant,2025-08-18,2025-08-18,1,88.31,True,True,True,True,2024-06-25 03:06:00+00:00
464,Guilherme,Silveira,guilherme.daconceição702@icloud.com,53 93383-9288,dormant,2025-12-25,2025-12-25,1,402.32,True,False,False,True,2024-11-13 03:06:00+00:00
465,Kamilly,Souza,kamilly.caldeira79@terra.com.br,82 96122-8685,premium,2025-12-24,2026-06-29,24,11469.49,True,False,False,True,2024-04-18 03:06:00+00:00
466,Levi,Nascimento,levi.peixoto653@live.com,43 95855-6659,dormant,2024-12-29,2024-12-29,1,137.0,True,False,False,True,2024-11-15 03:06:00+00:00
467,Rodrigo,Nunes,rodrigo.nogueira551@uol.com.br,49 98457-7600,dormant,2025-09-06,2025-09-06,1,236.5,True,False,False,True,2024-10-26 03:06:00+00:00
468,Alice,Peixoto,alice.almeida80@icloud.com,+55 61 94043-3504,dormant,2025-06-24,2025-06-24,1,170.71,True,False,False,True,2025-03-25 03:06:00+00:00
469,Nina,Novais,nina.oliveira233@yahoo.com.br,+55 44 90752-2459,novo,,,0,0.0,True,False,False,True,2026-03-30 03:06:00+00:00
470,Theo,da Conceição,theo.dacunha223@bol.com.br,,dormant,2025-01-10,2025-01-10,1,462.17,True,True,False,True,2025-06-13 03:06:00+00:00
471,Francisco,Oliveira,francisco.guerra240@uol.com.br,+55 37 95727-9194,dormant,2024-12-27,2024-12-27,1,360.58,True,True,False,True,2025-03-29 03:06:00+00:00
472,Breno,Siqueira,breno.oliveira598@outlook.com.br,+55 38 90556-6139,regular,2025-09-10,2026-06-03,3,710.76,True,True,False,True,2025-02-06 03:06:00+00:00
473,Antônio,Porto,antônio.vasconcelos528@outlook.com.br,+55 28 94805-8925,dormant,2025-07-05,2025-07-05,1,191.56,True,False,False,True,2024-04-18 03:06:00+00:00
474,Milena,Sampaio,milena.câmara402@yahoo.com.br,+55 27 96799-8136,regular,2025-10-02,2026-04-29,4,1004.52,True,True,False,True,2025-03-08 03:06:00+00:00
475,Amanda,Viana,amanda.gonçalves633@yahoo.com.br,+55 55 95179-0864,dormant,2025-02-22,2025-02-22,1,298.72,True,False,False,True,2024-11-27 03:06:00+00:00
476,Enzo Gabriel,Guerra,enzogabriel.montenegro690@outlook.com.br,+55 55 92783-7693,premium,2025-09-11,2026-06-08,16,12934.25,True,False,False,True,2024-08-22 03:06:00+00:00
477,Sabrina,da Cruz,sabrina.dacruz113@hotmail.com,12 96591-1665,regular,2026-02-16,2026-05-02,3,1230.13,True,False,True,True,2025-04-10 03:06:00+00:00
478,Cecília,Correia,cecília.duarte290@terra.com.br,+55 17 94259-7927,novo,,,0,0.0,True,False,False,False,2026-02-09 03:06:00+00:00
479,Caio,da Conceição,caio.costa914@terra.com.br,+55 66 91103-9240,regular,2025-11-15,2026-04-20,2,1405.69,True,False,True,True,2025-05-28 03:06:00+00:00
480,Caroline,Sales,caroline.camargo605@bol.com.br,79 97053-8338,premium,2025-11-28,2026-06-26,15,2467.55,True,True,True,True,2024-11-28 03:06:00+00:00
481,Rebeca,Sá,rebeca.daluz455@icloud.com,88 99206-9804,dormant,2025-01-08,2025-01-08,1,386.26,True,True,False,True,2024-01-26 03:06:00+00:00
482,Luigi,Araújo,luigi.dapaz805@uol.com.br,,novo,,,0,0.0,True,False,True,True,2026-01-19 03:06:00+00:00
483,Vitor Hugo,Aragão,vitorhugo.martins538@gmail.com,+55 34 96451-0463,premium,2025-02-12,2026-06-04,15,7979.25,True,True,False,True,2024-08-14 03:06:00+00:00
484,Gabrielly,Moraes,gabrielly.santos627@hotmail.com,28 97981-2387,premium,2025-01-27,2026-06-29,5,8783.8,True,False,False,True,2025-05-15 03:06:00+00:00
485,Augusto,Aparecida,augusto.dacruz922@icloud.com,24 95762-0555,premium,2025-12-27,2026-06-10,9,4469.13,True,False,False,False,2025-03-10 03:06:00+00:00
486,Ana Julia,da Costa,anajulia.montenegro149@bol.com.br,+55 32 94608-4325,premium,2024-09-16,2026-06-11,12,9395.98,True,True,False,True,2024-07-18 03:06:00+00:00
487,Isabel,Ribeiro,isabel.carvalho901@hotmail.com,51 98936-3926,regular,2025-12-29,2026-05-13,4,1076.03,True,False,True,True,2025-03-27 03:06:00+00:00
488,Ana Lívia,Pereira,analívia.farias852@live.com,+55 55 93298-3248,regular,2025-08-29,2026-04-15,3,693.6,True,False,False,True,2025-08-22 03:06:00+00:00
489,João Gabriel,Lopes,joãogabriel.vargas873@yahoo.com.br,+55 67 95188-1252,dormant,2025-07-10,2025-07-10,1,376.46,True,True,True,True,2024-10-26 03:06:00+00:00
490,Bento,Teixeira,bento.dias268@outlook.com.br,65 94742-3122,regular,2025-11-07,2026-05-20,4,1498.65,True,True,False,True,2025-04-03 03:06:00+00:00
491,Benjamim,Teixeira,benjamim.pimenta771@bol.com.br,+55 92 99330-5172,regular,2025-12-07,2026-06-20,4,1115.9,True,False,False,True,2024-12-05 03:06:00+00:00
492,Milena,Pereira,milena.melo84@terra.com.br,+55 77 96772-2330,regular,2026-01-27,2026-05-27,3,1594.12,True,False,True,True,2025-01-20 03:06:00+00:00
493,Julia,Teixeira,julia.albuquerque404@bol.com.br,65 93331-2797,premium,2025-12-09,2026-06-02,18,13353.04,True,False,False,True,2024-08-29 03:06:00+00:00
494,Aylla,Marques,aylla.dacruz497@outlook.com.br,,regular,2025-09-28,2026-05-07,2,1541.2,True,False,False,True,2024-12-13 03:06:00+00:00
495,Jade,Vasconcelos,jade.aparecida554@outlook.com.br,28 96999-8808,dormant,2025-11-07,2025-11-07,1,347.84,True,False,False,True,2024-10-26 03:06:00+00:00
496,Henrique,Machado,henrique.marques802@gmail.com,+55 95 98860-8680,regular,2025-10-16,2026-05-16,4,1492.2,True,False,False,False,2025-06-21 03:06:00+00:00
497,Mateus,da Rocha,mateus.macedo239@outlook.com.br,22 94726-4908,regular,2025-10-19,2026-04-10,2,1833.28,True,False,False,True,2025-03-26 03:06:00+00:00
498,João Miguel,Martins,joÃOmIguEL.RAMoS82@LIvE.cOm,,dormant,2025-03-21,2025-03-21,1,319.18,True,False,False,True,2025-01-18 03:06:00+00:00
499,Fernando,Silveira,fernando.montenegro597@hotmail.com,+55 75 99826-6570,regular,2025-12-22,2026-06-01,4,930.89,True,False,False,True,2025-05-30 03:06:00+00:00
500,Luiz Henrique,Marques,luizhenrique.pastor317@uol.com.br,81 91452-1117,regular,2025-08-14,2026-04-30,3,1775.87,True,False,False,True,2025-01-11 03:06:00+00:00
501,Eloá,Barros,eloá.moura496@outlook.com.br,96 99268-6025,regular,2025-12-24,2026-04-30,3,665.81,True,True,True,True,2025-06-03 03:06:00+00:00
502,Kaique,Castro,kaique.casagrande710@yahoo.com.br,,dormant,2025-08-25,2025-08-25,1,407.99,True,False,True,True,2024-09-16 03:06:00+00:00
503,Cauã,Leão,cauã.dasneves802@bol.com.br,77 94212-3094,dormant,2024-07-07,2024-07-07,1,415.0,True,True,False,True,2025-03-22 03:06:00+00:00
504,Apollo,Marques,apollo.monteiro330@live.com,+55 12 99733-9776,regular,2025-10-06,2026-04-17,4,1505.67,True,False,True,True,2025-05-03 03:06:00+00:00
505,Luísa,Barros,luísa.peixoto708@gmail.com,+55 95 98498-3022,regular,2025-10-31,2026-04-16,2,1403.66,True,False,True,True,2025-05-29 03:06:00+00:00
506,Daniel,Rezende,daniel.ferreira47@gmail.com,+55 64 90994-5101,regular,2026-01-07,2026-05-29,2,1254.61,True,False,False,True,2025-04-05 03:06:00+00:00
507,Lara,Cavalcanti,lara.castro421@bol.com.br,+55 74 97950-1455,regular,2025-07-06,2026-05-23,4,1781.68,True,False,True,True,2025-08-20 03:06:00+00:00
508,Gabrielly,Azevedo,gabrielly.teixeira270@outlook.com.br,+55 33 94721-4586,regular,2025-09-04,2026-05-31,3,1702.31,True,False,False,True,2024-12-27 03:06:00+00:00
509,Sabrina,Costela,sabrina.sampaio465@uol.com.br,+55 31 91981-7946,regular,2025-10-19,2026-06-19,3,1124.11,True,False,False,True,2025-01-01 03:06:00+00:00
510,Anna Liz,da Luz,annaliz.moura47@terra.com.br,+55 55 99978-7729,novo,,,0,0.0,True,False,False,True,2026-06-29 03:06:00+00:00
511,Ravi Lucca,Santos,ravilucca.darocha768@uol.com.br,+55 11 91071-3966,dormant,2025-10-06,2025-10-06,1,121.52,False,False,False,True,2025-04-20 03:06:00+00:00
512,Caleb,Farias,caleb.ferreira142@icloud.com,,regular,2025-10-26,2026-04-29,2,1644.94,True,True,True,True,2025-05-16 03:06:00+00:00
513,Otávio,Albuquerque,otávio.porto637@uol.com.br,16 94144-8850,novo,,,0,0.0,True,True,False,True,2026-06-26 03:06:00+00:00
514,Ian,Rodrigues,ian.farias255@terra.com.br,61 99902-3557,novo,,,0,0.0,True,False,False,True,2026-02-14 03:06:00+00:00
515,Maria Júlia,Andrade,mariajúlia.ramos246@yahoo.com.br,88 92785-7608,premium,2025-02-23,2026-06-11,24,12026.16,True,True,False,True,2025-05-01 03:06:00+00:00
516,Ana Clara,Nunes,anaclara.silveira61@terra.com.br,+5515939551240,regular,2025-11-03,2026-06-27,2,861.07,True,True,False,True,2025-06-24 03:06:00+00:00
517,Camila,Garcia,cAMilA.pirEs321@icLOUD.Com,+55 69 99962-9145,dormant,2024-07-29,2024-07-29,1,118.5,True,False,False,True,2024-07-15 03:06:00+00:00
518,Benício,da Mata,benício.jesus229@hotmail.com,93 93574-3842,regular,2025-11-27,2026-05-11,4,1469.07,True,False,True,True,2025-03-28 03:06:00+00:00
519,Henry Gabriel,Freitas,henrygabriel.viana837@gmail.com,+55 83 91780-7823,premium,2024-12-12,2026-06-16,22,13541.89,True,False,False,True,2024-10-22 03:06:00+00:00
520,Carolina,Mendes,carolina.siqueira623@icloud.com,,regular,2026-01-18,2026-04-04,3,863.44,True,False,False,True,2025-09-11 03:06:00+00:00
521,Ana Luiza,Vasconcelos,analuiza.duarte881@yahoo.com.br,,dormant,2025-06-22,2025-06-22,1,166.01,False,False,False,True,2024-06-21 03:06:00+00:00
522,Gael Henrique,Moreira,gaelhenrique.rocha585@yahoo.com.br,+55 84 90768-1040,premium,2025-05-18,2026-06-01,16,6024.81,True,False,True,True,2024-12-08 03:06:00+00:00
523,Erick,Farias,erick.martins54@gmail.com,,novo,,,0,0.0,True,False,True,True,2026-02-27 03:06:00+00:00
524,Gustavo,Moreira,gustavo.vargas299@bol.com.br,+55 16 99435-3344,regular,2025-12-31,2026-06-07,4,598.74,True,False,True,True,2025-06-17 03:06:00+00:00
525,Sophia,Dias,sophia.vargas569@live.com,+55 51 94224-1098,regular,2026-03-03,2026-06-07,3,1331.19,False,True,False,True,2024-12-20 03:06:00+00:00
526,Olívia,Caldeira,olívia.costela803@icloud.com,42 98542-4932,dormant,2025-07-23,2025-07-23,1,470.12,True,False,False,True,2025-04-01 03:06:00+00:00
527,Diego,das Neves,diego.pimenta118@terra.com.br,75 90207-0160,premium,2024-09-21,2026-06-28,19,11502.06,True,False,False,True,2024-01-15 03:06:00+00:00
528,Erick,Lima,erick.gonçalves590@yahoo.com.br,77 99545-3817,dormant,2025-08-06,2025-08-06,1,449.07,True,False,True,True,2025-03-06 03:06:00+00:00
529,João,Borges,joão.sampaio273@live.com,+55 44 97477-3329,regular,2025-12-12,2026-06-28,3,1217.0,True,False,False,True,2025-07-07 03:06:00+00:00
530,Valentim,Fonseca,valentim.gonçalves871@yahoo.com.br,34 95770-1715,regular,2025-12-09,2026-04-08,4,1898.67,True,True,False,True,2025-08-09 03:06:00+00:00
531,Maria Luiza,Martins,marialuiza.cavalcante735@bol.com.br,42 99928-1615,regular,2026-02-13,2026-05-21,3,756.15,True,False,False,True,2025-09-28 03:06:00+00:00
532,Diego,Vieira,diego.darosa761@icloud.com,83 96963-9382,novo,,,0,0.0,True,True,True,True,2026-03-31 03:06:00+00:00
533,Maria Luísa,Gomes,marialuísa.azevedo208@terra.com.br,+55 85 99669-5832,novo,,,0,0.0,True,False,True,True,2026-01-31 03:06:00+00:00
534,Eduardo,Sousa,eduardo.silva718@live.com,+55 49 99975-8172,dormant,2025-10-03,2025-10-03,1,178.03,True,False,True,True,2025-01-20 03:06:00+00:00
535,Ana Liz,Guerra,analiz.azevedo982@hotmail.com,51 95701-3290,novo,,,0,0.0,False,True,False,True,2026-02-25 03:06:00+00:00
536,Juan,Ribeiro,juan.cassiano205@live.com,18 96997-3354,regular,2025-11-25,2026-05-14,4,1079.35,True,False,False,True,2024-12-16 03:06:00+00:00
537,Ana Júlia,Lopes,anajúlia.silva397@terra.com.br,+55 42 99098-6240,dormant,2024-11-11,2024-11-11,1,74.11,True,False,False,True,2024-07-14 03:06:00+00:00
538,Ester,Novaes,ester.aragão69@gmail.com,44 91403-6965,novo,,,0,0.0,True,True,False,True,2026-01-01 03:06:00+00:00
539,Giovanna,Guerra,giovanna.garcia952@outlook.com.br,+55 86 92723-8656,regular,2025-11-22,2026-05-18,2,560.88,True,False,False,True,2025-08-08 03:06:00+00:00
540,Leandro,da Paz,leandro.rios148@yahoo.com.br,+5561901027621,dormant,2025-10-29,2025-10-29,1,344.71,True,False,False,True,2025-04-09 03:06:00+00:00
541,João Guilherme,Ramos,joãoguilherme.leão539@live.com,68 99278-6876,dormant,2024-11-13,2024-11-13,1,94.04,True,False,False,True,2025-06-04 03:06:00+00:00
542,Daniela,Câmara,daniela.cirino772@outlook.com.br,+55 12 99738-4689,novo,,,0,0.0,True,True,False,True,2026-04-22 03:06:00+00:00
543,Emanuelly,Andrade,emanuelly.andrade486@live.com,47 91971-2847,premium,2024-07-04,2026-06-26,9,10394.87,True,False,True,True,2024-08-04 03:06:00+00:00
544,Pietra,Barros,pietra.moreira570@hotmail.com,+55 95 97189-4905,novo,,,0,0.0,True,False,False,True,2026-06-20 03:06:00+00:00
545,Sophie,Vasconcelos,sophie.albuquerque912@live.com,81 98795-6544,dormant,2025-06-11,2025-06-11,1,240.14,True,False,False,True,2024-08-03 03:06:00+00:00
546,Lucas Gabriel,Andrade,lucasgabriel.sales616@bol.com.br,+55 99 90792-9049,premium,2024-09-27,2026-06-14,22,6230.44,True,False,False,False,2024-01-30 03:06:00+00:00
547,Benjamim,da Paz,benjamim.mendonça476@hotmail.com,+55 54 98144-2944,dormant,2025-12-10,2025-12-10,1,58.27,True,False,True,True,2024-11-13 03:06:00+00:00
548,Théo,Albuquerque,théo.sousa311@hotmail.com,+55 73 99275-2437,dormant,2025-07-15,2025-07-15,1,359.56,True,False,True,True,2025-04-30 03:06:00+00:00
549,Luiz Miguel,Moura,luizmiguel.andrade949@terra.com.br,+55 41 92927-6637,dormant,2025-07-02,2025-07-02,1,380.4,True,False,False,True,2025-06-13 03:06:00+00:00
550,Lucas Gabriel,Costela,lucasgabriel.oliveira805@terra.com.br,,premium,2024-12-10,2026-06-13,8,3656.3,True,True,False,True,2024-05-15 03:06:00+00:00
551,Cauê,Ramos,cauê.daluz213@hotmail.com,+55 28 92767-4783,dormant,2024-07-10,2024-07-10,1,273.76,True,False,False,True,2024-04-11 03:06:00+00:00
552,Gabrielly,Rodrigues,gabrielly.santos142@outlook.com.br,86 94286-0476,regular,2025-10-23,2026-06-01,4,1749.51,True,False,False,True,2025-03-20 03:06:00+00:00
553,Ana Vitória,Moura,anavitória.rodrigues553@gmail.com,+55 44 98569-4544,novo,,,0,0.0,True,False,True,True,2026-06-11 03:06:00+00:00
554,Gael Henrique,da Cunha,gaelhenrique.rezende120@outlook.com.br,83 93938-5258,novo,,,0,0.0,True,True,False,True,2026-05-31 03:06:00+00:00
555,Antônio,Rocha,antônio.albuquerque456@hotmail.com,+55 14 96181-7534,novo,,,0,0.0,True,False,True,True,2026-05-01 03:06:00+00:00
556,Theodoro,Correia,theodoro.andrade289@gmail.com,+55 43 90939-1119,regular,2026-01-10,2026-04-29,4,1654.46,True,False,True,True,2024-12-21 03:06:00+00:00
557,José Pedro,Garcia,josépedro.ribeiro691@yahoo.com.br,+55 48 92447-1746,regular,2025-11-12,2026-06-28,3,1378.06,True,False,True,True,2025-03-19 03:06:00+00:00
558,Ayla,da Cunha,ayla.castro85@hotmail.com,14 90665-0442,regular,2025-07-18,2026-06-11,2,938.62,True,True,True,True,2025-02-08 03:06:00+00:00
559,Lunna,Azevedo,lunna.mendonça84@uol.com.br,55 92712-8639,regular,2025-12-02,2026-06-03,2,1445.88,True,False,True,False,2025-04-14 03:06:00+00:00
560,Heitor,Macedo,heitor.silva31@bol.com.br,+55 46 90119-4707,dormant,2025-07-20,2025-07-20,1,74.82,True,True,False,True,2024-07-29 03:06:00+00:00
561,Kaique,Rezende,kaique.porto580@gmail.com,+55 21 96425-6908,regular,2025-11-04,2026-06-08,2,1507.67,True,True,False,True,2025-01-12 03:06:00+00:00
562,Mariane,Mendes,mariane.lopes33@outlook.com.br,+55 34 98306-7198,regular,2025-10-07,2026-04-09,4,1775.26,False,True,False,True,2025-05-21 03:06:00+00:00
563,Elisa,Farias,elisa.rodrigues545@bol.com.br,62 90158-5174,regular,2026-02-23,2026-05-20,4,1437.19,True,False,True,True,2025-05-22 03:06:00+00:00
564,Nathan,,nathan.cavalcanti541@icloud.com,+55 22 96346-1571,regular,2025-09-30,2026-06-25,2,784.24,True,False,False,True,2025-01-09 03:06:00+00:00
565,Luna,Sousa,luna.correia946@yahoo.com.br,+5521930937618,novo,,,0,0.0,True,True,True,True,2026-02-25 03:06:00+00:00
566,Ana Liz,Monteiro,analiz.nascimento919@live.com,+55 15 90505-0613,regular,2025-11-25,2026-04-30,2,1157.45,True,False,False,True,2025-07-10 03:06:00+00:00
567,Rebeca,Marques,rebeca.rocha757@icloud.com,+55 65 99310-2707,dormant,2025-04-17,2025-04-17,1,413.57,True,False,False,True,2024-06-28 03:06:00+00:00
568,Caleb,da Cruz,caleb.sampaio81@yahoo.com.br,+5514920417929,dormant,2025-04-11,2025-04-11,1,376.92,True,True,False,True,2024-09-16 03:06:00+00:00
569,Davi Lucas,Caldeira,davilucas.camargo154@live.com,+55 88 91365-6519,regular,2025-11-22,2026-04-24,2,580.15,True,False,False,True,2025-02-18 03:06:00+00:00
570,Zoe,Carvalho,zoe.duarte486@uol.com.br,+55 24 99251-1426,dormant,2025-04-18,2025-04-18,1,113.68,True,False,False,True,2024-09-17 03:06:00+00:00
571,Lucca,Sampaio,lucca.freitas77@icloud.com,+55 69 97390-2196,novo,,,0,0.0,True,True,False,False,2026-01-14 03:06:00+00:00
572,Levi,,levi.aLmEIDa9@livE.Com,+55 38 90021-9467,regular,2026-01-02,2026-05-02,3,1345.8,True,False,True,True,2025-09-06 03:06:00+00:00
573,José,Costela,josé.casagrande434@bol.com.br,99 97632-9092,dormant,2024-11-08,2024-11-08,1,186.19,True,True,True,True,2024-10-30 03:06:00+00:00
574,Melina,Pimenta,melina.borges345@bol.com.br,42 96083-3181,dormant,2024-10-03,2024-10-03,1,326.23,True,True,True,True,2024-10-10 03:06:00+00:00
575,Eloá,Teixeira,eloá.nogueira441@icloud.com,+55 88 97340-3127,regular,2026-02-13,2026-06-25,3,873.42,True,True,False,True,2025-01-27 03:06:00+00:00
576,Maysa,Cavalcanti,MaYsa.cAStrO710@gmaiL.coM,+55 28 95436-4597,regular,2025-08-14,2026-05-01,4,858.83,True,False,False,True,2025-02-21 03:06:00+00:00
577,Caio,Caldeira,caio.sousa191@gmail.com,+55 74 92078-1137,dormant,2025-05-02,2025-05-02,1,377.41,True,False,False,True,2025-04-21 03:06:00+00:00
578,Aylla,Leão,AYlLA.coStA900@TeRrA.cOm.Br,+5591915313636,regular,2025-09-12,2026-06-12,2,974.56,True,False,True,True,2025-05-30 03:06:00+00:00
579,Pedro Lucas,Barbosa,pedrolucas.melo975@live.com,+55 28 96239-7265,regular,2025-10-18,2026-06-04,2,567.15,True,False,False,True,2025-09-17 03:06:00+00:00
580,João Gabriel,Marques,joãogabriel.silveira101@uol.com.br,44 94352-0904,regular,2025-10-11,2026-05-26,4,612.8,True,True,False,True,2024-12-24 03:06:00+00:00
581,João Gabriel,Camargo,joãogabriel.martins339@live.com,67925349292,regular,2025-08-30,2026-05-14,4,964.34,True,True,False,True,2025-02-11 03:06:00+00:00
582,Raul,Borges,raul.jesus538@icloud.com,91 93977-4063,dormant,2024-12-02,2024-12-02,1,341.53,True,False,True,True,2024-07-20 03:06:00+00:00
583,Thales,Duarte,thales.lopes623@uol.com.br,+55 65 99060-0780,novo,,,0,0.0,True,False,False,True,2026-04-19 03:06:00+00:00
584,Laís,Moura,laís.gonçalves719@live.com,+55 45 97731-8063,regular,2025-08-09,2026-05-16,2,814.3,True,True,True,True,2025-04-29 03:06:00+00:00
585,João,Fogaça,joão.darocha367@uol.com.br,+55 43 90742-7990,regular,2025-10-13,2026-04-29,3,1819.89,True,False,True,True,2025-03-19 03:06:00+00:00
586,Maria,,mARIa.MaRTINs510@YAhOO.com.br,63 92570-1658,premium,2024-09-23,2026-06-20,24,11560.68,True,False,False,True,2024-11-27 03:06:00+00:00
587,Benício,da Rocha,BeNíCIo.lImA799@BoL.cOm.Br,+55 85 91950-8501,dormant,2025-12-21,2025-12-21,1,205.91,True,False,False,True,2024-10-16 03:06:00+00:00
588,Hadassa,Fonseca,hadassa.martins815@gmail.com,46 95281-8325,regular,2026-03-08,2026-05-04,3,690.97,True,False,True,True,2025-09-02 03:06:00+00:00
589,Rhavi,Nogueira,rhavi.camargo86@live.com,+55 85 93554-8640,regular,2026-03-12,2026-05-05,3,1095.09,False,False,True,True,2025-06-21 03:06:00+00:00
590,Davi Lucas,Freitas,davilucas.ferreira929@live.com,89 98817-8847,regular,2025-07-10,2026-06-15,3,1332.74,True,False,False,True,2025-08-23 03:06:00+00:00
591,Emilly,Rocha,emilly.sales560@hotmail.com,+55 79 97116-2411,premium,2025-10-17,2026-06-14,20,13495.19,True,False,True,True,2024-11-27 03:06:00+00:00
592,Lucas,da Mota,lucas.camargo833@yahoo.com.br,93 92380-4682,regular,2025-10-28,2026-04-20,2,571.12,True,False,False,True,2025-06-11 03:06:00+00:00
593,Maria Júlia,Ferreira,mariajúlia.leão42@live.com,+55 16 94310-3856,premium,2024-11-25,2026-06-14,11,6065.89,True,True,True,True,2024-05-23 03:06:00+00:00
594,Caroline,Rezende,caroline.ramos414@terra.com.br,89 99887-7492,premium,2025-06-12,2026-06-28,23,8762.38,True,False,True,True,2024-03-07 03:06:00+00:00
595,Ana Laura,Cavalcante,analaura.vieira662@bol.com.br,+55 91 97540-2547,regular,2025-11-19,2026-04-29,2,1467.28,True,False,False,True,2025-06-13 03:06:00+00:00
596,Lucas Gabriel,Pinto,lucasgabriel.castro946@icloud.com,17 92222-3105,regular,2026-02-27,2026-05-25,4,771.88,True,True,True,True,2025-07-26 03:06:00+00:00
597,José,Macedo,josé.daluz175@terra.com.br,,regular,2026-01-24,2026-06-02,4,1528.31,True,False,True,True,2025-01-03 03:06:00+00:00
598,Léo,Costela,léo.NovaIS491@gmaIl.com,31 95257-8284,novo,,,0,0.0,True,False,False,True,2026-03-31 03:06:00+00:00
599,Joaquim,Alves,joaquim.guerra824@live.com,+55 64 97520-8854,regular,2025-08-06,2026-06-18,3,1344.25,True,True,False,True,2024-12-10 03:06:00+00:00
600,Maria Júlia,da Rocha,mariajúlia.sá537@yahoo.com.br,75 95170-2814,regular,2025-11-04,2026-04-20,3,506.76,True,False,False,True,2025-06-05 03:06:00+00:00
601,Benicio,Guerra,benicio.pinto86@uol.com.br,77 95150-9398,novo,,,0,0.0,True,False,True,True,2026-01-24 03:06:00+00:00
602,Pedro Miguel,Viana,pedromiguel.vargas803@bol.com.br,+55 82 90187-1863,dormant,2025-05-03,2025-05-03,1,54.8,True,True,False,True,2024-05-12 03:06:00+00:00
603,Mariane,Dias,mariane.pereira568@icloud.com,+55 31 95626-5650,dormant,2025-06-05,2025-06-05,1,65.63,True,False,False,True,2024-04-15 03:06:00+00:00
604,Alice,Ferreira,alice.ferreira715@bol.com.br,77 98137-6742,premium,2025-07-02,2026-06-13,20,4126.09,True,False,False,True,2024-07-18 03:06:00+00:00
605,Laís,Siqueira,laís.leão637@yahoo.com.br,,dormant,2025-04-22,2025-04-22,1,83.53,True,False,False,True,2025-04-12 03:06:00+00:00
606,Erick,Casa Grande,erick.costela867@bol.com.br,86 98519-6106,dormant,2025-08-18,2025-08-18,1,59.13,True,False,False,True,2024-12-28 03:06:00+00:00
607,Yago,Leão,yago.cavalcanti415@icloud.com,83 99232-6487,regular,2025-11-07,2026-04-24,3,543.76,True,False,False,True,2025-06-04 03:06:00+00:00
608,Bryan,da Rosa,bryan.pacheco473@bol.com.br,92 98730-0244,premium,2025-01-31,2026-06-06,25,12729.01,True,True,False,True,2024-03-01 03:06:00+00:00
609,Maria Julia,Campos,mariajulia.rezende170@bol.com.br,66 92730-1471,regular,2026-02-04,2026-05-13,4,1003.01,True,False,True,True,2025-04-14 03:06:00+00:00
610,Eloá,,eloá.pacheco839@live.com,73 94715-8904,dormant,2025-04-21,2025-04-21,1,425.36,True,False,False,True,2025-04-16 03:06:00+00:00
611,Luan,Pacheco,luan.araújo704@yahoo.com.br,31972520456,premium,2024-09-07,2026-06-02,9,8722.57,True,True,False,True,2025-01-21 03:06:00+00:00
612,Eduarda,Aragão,eduarda.darocha697@bol.com.br,+55 37 98321-9285,regular,2025-08-18,2026-05-22,3,916.02,True,False,False,True,2025-07-24 03:06:00+00:00
613,Ana Vitória,Rodrigues,anavitória.darosa22@bol.com.br,45 91895-2028,dormant,2025-08-20,2025-08-20,1,90.59,True,True,True,True,2024-09-29 03:06:00+00:00
614,Alexia,Freitas,alexia.vasconcelos920@live.com,65 95213-2833,dormant,2024-12-17,2024-12-17,1,432.49,True,False,False,True,2025-06-22 03:06:00+00:00
615,Sara,Nascimento,sara.silva385@icloud.com,+55 49 96711-2075,regular,2025-07-24,2026-06-22,4,700.27,True,True,False,True,2025-01-21 03:06:00+00:00
616,Ana Lívia,Sales,analívia.fonseca454@yahoo.com.br,75 99852-4013,dormant,2025-07-26,2025-07-26,1,493.64,True,False,False,True,2024-12-10 03:06:00+00:00
617,José Miguel,Sales,josémiguel.casagrande718@uol.com.br,24 92321-6110,novo,,,0,0.0,True,False,False,True,2026-03-03 03:06:00+00:00
618,Maria Sophia,Sá,mariasophia.lopes142@gmail.com,+55 82 91089-0714,dormant,2025-07-09,2025-07-09,1,353.08,True,True,True,True,2024-06-18 03:06:00+00:00
619,Caio,Azevedo,caio.darosa656@gmail.com,+55 44 91939-3250,regular,2025-07-06,2026-05-02,2,1299.03,True,False,False,True,2025-02-01 03:06:00+00:00
620,Fernando,Casa Grande,fernando.souza18@bol.com.br,,premium,2025-03-30,2026-06-29,12,11376.35,True,False,False,True,2024-09-06 03:06:00+00:00
621,Cecília,,cecília.fogaça869@yahoo.com.br,94 99389-1190,regular,2025-07-31,2026-06-03,2,702.56,True,True,False,True,2025-01-20 03:06:00+00:00
622,Sarah,Cunha,sarah.silva847@uol.com.br,16 92801-3875,regular,2025-07-03,2026-05-01,4,1599.99,True,True,False,True,2025-06-01 03:06:00+00:00
623,Léo,Macedo,léo.rocha381@hotmail.com,+55 75 95663-8361,premium,2025-09-05,2026-06-09,9,4116.09,True,False,False,True,2024-01-04 03:06:00+00:00
624,Ana Sophia,Campos,anasophia.martins488@hotmail.com,99 92754-8015,dormant,2025-03-15,2025-03-15,1,232.97,True,False,False,True,2025-01-02 03:06:00+00:00
625,Marina,Camargo,marina.gomes916@bol.com.br,81 99473-8646,dormant,2024-07-01,2024-07-01,1,229.12,True,True,False,True,2025-05-15 03:06:00+00:00
626,Marcos Vinicius,Azevedo,marcosvinicius.melo561@terra.com.br,+55 74 90716-7811,novo,,,0,0.0,True,False,False,True,2026-01-15 03:06:00+00:00
627,João Pedro,Gonçalves,joãopedro.guerra569@hotmail.com,+55 71 91535-3961,regular,2025-11-20,2026-04-16,3,1231.73,True,False,False,True,2025-01-22 03:06:00+00:00
628,Ravi Lucca,Lima,ravilucca.silveira149@live.com,15 99946-5796,regular,2026-03-07,2026-04-09,2,592.31,True,False,False,True,2025-07-13 03:06:00+00:00
629,Maria Vitória,Moraes,mariavitória.damota617@yahoo.com.br,81 91147-7320,premium,2025-11-18,2026-06-03,7,11578.47,True,False,False,True,2024-08-09 03:06:00+00:00
630,Gael Henrique,Sousa,gaelhenrique.aragão791@hotmail.com,93 90269-5249,regular,2025-12-18,2026-05-05,3,1531.2,True,False,False,True,2025-05-09 03:06:00+00:00
631,Gael,Teixeira,gael.barbosa486@icloud.com,92973477848,novo,,,0,0.0,True,False,True,True,2026-05-09 03:06:00+00:00
632,Caroline,Nogueira,caroline.nogueira89@gmail.com,+55 19 96167-5677,dormant,2025-03-30,2025-03-30,1,353.4,False,False,False,True,2024-03-16 03:06:00+00:00
633,Brayan,Andrade,brayan.cavalcanti655@icloud.com,22 92762-4671,dormant,2025-08-23,2025-08-23,1,238.16,True,False,False,True,2025-06-23 03:06:00+00:00
634,Mariane,Ribeiro,mariane.novaes149@icloud.com,85 97828-0647,dormant,2025-07-24,2025-07-24,1,312.74,True,True,False,True,2024-10-26 03:06:00+00:00
635,Gabriela,Pimenta,gABRieLA.rocha275@TeRrA.com.Br,,regular,2026-01-02,2026-04-24,3,508.89,True,False,False,True,2025-02-10 03:06:00+00:00
636,Alice,Duarte,alice.araújo481@gmail.com,+55 24 92559-0561,dormant,2024-11-04,2024-11-04,1,276.45,True,False,False,True,2024-07-07 03:06:00+00:00
637,Liz,Ferreira,liz.fogaça509@outlook.com.br,42 90333-4911,dormant,2025-03-22,2025-03-22,1,357.23,True,False,True,True,2024-12-14 03:06:00+00:00
638,Ana Laura,Camargo,analaura.fernandes603@yahoo.com.br,+55 16 98507-6986,dormant,2025-10-23,2025-10-23,1,223.64,True,False,False,True,2025-02-26 03:06:00+00:00
639,Vitor,Almeida,vitor.sampaio642@live.com,,regular,2026-01-25,2026-05-14,2,724.32,True,False,True,True,2025-10-02 03:06:00+00:00
640,Augusto,Dias,augusto.garcia614@outlook.com.br,32 99171-3578,regular,2025-10-26,2026-05-30,4,670.35,True,True,False,True,2025-02-11 03:06:00+00:00
641,Camila,Cavalcante,camila.pimenta487@bol.com.br,,regular,2025-11-09,2026-06-25,4,1557.19,True,True,False,True,2025-07-23 03:06:00+00:00
642,Emanuella,Lopes,emanuella.costa541@live.com,+55 37 98344-0496,regular,2025-08-18,2026-05-03,4,777.39,True,False,False,True,2025-01-16 03:06:00+00:00
643,Rael,,rael.pinto468@hotmail.com,+55 44 99541-9876,regular,2025-07-14,2026-05-11,4,1239.01,True,False,False,True,2025-06-16 03:06:00+00:00
644,Otto,Ferreira,otto.vieira199@hotmail.com,22 98468-5366,regular,2026-03-26,2026-05-29,2,941.44,True,False,True,True,2025-02-06 03:06:00+00:00
645,Theodoro,Pinto,theodoro.moraes330@live.com,+55 75 90829-7374,premium,2024-10-24,2026-06-18,5,9584.49,False,True,True,True,2025-06-09 03:06:00+00:00
646,Sophia,Pimenta,SOpHiA.VarGas245@oUTLOOK.CoM.bR,+55 32 98357-2324,regular,2025-07-26,2026-05-02,2,1875.21,True,False,False,True,2025-03-15 03:06:00+00:00
647,Luara,Jesus,luara.dias801@hotmail.com,+55 84 96442-4936,dormant,2024-12-08,2024-12-08,1,53.27,True,False,False,True,2024-12-01 03:06:00+00:00
648,Rhavi,Camargo,rhavi.cassiano231@uol.com.br,+55 18 93477-8660,novo,,,0,0.0,True,True,False,True,2026-06-10 03:06:00+00:00
649,Nathan,Castro,nathan.damata371@yahoo.com.br,+55 18 94482-0700,dormant,2025-03-26,2025-03-26,1,100.21,True,False,True,False,2024-10-21 03:06:00+00:00
650,Enzo,Dias,enzo.pereira573@bol.com.br,+55 33 96516-2319,dormant,2025-09-29,2025-09-29,1,287.18,True,False,True,False,2024-09-16 03:06:00+00:00
651,Melissa,Campos,melissa.moreira638@icloud.com,+55 97 97139-1559,dormant,2025-03-14,2025-03-14,1,127.1,True,False,True,True,2024-09-03 03:06:00+00:00
652,Heloisa,Souza,heloisa.souza700@uol.com.br,68 93212-3476,regular,2026-01-06,2026-06-25,2,1795.9,True,False,False,True,2025-09-21 03:06:00+00:00
653,Thomas,Pastor,thomas.araújo293@live.com,,premium,2024-08-18,2026-06-02,9,4785.32,True,False,False,True,2024-01-26 03:06:00+00:00
654,Sophie,Freitas,sophie.sampaio759@hotmail.com,31 98673-4257,dormant,2025-02-15,2025-02-15,1,355.29,True,False,False,True,2024-01-21 03:06:00+00:00
655,Emilly,das Neves,emilly.almeida201@gmail.com,+55 28 93486-4518,regular,2025-10-12,2026-05-11,4,1064.06,True,False,True,True,2025-01-04 03:06:00+00:00
656,Renan,Macedo,renan.gomes949@gmail.com,55 94413-4327,dormant,2024-09-29,2024-09-29,1,469.37,True,True,False,True,2025-05-06 03:06:00+00:00
657,Anna Liz,Vargas,annaliz.ramos69@outlook.com.br,+55 19 94177-6561,regular,2025-07-07,2026-06-03,2,1489.17,True,False,False,True,2025-03-31 03:06:00+00:00
658,Lorenzo,Sampaio,lorenzo.daluz68@icloud.com,+55 33 95698-5700,dormant,2025-11-01,2025-11-01,1,303.94,True,False,False,True,2024-10-16 03:06:00+00:00
659,Léo,,léo.pires106@live.com,+55 61 90634-5911,dormant,2024-07-29,2024-07-29,1,381.07,True,False,False,True,2024-10-15 03:06:00+00:00
660,Levi,da Cruz,levi.moreira476@yahoo.com.br,65 95772-4295,regular,2026-02-07,2026-04-13,4,667.39,True,True,True,True,2025-04-19 03:06:00+00:00
661,Alexia,Costa,alexia.barros807@outlook.com.br,47 92669-3008,regular,2025-11-12,2026-05-14,4,1737.02,True,False,False,True,2025-01-12 03:06:00+00:00
662,Raul,Borges,raul.martins290@uol.com.br,11 92069-6942,dormant,2025-01-09,2025-01-09,1,142.03,True,False,True,True,2024-07-01 03:06:00+00:00
663,Felipe,Freitas,felipe.cavalcante755@hotmail.com,+55 14 98677-1333,novo,,,0,0.0,True,True,False,True,2026-02-23 03:06:00+00:00
664,Vitor,da Paz,vitor.souza150@live.com,51 92639-3436,novo,,,0,0.0,True,False,False,True,2026-04-09 03:06:00+00:00
665,Luiz Miguel,Jesus,luizmiguel.vieira633@yahoo.com.br,+55 18 94439-7359,dormant,2025-02-15,2025-02-15,1,293.01,True,False,False,True,2025-05-05 03:06:00+00:00
666,Maria Cecília,Barros,mariacecília.albuquerque679@live.com,+55 61 95636-6941,regular,2025-07-28,2026-05-06,3,1377.49,True,True,False,True,2025-03-09 03:06:00+00:00
667,Gabriel,Novais,gabriel.araújo154@gmail.com,35 93759-9004,dormant,2025-06-14,2025-06-14,1,472.44,True,False,False,True,2024-07-01 03:06:00+00:00
668,Mirella,Pinto,mirella.garcia881@bol.com.br,61 95280-9242,premium,2025-04-16,2026-06-05,8,4198.35,True,True,False,True,2025-03-04 03:06:00+00:00
669,Milena,Monteiro,milena.fernandes93@live.com,+55 55 91586-2415,regular,2025-11-18,2026-06-25,2,928.44,False,False,False,True,2025-09-10 03:06:00+00:00
670,Caio,Cardoso,caio.mOntEIrO136@BoL.CoM.br,45 96449-4856,regular,2026-03-23,2026-05-28,4,1374.53,True,False,False,True,2024-12-20 03:06:00+00:00
671,Lucas,Dias,lucas.sousa490@live.com,+55 65 98703-2032,dormant,2025-12-22,2025-12-22,1,454.75,True,True,False,True,2024-10-23 03:06:00+00:00
672,Brayan,Melo,brayan.daluz938@yahoo.com.br,84 96170-7587,novo,,,0,0.0,True,False,False,True,2026-04-06 03:06:00+00:00
673,Maria Cecília,Monteiro,mariacecília.camargo405@yahoo.com.br,+55 53 95134-2284,dormant,2024-07-25,2024-07-25,1,170.87,False,False,False,True,2024-07-24 03:06:00+00:00
674,Otávio,Pacheco,otávio.abreu212@icloud.com,+55 75 96137-1504,dormant,2025-12-18,2025-12-18,1,164.66,True,False,True,True,2024-10-20 03:06:00+00:00
675,Joaquim,Gonçalves,joaquim.freitas506@hotmail.com,32 92017-7749,dormant,2024-10-20,2024-10-20,1,348.67,True,False,False,True,2025-02-24 03:06:00+00:00
676,Anthony,Farias,anthony.aparecida752@live.com,33 99230-4501,regular,2026-02-17,2026-05-05,2,1416.42,True,True,True,True,2025-08-23 03:06:00+00:00
677,Ágatha,Pereira,ágatha.garcia502@hotmail.com,62 94236-1032,dormant,2024-09-05,2024-09-05,1,474.54,True,False,False,True,2024-01-05 03:06:00+00:00
678,Hellena,Vasconcelos,hellena.guerra322@bol.com.br,+55 66 91476-4925,regular,2026-04-01,2026-06-05,2,1024.79,True,False,True,True,2024-12-10 03:06:00+00:00
679,Gael,Freitas,gael.moraes658@uol.com.br,91 97674-9961,dormant,2025-09-06,2025-09-06,1,258.06,True,False,True,True,2025-03-13 03:06:00+00:00
680,Lavínia,Freitas,lavínia.pimenta285@yahoo.com.br,73 96108-5732,dormant,2025-10-24,2025-10-24,1,128.38,True,False,False,True,2025-04-27 03:06:00+00:00
681,Maya,Moura,maya.pires171@icloud.com,+55 41 94761-7422,dormant,2025-11-12,2025-11-12,1,228.31,True,False,True,True,2024-07-03 03:06:00+00:00
682,Ana Clara,da Cruz,anaclara.moreira699@outlook.com.br,19 99081-0818,dormant,2025-12-08,2025-12-08,1,284.04,True,False,False,True,2024-01-17 03:06:00+00:00
683,Laís,Jesus,laís.brito688@live.com,+55 97 95491-8017,dormant,2025-03-26,2025-03-26,1,400.09,True,True,False,False,2025-05-24 03:06:00+00:00
684,Luiz Henrique,Viana,luizhenrique.cirino679@outlook.com.br,+55 24 91645-9779,regular,2025-08-03,2026-04-20,4,1497.2,True,True,False,True,2025-03-05 03:06:00+00:00
685,Vinícius,,vinícius.fernandes923@yahoo.com.br,+55 86 92194-1680,regular,2026-01-01,2026-06-27,4,1530.39,True,False,False,True,2025-03-27 03:06:00+00:00
686,Anthony,Gonçalves,anthony.camargo230@gmail.com,+55 71 97769-7499,regular,2026-03-04,2026-05-13,2,665.59,True,False,False,True,2025-01-08 03:06:00+00:00
687,Eloah,Sales,eloah.rocha895@outlook.com.br,22912203103,novo,,,0,0.0,True,True,False,True,2026-03-01 03:06:00+00:00
688,Benjamim,Costela,benjamim.mendes57@yahoo.com.br,+55 94 96831-4727,dormant,2025-03-04,2025-03-04,1,309.24,True,False,False,True,2024-06-27 03:06:00+00:00
689,Lavínia,Almeida,LAvínIa.CamARgO13@YAHOO.cOM.BR,+55 66 97770-7933,premium,2024-12-20,2026-06-15,13,6857.25,True,False,True,True,2025-02-04 03:06:00+00:00
690,Ana Beatriz,,anabeatriz.nunes500@outlook.com.br,+55 28 95016-6799,premium,2025-12-27,2026-06-02,19,6530.21,True,False,False,True,2024-04-09 03:06:00+00:00
691,Amanda,Andrade,amanda.mendonça566@outlook.com.br,89 98997-3080,dormant,2024-08-01,2024-08-01,1,258.65,True,False,False,True,2025-04-19 03:06:00+00:00
692,Lavínia,Oliveira,lavínia.dias895@icloud.com,+55 33 94671-7957,regular,2025-12-07,2026-06-17,2,1580.48,True,False,False,True,2025-08-18 03:06:00+00:00
693,Luiza,Almeida,luiza.castro357@bol.com.br,+55 81 97573-8395,novo,,,0,0.0,True,True,False,True,2026-06-29 03:06:00+00:00
694,Maria Helena,Cardoso,mariahelena.darocha304@outlook.com.br,66 95729-3417,dormant,2025-04-23,2025-04-23,1,206.59,True,False,False,True,2024-12-30 03:06:00+00:00
695,José Pedro,Cavalcanti,josépedro.costa963@yahoo.com.br,91 91674-3380,novo,,,0,0.0,True,False,False,True,2026-01-05 03:06:00+00:00
696,Arthur Miguel,Fogaça,arthurmiguel.daluz520@terra.com.br,+55 67 92801-5619,dormant,2024-09-15,2024-09-15,1,369.46,True,False,True,True,2024-05-22 03:06:00+00:00
697,Rafael,Campos,rafael.novais991@uol.com.br,89 94550-8428,premium,2025-12-23,2026-06-27,19,11656.68,True,False,False,False,2025-01-01 03:06:00+00:00
698,Gustavo Henrique,Santos,gustavohenrique.aragão572@live.com,82 91199-1808,regular,2025-10-16,2026-06-24,2,1265.32,True,False,False,True,2025-01-03 03:06:00+00:00
699,Gustavo Henrique,Cavalcante,gustavohenrique.pires653@hotmail.com,+55 84 95247-8712,regular,2026-01-31,2026-05-20,3,565.86,False,False,False,True,2024-12-02 03:06:00+00:00
700,Emanuella,Farias,emanuella.carvalho375@hotmail.com,+55 83 97603-7548,regular,2025-12-02,2026-06-06,3,935.72,True,False,False,True,2025-08-26 03:06:00+00:00
701,Luigi,Barros,luigi.damata787@terra.com.br,66953286326,regular,2026-01-28,2026-04-25,2,1934.86,True,False,False,True,2025-07-30 03:06:00+00:00
702,Júlia,Jesus,júlia.marques178@icloud.com,45 90720-8115,premium,2025-06-22,2026-06-09,6,3718.1,True,False,False,True,2024-06-26 03:06:00+00:00
703,Ana Vitória,Guerra,anavitória.vargas494@yahoo.com.br,73 90602-9084,regular,2025-07-24,2026-05-22,4,1917.42,True,False,False,True,2025-09-28 03:06:00+00:00
704,Larissa,Guerra,larissa.rodrigues941@icloud.com,22 95504-8926,regular,2026-01-09,2026-04-14,4,1182.98,True,False,False,True,2024-12-26 03:06:00+00:00
705,Maitê,Ramos,maitê.costela607@icloud.com,,dormant,2025-04-01,2025-04-01,1,190.86,True,False,False,True,2025-06-23 03:06:00+00:00
706,Luísa,Sampaio,luísa.ferreira547@outlook.com.br,+55 82 94108-5628,premium,2024-10-07,2026-06-26,25,4689.91,True,False,True,True,2024-02-27 03:06:00+00:00
707,Valentina,da Paz,valentina.cunha46@hotmail.com,96 98485-2008,regular,2025-11-16,2026-06-13,3,782.06,True,False,False,False,2025-02-16 03:06:00+00:00
708,Valentim,da Costa,valentim.vasconcelos793@bol.com.br,68 98105-4851,dormant,2024-12-20,2024-12-20,1,371.34,True,False,False,True,2024-01-15 03:06:00+00:00
709,Calebe,Sá,calebe.rezende902@hotmail.com,77 94907-5399,regular,2025-11-27,2026-04-19,2,967.67,False,True,True,True,2025-08-27 03:06:00+00:00
710,Sophie,Peixoto,sophie.daconceição511@terra.com.br,21 94926-8315,dormant,2025-05-20,2025-05-20,1,341.35,True,False,False,True,2024-04-11 03:06:00+00:00
711,Pietra,Pacheco,PIEtRa.coRreIA201@tErra.COm.bR,81912661106,regular,2025-10-18,2026-05-01,2,1271.05,True,False,False,True,2025-10-03 03:06:00+00:00
712,José Pedro,Melo,josépedro.cunha626@live.com,+55 37 95869-8864,dormant,2025-05-13,2025-05-13,1,382.46,True,False,False,True,2025-02-15 03:06:00+00:00
713,Melina,Porto,melina.lima106@live.com,91962282772,regular,2025-08-17,2026-04-12,3,1046.61,True,True,False,True,2025-06-30 03:06:00+00:00
714,Olivia,Moura,olivia.campos442@uol.com.br,81 97028-5196,novo,,,0,0.0,True,True,False,True,2026-02-25 03:06:00+00:00
715,Henry,Campos,henry.freitas400@bol.com.br,+55 22 98215-4544,premium,2025-07-12,2026-06-10,23,12234.25,True,True,True,True,2024-02-21 03:06:00+00:00
716,Maria Vitória,,mariavitória.alves732@yahoo.com.br,+55 63 99604-4327,dormant,2025-11-16,2025-11-16,1,308.28,True,False,False,True,2024-05-10 03:06:00+00:00
717,André,Campos,andré.novaes774@terra.com.br,+5534906794975,regular,2025-08-14,2026-04-14,3,1002.64,True,False,True,True,2024-12-12 03:06:00+00:00
718,Gabriela,Melo,gabriela.silveira215@yahoo.com.br,+55 62 98777-2519,regular,2025-12-19,2026-05-27,3,1361.86,True,True,False,True,2025-06-24 03:06:00+00:00
719,Julia,Gomes,julia.daconceição63@outlook.com.br,37 98074-1209,novo,,,0,0.0,True,True,True,True,2026-01-18 03:06:00+00:00
720,Ana Luiza,Novais,anaLUiZa.raMoS361@hotMAIL.cOM,+55 41 93989-0983,dormant,2025-08-27,2025-08-27,1,96.37,True,False,True,True,2025-02-05 03:06:00+00:00
721,Maria Laura,Montenegro,marialaura.almeida590@hotmail.com,,premium,2025-02-01,2026-06-06,24,3025.72,True,True,False,True,2025-05-14 03:06:00+00:00
722,Sophia,Cirino,sophia.almeida794@bol.com.br,+55 84 93971-8956,novo,,,0,0.0,True,True,True,True,2026-05-02 03:06:00+00:00
723,Caleb,Mendonça,caleb.almeida842@terra.com.br,73 92608-5641,dormant,2025-02-19,2025-02-19,1,371.98,True,True,True,True,2025-04-22 03:06:00+00:00
724,Ian,Brito,ian.nogueira162@yahoo.com.br,17 92241-2462,dormant,2024-11-05,2024-11-05,1,209.26,True,True,False,True,2024-07-23 03:06:00+00:00
725,Dante,Pimenta,dante.duarte960@yahoo.com.br,+55 17 90461-5265,regular,2025-07-03,2026-04-10,3,1227.61,True,True,False,True,2025-09-20 03:06:00+00:00
726,Valentim,Garcia,valentim.campos37@gmail.com,+55 83 93993-7886,regular,2026-01-09,2026-05-17,3,548.16,True,True,True,True,2025-07-28 03:06:00+00:00
727,Ian,da Mata,ian.araújo395@terra.com.br,83 98617-0630,regular,2025-11-17,2026-06-22,3,890.32,False,True,False,True,2024-12-18 03:06:00+00:00
728,Vitor Gabriel,Novaes,vitorgabriel.pastor753@hotmail.com,+55 96 98249-6718,regular,2025-12-16,2026-04-22,3,1017.18,True,True,False,True,2025-06-29 03:06:00+00:00
729,Nicolas,Viana,nicolas.casagrande863@terra.com.br,+55 71 93868-7007,premium,2025-03-01,2026-06-26,7,2330.81,True,True,False,True,2025-04-20 03:06:00+00:00
730,Amanda,Rezende,amanda.cavalcante752@gmail.com,+55 32 97494-6539,regular,2026-01-20,2026-04-12,3,556.62,True,False,True,True,2025-04-14 03:06:00+00:00
731,Nina,da Paz,nina.aparecida165@yahoo.com.br,+55 34 94161-2846,novo,,,0,0.0,True,False,True,True,2026-06-11 03:06:00+00:00
732,Otto,Pimenta,otto.montenegro271@terra.com.br,38947435537,dormant,2025-04-01,2025-04-01,1,328.12,True,False,False,True,2024-03-28 03:06:00+00:00
733,Bella,Almeida,bella.sales191@yahoo.com.br,+55 11 99700-2687,novo,,,0,0.0,True,False,False,True,2026-03-22 03:06:00+00:00
734,Isabel,Nascimento,isabel.barros495@hotmail.com,+55 18 97156-9562,regular,2025-11-06,2026-04-04,2,1193.74,True,False,False,True,2025-09-19 03:06:00+00:00
735,Antony,Campos,ANToNy.mArtins424@terRA.cOM.Br,+55 81 97030-4531,dormant,2025-10-22,2025-10-22,1,272.57,True,False,False,True,2025-06-08 03:06:00+00:00
736,Ana Júlia,Silva,anajúlia.câmara466@uol.com.br,92 95047-9303,dormant,2025-11-11,2025-11-11,1,106.53,True,False,False,True,2025-04-18 03:06:00+00:00
737,Isabela,Camargo,isabela.damota198@icloud.com,92 92839-9921,premium,2025-09-20,2026-06-24,11,7556.74,True,False,True,True,2025-05-28 03:06:00+00:00
738,José Miguel,Souza,josémiguel.azevedo832@yahoo.com.br,+55 99 99384-3089,premium,2024-07-31,2026-06-10,20,8760.25,True,False,False,True,2025-01-06 03:06:00+00:00
739,Thiago,Rodrigues,thiago.novais563@live.com,+55 11 96056-6418,dormant,2025-05-16,2025-05-16,1,404.85,False,False,True,True,2024-11-09 03:06:00+00:00
740,Maria Flor,Monteiro,mariaflor.fonseca77@icloud.com,+55 24 93046-8750,premium,2024-07-16,2026-06-20,24,9044.44,True,True,True,True,2025-02-25 03:06:00+00:00
741,Heloísa,Correia,heloísa.farias946@hotmail.com,+55 17 93613-3254,regular,2025-10-09,2026-06-24,2,1383.7,True,False,False,False,2024-12-07 03:06:00+00:00
742,Davi Lucas,Pires,davilucas.pires991@hotmail.com,+55 18 97609-5431,regular,2025-09-12,2026-05-24,4,694.64,True,False,True,True,2025-05-02 03:06:00+00:00
743,Maria Júlia,da Costa,mariajúlia.fernandes828@gmail.com,35 98319-9717,premium,2025-01-11,2026-06-17,18,13353.99,True,True,True,True,2025-06-20 03:06:00+00:00
744,Josué,Barros,josué.araújo762@gmail.com,49 95120-7049,regular,2025-11-20,2026-06-03,4,1968.89,True,False,True,True,2025-09-06 03:06:00+00:00
745,Luana,Azevedo,luana.caldeira847@gmail.com,+55 28 94661-9639,regular,2025-07-14,2026-06-07,2,662.19,True,False,False,False,2025-02-02 03:06:00+00:00
746,Antônio,Marques,antônio.gomes450@live.com,69 99915-0785,regular,2025-07-05,2026-06-19,3,876.48,True,False,False,True,2024-12-28 03:06:00+00:00
747,Matheus,Caldeira,matheus.caldeira351@gmail.com,+55 34 99392-8456,premium,2024-10-19,2026-06-22,13,13865.11,True,True,False,True,2025-03-20 03:06:00+00:00
748,Maria Luísa,Silveira,marialuísa.pinto358@live.com,+55 77 93200-2496,regular,2025-11-04,2026-06-12,2,1237.02,True,False,False,True,2025-05-16 03:06:00+00:00
749,Olivia,Rezende,olivia.sá596@terra.com.br,27 99822-7495,regular,2025-10-20,2026-04-27,2,713.09,True,False,False,True,2025-06-28 03:06:00+00:00
750,Ana,Freitas,ana.albuquerque980@icloud.com,+55 64 90388-0653,regular,2025-07-13,2026-05-31,4,1433.94,True,True,False,True,2025-06-06 03:06:00+00:00
751,Murilo,Porto,murilo.costa612@hotmail.com,38 93779-5995,regular,2025-07-05,2026-06-27,2,1332.4,True,False,False,True,2024-12-09 03:06:00+00:00
752,Ana Clara,Leão,anaclara.farias522@yahoo.com.br,+55 46 97073-0337,dormant,2025-06-03,2025-06-03,1,137.37,True,True,False,True,2025-07-01 03:06:00+00:00
753,Paulo,da Costa,paulo.mendes761@terra.com.br,49 93620-5015,dormant,2025-11-19,2025-11-19,1,127.31,True,False,False,True,2024-02-18 03:06:00+00:00
754,Bento,Novais,bento.camargo40@yahoo.com.br,18 97395-0033,dormant,2025-05-03,2025-05-03,1,156.79,True,False,False,True,2024-09-29 03:06:00+00:00
755,Alice,Cavalcanti,alice.câmara359@bol.com.br,+55 73 95832-3024,dormant,2025-11-25,2025-11-25,1,401.43,True,True,False,True,2024-02-22 03:06:00+00:00
756,Guilherme,Almeida,guilherme.rocha974@yahoo.com.br,51 91534-7355,novo,,,0,0.0,True,False,False,True,2026-06-01 03:06:00+00:00
757,Luigi,Moura,luigi.pinto262@outlook.com.br,+55 33 91223-3865,novo,,,0,0.0,True,True,False,False,2026-06-04 03:06:00+00:00
758,Anna Liz,Peixoto,annaliz.lima423@uol.com.br,+55 24 99938-4253,dormant,2024-11-15,2024-11-15,1,163.3,True,False,True,True,2024-12-27 03:06:00+00:00
759,Cauê,Pires,cauê.vieira111@bol.com.br,+55 54 98973-1791,regular,2025-10-09,2026-05-15,3,1358.15,True,False,False,True,2025-04-03 03:06:00+00:00
760,Lucas Gabriel,Moraes,lucasgabriel.gomes432@icloud.com,48 97872-5587,regular,2026-01-23,2026-05-03,2,1122.05,True,False,False,False,2025-04-17 03:06:00+00:00
761,Maya,Melo,maya.damata3@outlook.com.br,+55 21 93337-3634,dormant,2024-09-01,2024-09-01,1,315.55,False,False,False,True,2024-09-30 03:06:00+00:00
762,Laís,Garcia,laís.oliveira728@yahoo.com.br,48 94812-1478,regular,2026-03-07,2026-05-12,4,910.25,True,True,False,True,2025-08-02 03:06:00+00:00
763,Clarice,da Conceição,clarice.pacheco685@gmail.com,84 98956-7766,dormant,2025-06-13,2025-06-13,1,443.1,True,True,False,True,2025-04-12 03:06:00+00:00
764,Emilly,,emilly.monteiro853@terra.com.br,13 96027-3415,novo,,,0,0.0,True,False,False,True,2026-01-29 03:06:00+00:00
765,Enzo,da Rocha,enzo.montenegro166@icloud.com,,dormant,2024-12-13,2024-12-13,1,126.89,True,True,True,True,2024-08-26 03:06:00+00:00
766,Zoe,Ramos,zoe.barros372@bol.com.br,+55 91 91115-0835,regular,2025-08-22,2026-05-11,4,657.23,False,False,True,True,2025-05-09 03:06:00+00:00
767,Matteo,Rocha,matteo.farias703@bol.com.br,22 94392-8404,novo,,,0,0.0,True,False,False,True,2026-05-22 03:06:00+00:00
768,Alexia,Ferreira,alexia.viana236@outlook.com.br,63 99078-2633,regular,2026-02-09,2026-05-16,4,1841.57,True,False,True,True,2024-12-15 03:06:00+00:00
769,Otto,Melo,otto.daconceição179@icloud.com,84 97515-3663,premium,2025-03-22,2026-06-10,17,11102.45,True,False,False,True,2024-10-21 03:06:00+00:00
770,Luna,Machado,luna.novais32@gmail.com,48 92924-0755,regular,2026-01-29,2026-06-11,4,959.52,True,True,False,True,2025-06-25 03:06:00+00:00
771,Rael,Leão,rael.lima419@outlook.com.br,21 95909-0225,novo,,,0,0.0,True,False,True,True,2026-01-15 03:06:00+00:00
772,Heloísa,Garcia,heloísa.costela431@outlook.com.br,+55 33 98637-1597,regular,2025-10-29,2026-05-30,2,1165.92,True,False,False,True,2025-04-18 03:06:00+00:00
773,Ana Júlia,Borges,anajúlia.cavalcante854@hotmail.com,+55 74 90970-2316,regular,2025-10-17,2026-04-17,3,1975.46,True,False,False,True,2025-02-07 03:06:00+00:00
774,Alice,Costela,alice.daconceição381@bol.com.br,+5534970580256,regular,2025-12-11,2026-04-14,2,1268.71,True,False,False,True,2025-09-07 03:06:00+00:00
775,Heloísa,Castro,heloísa.camargo27@yahoo.com.br,,premium,2025-10-02,2026-06-11,11,2181.76,True,True,False,False,2025-04-13 03:06:00+00:00
776,Stella,Leão,stella.mendes753@hotmail.com,54 93234-6729,regular,2025-08-29,2026-05-01,2,1770.08,True,False,True,True,2025-01-19 03:06:00+00:00
777,Ana Luiza,Pastor,analuiza.costa412@icloud.com,82943027169,novo,,,0,0.0,True,True,False,True,2026-05-11 03:06:00+00:00
778,Thales,Moura,thales.farias945@live.com,82 97901-4754,dormant,2024-12-28,2024-12-28,1,387.39,True,False,False,True,2025-01-09 03:06:00+00:00
779,Heloísa,Pimenta,heloísa.cavalcanti82@outlook.com.br,+55 96 92967-6291,dormant,2025-05-31,2025-05-31,1,449.52,True,True,False,True,2024-09-19 03:06:00+00:00
780,Isabel,,isabel.sampaio866@gmail.com,+55 94 92484-1376,dormant,2024-07-22,2024-07-22,1,144.47,True,True,False,True,2025-06-23 03:06:00+00:00
781,Joaquim,Freitas,joaquim.barbosa300@hotmail.com,95 95672-4380,regular,2025-09-12,2026-04-17,3,1583.97,True,False,False,True,2025-02-02 03:06:00+00:00
782,Maria Eduarda,Alves,mariaeduarda.barbosa273@live.com,51 95636-0041,dormant,2024-12-18,2024-12-18,1,382.89,True,False,False,True,2025-04-16 03:06:00+00:00
783,João Gabriel,Duarte,JoÃOgabriel.RiOS805@LiVe.COm,89 97118-3727,regular,2026-03-02,2026-06-18,4,1979.48,True,True,False,True,2025-02-03 03:06:00+00:00
784,Agatha,Castro,agatha.cavalcante790@gmail.com,+55 45 92418-6210,dormant,2025-09-07,2025-09-07,1,120.16,True,False,False,True,2024-12-26 03:06:00+00:00
785,Yago,Cassiano,yago.macedo870@terra.com.br,+55 74 93083-7081,premium,2025-08-28,2026-06-09,10,8815.35,True,False,False,True,2024-06-02 03:06:00+00:00
786,Heloisa,Sales,heloisa.dasneves725@live.com,,dormant,2025-05-06,2025-05-06,1,230.76,True,False,True,True,2024-11-26 03:06:00+00:00
787,Cauã,Peixoto,cauã.abreu189@gmail.com,49 93353-3106,novo,,,0,0.0,True,True,False,True,2026-06-06 03:06:00+00:00
788,Benjamin,Albuquerque,benjamin.fernandes529@uol.com.br,+55 33 93122-0681,dormant,2025-06-06,2025-06-06,1,417.55,True,False,True,True,2024-02-23 03:06:00+00:00
789,Beatriz,Duarte,beatriz.novais135@uol.com.br,+55 85 98661-3315,dormant,2025-11-19,2025-11-19,1,252.38,True,True,False,True,2024-03-10 03:06:00+00:00
790,Ayla,Cavalcanti,ayla.albuquerque472@outlook.com.br,28 90637-3149,regular,2025-09-25,2026-05-31,2,1728.85,True,False,False,True,2025-06-28 03:06:00+00:00
791,Emilly,Aparecida,emilly.azevedo787@uol.com.br,65 94971-8924,premium,2025-04-17,2026-06-24,14,12268.29,True,False,True,True,2025-07-01 03:06:00+00:00
792,Gabriel,Peixoto,gabriel.duarte188@outlook.com.br,+55 61 95257-1509,regular,2025-07-24,2026-05-11,3,590.33,True,True,True,False,2025-05-15 03:06:00+00:00
793,Manuela,Garcia,manuela.moraes370@uol.com.br,94 99030-9143,regular,2026-02-06,2026-04-24,4,883.97,True,False,True,True,2025-09-26 03:06:00+00:00
794,Liz,Sá,LIz.dAcRuZ548@HOtMAIl.coM,+55 32 92574-3263,dormant,2024-07-11,2024-07-11,1,309.61,True,False,False,True,2024-08-10 03:06:00+00:00
795,Breno,,breno.dacosta762@live.com,34 92450-8640,novo,,,0,0.0,True,False,True,True,2026-06-13 03:06:00+00:00
796,Raul,Siqueira,raul.farias260@terra.com.br,+55 95 93803-3968,regular,2026-03-25,2026-06-21,3,1490.8,True,True,False,True,2025-01-06 03:06:00+00:00
797,Aurora,Cirino,aurora.macedo646@gmail.com,+55 33 97130-2321,dormant,2025-06-25,2025-06-25,1,277.68,True,True,True,True,2024-08-05 03:06:00+00:00
798,Luiz Felipe,Pastor,luizfelipe.novaes854@uol.com.br,+55 93 98167-4233,premium,2024-08-08,2026-06-20,24,4515.19,True,True,False,True,2025-06-23 03:06:00+00:00
799,Laís,Cavalcanti,laís.pereira130@uol.com.br,22 94973-4715,regular,2026-01-29,2026-04-26,4,523.22,False,False,False,True,2024-12-13 03:06:00+00:00
800,Isabella,Garcia,isabella.cavalcante172@live.com,74 96896-2706,regular,2025-12-18,2026-05-27,4,683.51,True,False,False,True,2024-12-13 03:06:00+00:00
801,Letícia,,letícia.barros477@bol.com.br,+55 66 98246-7474,regular,2025-10-20,2026-06-07,3,1019.55,True,False,False,True,2025-09-29 03:06:00+00:00
802,Fernanda,Novais,fernanda.pereira527@live.com,,dormant,2024-10-09,2024-10-09,1,200.63,True,False,True,True,2024-11-29 03:06:00+00:00
803,Diego,Farias,diego.carvalho290@live.com,+55 82 92300-8576,regular,2025-09-07,2026-05-15,4,591.76,True,True,False,True,2025-04-03 03:06:00+00:00
804,Kamilly,Gonçalves,kamilly.souza104@terra.com.br,53 97491-6016,dormant,2024-10-08,2024-10-08,1,261.77,True,False,False,True,2024-09-02 03:06:00+00:00
805,Luan,Correia,luan.teixeira408@outlook.com.br,+55 98 95875-0663,novo,,,0,0.0,True,False,False,True,2026-06-06 03:06:00+00:00
806,Ryan,Mendes,ryan.andrade996@terra.com.br,+55 18 92497-2439,dormant,2024-11-28,2024-11-28,1,417.07,True,True,False,True,2025-03-19 03:06:00+00:00
807,Lorenzo,,lorenzo.albuquerque382@hotmail.com,+55 43 96691-8362,dormant,2025-01-25,2025-01-25,1,278.76,True,False,True,True,2024-09-19 03:06:00+00:00
808,Letícia,da Cunha,letícia.sales479@bol.com.br,94 98694-6119,regular,2025-12-10,2026-05-31,3,1912.96,True,False,False,True,2025-05-29 03:06:00+00:00
809,Catarina,Casa Grande,CatArInA.daMAtA617@UOL.COM.Br,61 94027-0116,premium,2025-12-25,2026-06-06,25,9397.87,True,False,True,True,2024-06-09 03:06:00+00:00
810,Sabrina,Leão,sabrina.rezende304@bol.com.br,71 92252-2372,dormant,2025-06-13,2025-06-13,1,306.07,True,True,False,True,2024-10-18 03:06:00+00:00
811,Milena,Camargo,milENa.mAchadO430@Uol.cOm.BR,+5577930234679,dormant,2025-04-10,2025-04-10,1,257.63,True,False,False,True,2024-12-04 03:06:00+00:00
812,Henrique,Porto,henrique.cavalcante987@hotmail.com,19 91614-1509,regular,2025-10-18,2026-05-12,4,1041.65,True,True,True,True,2025-03-15 03:06:00+00:00
813,Ravy,,ravy.mendes928@live.com,+5545900409013,novo,,,0,0.0,True,False,False,True,2026-01-08 03:06:00+00:00
814,Rebeca,Vieira,rebeca.abreu590@outlook.com.br,99 94775-9655,novo,,,0,0.0,True,False,False,True,2026-01-13 03:06:00+00:00
815,Caroline,Dias,caroline.dacosta207@terra.com.br,62 96905-5107,regular,2025-12-27,2026-05-23,3,867.97,True,False,True,True,2025-03-29 03:06:00+00:00
816,Isadora,Silveira,isadora.carvalho662@gmail.com,+55 53 98435-7978,regular,2025-07-21,2026-06-21,3,563.5,True,False,False,True,2025-05-22 03:06:00+00:00
817,Júlia,Ribeiro,júlia.correia192@gmail.com,32 90505-7397,regular,2026-01-05,2026-05-29,4,1210.15,True,False,True,True,2025-09-26 03:06:00+00:00
818,Isabelly,Sousa,isabelly.pimenta911@hotmail.com,42 96716-4932,dormant,2025-12-02,2025-12-02,1,437.27,True,False,False,True,2024-07-10 03:06:00+00:00
819,Raquel,,raquel.oliveira803@icloud.com,+55 19 92714-8727,dormant,2025-12-15,2025-12-15,1,202.92,True,True,True,True,2024-07-20 03:06:00+00:00
820,Igor,Mendes,igor.ribeiro691@icloud.com,+55 94 93321-1602,dormant,2025-02-26,2025-02-26,1,129.79,False,False,False,True,2024-05-06 03:06:00+00:00
821,Beatriz,Gomes,beatriz.vargas927@bol.com.br,+5588947128715,premium,2025-05-12,2026-06-08,14,7575.11,True,True,False,True,2024-06-14 03:06:00+00:00
822,Pietro,Oliveira,pietro.vargas562@hotmail.com,,regular,2025-11-13,2026-04-07,2,1149.61,True,True,True,True,2025-08-16 03:06:00+00:00
823,Caroline,Garcia,caroline.silva394@outlook.com.br,73 93341-4111,regular,2025-07-22,2026-05-30,2,566.59,True,False,False,True,2024-12-21 03:06:00+00:00
824,Carolina,Sousa,carolina.pastor756@uol.com.br,+55 49 99525-6904,dormant,2025-09-03,2025-09-03,1,251.88,True,True,False,True,2024-09-14 03:06:00+00:00
825,Davi,Pastor,davi.nascimento254@uol.com.br,54 96552-8993,dormant,2025-05-17,2025-05-17,1,406.17,True,False,False,True,2024-01-17 03:06:00+00:00
826,Heitor,Gonçalves,heitor.albuquerque780@icloud.com,82 95243-7729,dormant,2025-02-28,2025-02-28,1,473.86,True,False,False,True,2024-10-17 03:06:00+00:00
827,Alice,Casa Grande,alice.souza828@gmail.com,31 94814-9737,premium,2025-05-01,2026-06-15,21,12627.48,True,True,True,True,2024-08-21 03:06:00+00:00
828,Ana,Santos,ana.garcia579@gmail.com,35 92330-2764,regular,2026-01-13,2026-05-11,4,1121.93,True,False,False,True,2024-12-23 03:06:00+00:00
829,Liam,Almeida,liam.novaes540@outlook.com.br,37 96756-6184,dormant,2025-03-24,2025-03-24,1,156.96,True,False,True,True,2025-04-08 03:06:00+00:00
830,Alexia,Sampaio,alexia.correia646@icloud.com,,regular,2025-10-15,2026-04-12,4,731.62,True,False,True,True,2025-03-13 03:06:00+00:00
831,Isabel,Brito,isabel.cardoso804@terra.com.br,+55 28 94729-2774,dormant,2025-05-21,2025-05-21,1,124.49,True,False,True,True,2024-09-01 03:06:00+00:00
832,João Vitor,Costela,joãovitor.cunha533@uol.com.br,+55 13 95912-6620,dormant,2025-07-25,2025-07-25,1,74.0,True,True,False,True,2024-05-30 03:06:00+00:00
833,Gael,Fogaça,gael.melo438@yahoo.com.br,+55 28 91859-6263,dormant,2025-03-29,2025-03-29,1,269.8,True,False,False,True,2025-07-04 03:06:00+00:00
834,Bernardo,Campos,bernardo.dacosta285@outlook.com.br,91 94926-1764,regular,2026-03-02,2026-05-27,2,1260.86,True,True,False,True,2024-12-02 03:06:00+00:00
835,Lívia,Freitas,lívia.albuquerque684@hotmail.com,+55 49 91178-3099,dormant,2024-08-30,2024-08-30,1,207.55,True,True,True,True,2024-05-09 03:06:00+00:00
836,Maria Luiza,da Mota,marialuiza.sales641@hotmail.com,+5575967649215,dormant,2025-03-26,2025-03-26,1,104.79,True,True,True,True,2024-07-02 03:06:00+00:00
837,Davi Lucas,Silva,davilucas.vieira37@icloud.com,+55 77 96068-8871,dormant,2025-09-19,2025-09-19,1,431.86,True,False,True,True,2024-11-27 03:06:00+00:00
838,Rafaela,Pacheco,rafaela.nascimento783@hotmail.com,+55 85 91292-0875,premium,2025-11-24,2026-06-02,21,3131.44,True,False,True,True,2024-05-19 03:06:00+00:00
839,Joaquim,Aparecida,joaquim.cardoso351@uol.com.br,+55 68 91840-1184,regular,2026-01-01,2026-06-06,3,566.83,True,False,False,True,2025-04-30 03:06:00+00:00
840,Emanuella,Nogueira,emanuella.cavalcante810@outlook.com.br,+55 11 93408-4872,dormant,2025-09-17,2025-09-17,1,223.27,True,False,True,True,2024-06-22 03:06:00+00:00
841,Mariane,,mariane.sales149@terra.com.br,99 95988-3103,regular,2026-01-06,2026-04-03,3,1954.73,False,True,False,True,2025-06-08 03:06:00+00:00
842,Brayan,Correia,brayan.casagrande95@bol.com.br,+55 87 92983-9542,regular,2025-10-20,2026-06-02,3,1228.35,True,True,True,True,2025-09-18 03:06:00+00:00
843,Lavínia,Barbosa,lavínia.novaes460@bol.com.br,+55 99 96267-1462,regular,2025-12-05,2026-05-21,2,1979.27,True,True,False,True,2025-04-03 03:06:00+00:00
844,Stella,Costela,stella.barbosa114@bol.com.br,+55 81 95989-2625,regular,2025-12-30,2026-04-23,4,1926.72,True,False,False,True,2025-08-15 03:06:00+00:00
845,Luara,Garcia,luara.alves828@uol.com.br,+55 37 94181-8615,regular,2026-02-09,2026-04-10,3,958.12,True,False,True,True,2024-12-01 03:06:00+00:00
846,Felipe,Fonseca,felipe.farias994@bol.com.br,+55 64 93401-6361,novo,,,0,0.0,True,False,True,True,2026-04-08 03:06:00+00:00
847,Josué,Cavalcanti,josué.moura793@bol.com.br,91 91859-4849,dormant,2024-11-18,2024-11-18,1,251.11,True,True,True,True,2024-01-04 03:06:00+00:00
848,Gael Henrique,Aragão,gaelhenrique.cavalcante148@terra.com.br,54 92588-9679,regular,2025-11-03,2026-04-17,4,1243.26,True,False,False,True,2025-01-22 03:06:00+00:00
849,José Miguel,da Luz,josémiguel.albuquerque290@icloud.com,+55 66 92269-4053,premium,2025-09-27,2026-06-05,20,6991.21,True,False,False,True,2024-04-12 03:06:00+00:00
850,Larissa,Santos,LaRIssa.MARqUES970@YahOo.Com.BR,74 95784-4683,novo,,,0,0.0,True,False,True,True,2026-06-24 03:06:00+00:00
851,Ana Laura,Porto,analaura.borges871@bol.com.br,64 95111-3129,dormant,2024-08-12,2024-08-12,1,451.86,False,False,False,True,2024-07-08 03:06:00+00:00
852,Danilo,Barros,daniLO.sOUZa517@BoL.COM.bR,92 90682-7788,novo,,,0,0.0,True,False,False,True,2026-01-29 03:06:00+00:00
853,Josué,Guerra,josué.albuquerque255@uol.com.br,+55 12 96853-8909,novo,,,0,0.0,True,True,False,True,2026-06-17 03:06:00+00:00
854,Manuela,Cavalcante,manuela.rocha112@icloud.com,+55 89 92152-8506,regular,2025-08-07,2026-06-08,3,863.35,True,True,False,True,2025-04-20 03:06:00+00:00
855,Maya,Garcia,maya.cavalcante839@terra.com.br,+55 48 95381-4474,dormant,2025-10-20,2025-10-20,1,127.7,True,False,False,True,2024-05-16 03:06:00+00:00
856,Vinícius,,vinícius.cunha134@gmail.com,55 93480-7970,dormant,2025-03-20,2025-03-20,1,450.19,True,True,False,True,2024-06-23 03:06:00+00:00
857,Eduarda,Abreu,eduarda.pimenta89@live.com,,dormant,2025-08-14,2025-08-14,1,414.1,True,False,False,False,2025-01-26 03:06:00+00:00
858,Bella,da Rosa,bella.fogaça148@hotmail.com,+55 12 95265-0167,dormant,2025-03-29,2025-03-29,1,64.96,True,False,False,True,2024-04-19 03:06:00+00:00
859,Miguel,Barros,miguel.moura717@icloud.com,+55 66 96170-2437,regular,2025-12-17,2026-05-27,2,865.76,True,False,False,True,2025-07-08 03:06:00+00:00
860,Isabela,Freitas,isabela.darosa516@terra.com.br,69 92841-7722,regular,2025-07-07,2026-05-17,4,1962.31,True,True,True,True,2025-02-12 03:06:00+00:00
861,Daniela,,daniela.souza204@outlook.com.br,+55 12 95313-4026,regular,2025-12-15,2026-05-02,3,1872.4,True,False,True,True,2025-02-17 03:06:00+00:00
862,Laura,Souza,laura.farias388@gmail.com,+55 68 93741-6787,regular,2025-07-02,2026-05-26,3,531.54,True,False,False,True,2025-03-01 03:06:00+00:00
863,José Miguel,Duarte,josémiguel.sá42@outlook.com.br,94 96211-0225,regular,2025-11-27,2026-05-09,4,859.41,True,False,False,True,2025-06-23 03:06:00+00:00
864,Melissa,Albuquerque,MELISSA.VarGaS427@uoL.CoM.br,,regular,2026-01-31,2026-06-02,4,660.74,True,True,True,True,2025-01-18 03:06:00+00:00
865,Cauã,Rocha,cauã.fernandes525@outlook.com.br,,regular,2025-08-14,2026-05-11,3,1810.5,True,False,True,True,2025-09-04 03:06:00+00:00
866,Antony,Lopes,antony.mendes168@bol.com.br,16 97163-9282,dormant,2025-07-15,2025-07-15,1,252.03,True,True,True,True,2024-02-09 03:06:00+00:00
867,Theo,da Mota,theo.vargas107@hotmail.com,11 93637-1892,dormant,2025-12-17,2025-12-17,1,367.45,True,False,True,False,2024-07-22 03:06:00+00:00
868,Marcos Vinicius,Pastor,marcosvinicius.pires626@yahoo.com.br,+55 91 91260-4326,regular,2026-03-06,2026-06-18,4,825.15,True,False,False,True,2025-07-29 03:06:00+00:00
869,Arthur Miguel,Pimenta,arthurmiguel.costa206@hotmail.com,+55 28 96684-3356,regular,2025-07-02,2026-04-24,4,1712.69,True,True,False,True,2025-03-28 03:06:00+00:00
870,Maria Luiza,Araújo,marialuiza.moraes678@outlook.com.br,+55 28 94145-4563,regular,2026-02-10,2026-06-12,4,1470.21,True,True,True,True,2025-04-16 03:06:00+00:00
871,Antonella,Aragão,antonella.cirino627@gmail.com,+55 11 90534-7491,regular,2026-02-21,2026-05-07,3,1321.81,True,False,False,True,2025-03-09 03:06:00+00:00
872,Lorena,Cirino,lorena.dacunha149@live.com,46 95411-0825,regular,2025-08-11,2026-05-26,3,866.76,True,True,True,True,2025-03-21 03:06:00+00:00
873,Eloah,Sousa,eloah.fonseca257@icloud.com,48 93439-6112,regular,2025-11-24,2026-04-06,3,1638.4,True,False,True,True,2024-12-10 03:06:00+00:00
874,Isaque,Aparecida,isaque.pastor813@uol.com.br,+55 81 97118-9547,dormant,2025-05-03,2025-05-03,1,426.8,True,False,False,True,2024-02-04 03:06:00+00:00
875,Nathan,Nascimento,nathan.silveira83@yahoo.com.br,+55 24 92368-4855,regular,2025-07-12,2026-05-23,2,911.26,True,False,False,True,2025-06-03 03:06:00+00:00
876,Manuela,Pires,manuela.silva594@hotmail.com,73 91768-8029,dormant,2025-02-16,2025-02-16,1,120.31,True,True,True,True,2025-01-10 03:06:00+00:00
877,Yan,Sampaio,yan.cardoso758@bol.com.br,+5524990367881,novo,,,0,0.0,True,False,False,True,2026-02-16 03:06:00+00:00
878,Lucas,Macedo,lucas.sá61@icloud.com,53986694320,regular,2026-02-23,2026-05-05,2,915.08,True,False,False,True,2025-08-17 03:06:00+00:00
879,Liam,Oliveira,liam.cunha383@gmail.com,97 97884-4344,regular,2026-01-25,2026-06-11,3,1156.07,True,False,False,True,2025-05-28 03:06:00+00:00
880,Isaac,Cavalcante,isaac.câmara689@gmail.com,+55 93 94024-2403,dormant,2025-07-21,2025-07-21,1,460.93,True,False,False,True,2024-11-30 03:06:00+00:00
881,Otto,Nascimento,otto.camargo855@gmail.com,41 99551-8426,novo,,,0,0.0,True,False,False,True,2026-04-26 03:06:00+00:00
882,Ana Beatriz,Duarte,ANabeatriz.Araújo562@GmAiL.COm,44934240891,novo,,,0,0.0,True,False,False,False,2026-02-26 03:06:00+00:00
883,Giovanna,Rezende,giovanna.dacunha694@icloud.com,+55 84 97354-3962,dormant,2024-08-19,2024-08-19,1,491.78,True,False,True,True,2024-03-30 03:06:00+00:00
884,Maitê,da Conceição,maitê.siqueira322@outlook.com.br,47 92717-2722,premium,2025-09-17,2026-06-24,13,14090.09,True,False,True,True,2024-01-27 03:06:00+00:00
885,Marcos Vinicius,Nunes,marcosvinicius.mendonça548@yahoo.com.br,16 90422-6931,regular,2025-10-26,2026-04-17,3,1670.25,True,True,False,True,2025-06-04 03:06:00+00:00
886,João Pedro,Barbosa,joãopedro.lima883@uol.com.br,81 96182-0916,dormant,2024-07-24,2024-07-24,1,315.28,True,True,False,True,2024-05-01 03:06:00+00:00
887,Hadassa,Almeida,HADassa.CAMArGo309@gmail.CoM,+55 24 92314-2900,novo,,,0,0.0,True,False,True,True,2026-01-24 03:06:00+00:00
888,Heitor,Nogueira,hEItOR.soUsA220@teRrA.COM.BR,+55 41 93279-7245,dormant,2024-08-25,2024-08-25,1,331.21,True,False,False,True,2025-05-28 03:06:00+00:00
889,Maria Luiza,,marialuiza.cassiano833@uol.com.br,+55 31 98481-0018,regular,2026-01-18,2026-04-15,3,1941.11,True,False,True,False,2025-03-19 03:06:00+00:00
890,Ana Carolina,Caldeira,anacarolina.moraes209@outlook.com.br,+55 63 90303-6625,regular,2025-08-02,2026-05-19,4,607.57,True,False,False,True,2025-07-27 03:06:00+00:00
891,Allana,Câmara,allana.rodrigues844@outlook.com.br,+55 48 97213-1451,regular,2025-11-28,2026-04-30,2,1671.46,True,True,True,True,2025-08-08 03:06:00+00:00
892,Brenda,Campos,brenda.fonseca481@hotmail.com,+55 24 99226-8592,dormant,2024-07-18,2024-07-18,1,134.94,True,False,False,True,2025-02-08 03:06:00+00:00
893,Laís,Cassiano,laís.rios702@bol.com.br,17 95147-5410,regular,2026-03-17,2026-05-20,4,730.51,True,True,True,True,2025-02-26 03:06:00+00:00
894,Kaique,Vasconcelos,kaique.rezende918@yahoo.com.br,31 92677-1196,novo,,,0,0.0,True,False,False,True,2026-06-13 03:06:00+00:00
895,Agatha,Casa Grande,agatha.borges440@terra.com.br,+55 54 92655-7676,regular,2025-09-03,2026-06-23,3,826.5,True,False,False,True,2025-03-06 03:06:00+00:00
896,Brenda,Carvalho,brenda.rezende961@uol.com.br,53 96878-8788,dormant,2025-05-16,2025-05-16,1,89.74,True,False,False,False,2024-01-19 03:06:00+00:00
897,Raul,Gomes,raul.barros26@outlook.com.br,+55 88 91350-3058,dormant,2025-04-01,2025-04-01,1,143.19,True,False,True,True,2024-05-23 03:06:00+00:00
898,Maria Júlia,,mariajúlia.carvalho112@hotmail.com,+55 32 95524-7286,dormant,2024-10-24,2024-10-24,1,151.18,True,True,False,True,2024-05-06 03:06:00+00:00
899,Ryan,Costela,ryan.câmara885@gmail.com,+55 62 91260-6501,dormant,2025-02-19,2025-02-19,1,450.77,True,True,False,True,2025-03-17 03:06:00+00:00
900,Diogo,Mendes,diogo.peixoto917@yahoo.com.br,+55 18 92521-3109,dormant,2025-02-06,2025-02-06,1,343.97,True,False,False,True,2024-11-29 03:06:00+00:00
901,Lara,Cassiano,lara.teixeira596@yahoo.com.br,85 92847-6570,dormant,2025-01-17,2025-01-17,1,331.66,True,False,True,True,2024-09-27 03:06:00+00:00
902,Allana,Camargo,allana.cassiano713@gmail.com,+55 19 99282-0667,novo,,,0,0.0,True,False,False,True,2026-01-26 03:06:00+00:00
903,Valentim,Oliveira,valentim.montenegro445@bol.com.br,+55 91 96241-8623,dormant,2025-03-22,2025-03-22,1,350.09,True,False,True,True,2024-07-02 03:06:00+00:00
904,Isadora,Pinto,isadora.araújo95@uol.com.br,55 92891-7756,premium,2025-07-07,2026-06-25,23,3244.98,True,True,True,True,2025-02-19 03:06:00+00:00
905,Gabrielly,Cavalcante,gabrielly.aragão387@terra.com.br,68 93411-1595,dormant,2024-08-11,2024-08-11,1,337.41,True,False,False,True,2024-04-15 03:06:00+00:00
906,Benjamin,da Costa,benjamin.dapaz828@yahoo.com.br,+55 47 91390-4383,regular,2025-11-08,2026-06-13,3,1078.43,True,True,False,True,2025-06-29 03:06:00+00:00
907,Benício,da Costa,benício.damata508@hotmail.com,+55 24 99700-5140,premium,2024-11-20,2026-06-21,24,9493.72,True,True,True,True,2024-04-18 03:06:00+00:00
908,Eduarda,Sá,eduarda.dapaz73@outlook.com.br,94 93565-2156,regular,2025-12-27,2026-06-17,4,1235.18,True,True,False,True,2025-07-12 03:06:00+00:00
909,Milena,Brito,milena.montenegro169@yahoo.com.br,+55 17 99679-0422,dormant,2024-07-25,2024-07-25,1,121.27,True,False,False,True,2025-04-20 03:06:00+00:00
910,Maria Fernanda,Barros,mARIAFerNAnDA.PireS313@HoTmail.coM,+55 92 93228-8985,novo,,,0,0.0,True,False,True,True,2026-01-15 03:06:00+00:00
911,Manuela,Viana,manuela.cardoso585@terra.com.br,18 95960-6339,dormant,2024-07-23,2024-07-23,1,177.86,True,False,False,True,2025-04-22 03:06:00+00:00
912,Dom,Cassiano,dom.nunes731@live.com,+55 44 90248-1717,dormant,2025-06-14,2025-06-14,1,125.43,True,False,False,True,2024-12-11 03:06:00+00:00
913,Ana Sophia,Cavalcante,anasophia.darocha346@yahoo.com.br,+55 34 94955-1127,dormant,2025-01-06,2025-01-06,1,59.33,True,True,False,True,2024-04-21 03:06:00+00:00
914,Valentim,Melo,valentim.dacunha536@live.com,+55 62 91970-5466,regular,2026-03-18,2026-04-06,4,1896.27,True,False,False,True,2025-03-21 03:06:00+00:00
915,José Pedro,Macedo,josépedro.fonseca554@icloud.com,28 95168-7409,regular,2025-08-28,2026-05-09,2,666.06,True,False,True,True,2025-04-24 03:06:00+00:00
916,Danilo,Sousa,danilo.vieira360@uol.com.br,+55 13 92146-2961,novo,,,0,0.0,True,True,False,True,2026-03-10 03:06:00+00:00
917,Pietro,Gomes,pietro.martins738@hotmail.com,42 97787-1121,novo,,,0,0.0,True,False,False,True,2026-01-22 03:06:00+00:00
918,Isabella,Vargas,isabella.lopes725@uol.com.br,62 95155-9737,novo,,,0,0.0,True,False,True,True,2026-05-31 03:06:00+00:00
919,Ian,da Mota,ian.marques636@gmail.com,+55 66 97235-9096,novo,,,0,0.0,True,False,True,True,2026-04-28 03:06:00+00:00
920,Davi,Fonseca,davi.vieira899@outlook.com.br,86 93030-6442,regular,2025-09-30,2026-05-07,3,579.24,True,True,False,True,2025-03-03 03:06:00+00:00
921,Enzo,Casa Grande,enzo.azevedo855@bol.com.br,,dormant,2025-03-16,2025-03-16,1,51.14,True,False,False,True,2024-10-18 03:06:00+00:00
922,Jade,Barros,jade.darosa110@live.com,67 98342-0165,dormant,2025-03-02,2025-03-02,1,394.05,True,False,False,True,2025-02-05 03:06:00+00:00
923,Ana Cecília,Cavalcante,anacecília.costa206@terra.com.br,67 97782-6596,dormant,2024-09-22,2024-09-22,1,434.3,True,False,True,True,2025-01-08 03:06:00+00:00
924,Antônio,Novais,antônio.viana97@uol.com.br,+55 37 99925-5027,premium,2025-01-09,2026-06-15,15,6344.8,True,False,False,True,2024-12-19 03:06:00+00:00
925,Juan,Monteiro,juan.dias627@hotmail.com,64 94807-2791,novo,,,0,0.0,True,True,False,True,2026-02-12 03:06:00+00:00
926,Brayan,Cunha,brayan.souza476@uol.com.br,67 98296-3533,dormant,2025-11-29,2025-11-29,1,349.84,True,False,True,True,2024-02-24 03:06:00+00:00
927,Arthur,Freitas,arthur.fonseca127@gmail.com,22 94817-7665,novo,,,0,0.0,True,False,False,True,2026-01-19 03:06:00+00:00
928,Clarice,Nogueira,clarice.lima244@icloud.com,35 91276-5289,regular,2026-03-18,2026-04-04,3,1007.8,False,True,True,True,2025-03-12 03:06:00+00:00
929,Luan,Nogueira,luan.lopes320@outlook.com.br,16 96491-1110,dormant,2024-08-24,2024-08-24,1,181.58,True,False,True,True,2024-01-31 03:06:00+00:00
930,Juliana,Caldeira,juliana.monteiro221@icloud.com,+55 45 97890-4633,regular,2026-02-17,2026-05-09,3,872.77,True,False,False,True,2025-08-19 03:06:00+00:00
931,Maria,Novaes,maria.garcia735@hotmail.com,,regular,2025-08-25,2026-05-04,3,1050.06,True,False,False,True,2025-08-18 03:06:00+00:00
932,Matteo,Melo,matteo.campos589@terra.com.br,83966053844,dormant,2025-09-16,2025-09-16,1,103.48,True,True,True,True,2024-11-07 03:06:00+00:00
933,Vinícius,das Neves,vinícius.vieira624@outlook.com.br,,regular,2026-03-31,2026-04-04,2,799.19,True,True,True,True,2025-07-02 03:06:00+00:00
934,Rodrigo,Abreu,rodrigo.leão496@gmail.com,+55 14 90258-9552,premium,2025-04-17,2026-06-27,5,10224.57,True,False,False,True,2025-03-15 03:06:00+00:00
935,Lorena,da Costa,lorena.novais934@outlook.com.br,+55 81 99609-6262,novo,,,0,0.0,False,True,False,True,2026-06-29 03:06:00+00:00
936,Isis,Dias,isis.moreira34@yahoo.com.br,,premium,2024-11-12,2026-06-21,8,6763.94,True,True,True,True,2024-07-12 03:06:00+00:00
937,Luiza,da Conceição,luiza.brito963@yahoo.com.br,95 91964-8253,regular,2026-01-25,2026-06-26,4,823.76,True,True,False,True,2024-12-22 03:06:00+00:00
938,Francisco,Borges,francisco.alves192@outlook.com.br,+55 13 99209-8196,regular,2025-09-04,2026-06-19,4,1513.03,True,False,True,True,2025-07-10 03:06:00+00:00
939,Benicio,Souza,benicio.siqueira256@yahoo.com.br,81952334383,dormant,2024-09-04,2024-09-04,1,353.28,True,True,False,True,2025-02-10 03:06:00+00:00
940,Gabriela,Vargas,gabriela.daluz901@gmail.com,14 91209-1179,novo,,,0,0.0,True,False,True,True,2026-06-15 03:06:00+00:00
941,Joaquim,Caldeira,joaquim.casagrande26@bol.com.br,11 92117-5361,novo,,,0,0.0,True,False,True,True,2026-05-03 03:06:00+00:00
942,Mariane,Vieira,mariane.almeida474@outlook.com.br,+55 35 97136-6572,regular,2025-08-04,2026-04-03,4,1872.04,True,True,False,True,2025-02-18 03:06:00+00:00
943,Luiz Miguel,da Rosa,luizmiguel.albuquerque250@yahoo.com.br,+55 19 91557-9980,regular,2025-11-22,2026-05-11,2,506.15,True,False,False,True,2025-07-03 03:06:00+00:00
944,Liam,Moreira,liam.sousa355@bol.com.br,+55 53 93908-0882,novo,,,0,0.0,True,False,False,True,2026-06-17 03:06:00+00:00
945,Pedro,Fonseca,pedro.camargo49@uol.com.br,+55 18 95231-2447,dormant,2025-06-17,2025-06-17,1,459.07,False,False,False,True,2025-04-20 03:06:00+00:00
946,Murilo,Borges,murilo.ferreira740@icloud.com,19 97768-6342,regular,2026-01-26,2026-04-12,4,1898.67,True,False,False,True,2025-08-18 03:06:00+00:00
947,Miguel,Rodrigues,miguel.silva254@bol.com.br,55919942376,dormant,2025-05-22,2025-05-22,1,168.45,True,True,False,True,2024-04-08 03:06:00+00:00
948,Maitê,Lima,maitê.peixoto880@bol.com.br,31 99196-6395,regular,2026-01-05,2026-05-13,3,1416.12,True,True,False,True,2025-02-05 03:06:00+00:00
949,Evelyn,Pires,evelyn.azevedo219@live.com,+55 69 90849-6498,premium,2025-12-26,2026-06-11,8,11143.95,True,False,True,True,2024-11-03 03:06:00+00:00
950,Clarice,Gonçalves,clarice.alves631@hotmail.com,+55 75 95625-3135,dormant,2025-08-22,2025-08-22,1,148.72,True,False,False,True,2025-01-24 03:06:00+00:00
951,Esther,Casa Grande,esther.vasconcelos154@terra.com.br,+55 53 90505-3795,premium,2025-11-25,2026-06-16,21,14157.11,True,False,False,True,2024-05-01 03:06:00+00:00
952,Ravi Lucca,Novais,ravilucca.azevedo784@outlook.com.br,16 99383-1849,dormant,2024-12-17,2024-12-17,1,133.66,True,False,False,True,2025-01-21 03:06:00+00:00
953,Dom,Oliveira,dom.ramos14@outlook.com.br,73 95533-0770,regular,2025-11-15,2026-06-24,2,1447.33,True,False,True,True,2025-02-04 03:06:00+00:00
954,Yan,Leão,yan.campos712@hotmail.com,79929596390,regular,2025-09-30,2026-04-24,4,916.42,True,False,False,True,2025-08-23 03:06:00+00:00
955,Alice,,alice.almeida170@gmail.com,83 94260-8805,dormant,2024-10-02,2024-10-02,1,222.85,True,True,True,True,2024-09-07 03:06:00+00:00
956,Arthur Gabriel,Azevedo,arthurgabriel.melo593@hotmail.com,66 94455-6185,regular,2026-01-10,2026-05-23,4,1007.96,True,False,False,True,2024-11-28 03:06:00+00:00
957,Marina,Pimenta,marina.aragão915@outlook.com.br,21 97715-9103,regular,2025-07-10,2026-06-18,3,1938.05,True,False,False,True,2024-12-06 03:06:00+00:00
958,Calebe,Albuquerque,calebe.carvalho791@hotmail.com,32 96321-3580,dormant,2025-01-21,2025-01-21,1,455.66,True,True,False,True,2025-04-19 03:06:00+00:00
959,Cauã,da Luz,cauã.viana51@gmail.com,+5548904145964,dormant,2024-12-17,2024-12-17,1,195.73,True,False,False,True,2024-08-29 03:06:00+00:00
960,Luigi,Carvalho,luigi.pacheco701@live.com,+55 51 92529-6718,regular,2025-10-13,2026-04-29,3,1890.9,True,False,False,True,2025-03-05 03:06:00+00:00
961,Sarah,da Costa,sarah.oliveira898@live.com,91 94573-1441,regular,2026-01-03,2026-05-03,2,920.69,True,False,False,True,2025-02-18 03:06:00+00:00
962,Clarice,Novais,clarice.dacruz301@uol.com.br,+55 37 91703-0376,dormant,2025-09-02,2025-09-02,1,237.5,True,False,False,True,2025-04-20 03:06:00+00:00
963,Marcos Vinicius,Mendonça,marcosvinicius.caldeira809@terra.com.br,+55 85 99885-4728,dormant,2025-01-13,2025-01-13,1,299.74,True,False,True,True,2025-05-18 03:06:00+00:00
964,Heitor,Cardoso,heitor.câmara671@terra.com.br,53 97983-6314,novo,,,0,0.0,True,False,False,True,2026-01-18 03:06:00+00:00
965,Lavínia,Cavalcante,lavínia.rodrigues580@bol.com.br,+55 46 92711-3072,regular,2025-08-24,2026-05-03,3,1718.6,True,False,True,True,2025-08-29 03:06:00+00:00
966,Vitor,Alves,vitor.melo198@icloud.com,79 95418-1563,dormant,2025-02-06,2025-02-06,1,122.32,True,False,False,True,2025-06-19 03:06:00+00:00
967,Kevin,Gonçalves,kevin.montenegro599@outlook.com.br,96 95074-5106,regular,2026-02-11,2026-05-22,4,1326.48,True,False,False,True,2025-09-22 03:06:00+00:00
968,Lavínia,Correia,lavínia.darocha815@uol.com.br,63 92948-9786,regular,2025-10-20,2026-04-22,2,1455.92,True,True,False,True,2025-06-29 03:06:00+00:00
969,Henrique,Rodrigues,henrique.aragão947@uol.com.br,+55 48 93100-9431,novo,,,0,0.0,True,True,True,True,2026-02-28 03:06:00+00:00
970,Sophia,Brito,sophia.damota441@uol.com.br,63 96613-4732,dormant,2024-09-20,2024-09-20,1,174.17,True,False,True,True,2025-03-18 03:06:00+00:00
971,Nicolas,Ferreira,nicolas.porto298@bol.com.br,17901289743,regular,2025-11-10,2026-06-04,4,1081.37,True,False,True,True,2025-08-21 03:06:00+00:00
972,Luigi,Dias,luigi.rodrigues631@hotmail.com,+55 69 92572-0765,regular,2025-08-06,2026-04-13,4,541.24,True,False,False,True,2025-05-08 03:06:00+00:00
973,Asafe,Cavalcanti,asafe.daluz174@hotmail.com,+55 71 90957-9073,regular,2025-12-06,2026-06-05,3,1206.88,True,False,True,True,2025-05-01 03:06:00+00:00
974,Maria Julia,Camargo,mariajulia.aparecida590@gmail.com,18 93882-2114,premium,2025-06-24,2026-06-11,18,5133.41,True,False,False,True,2024-08-11 03:06:00+00:00
975,Bruna,Machado,bruna.mendonça204@terra.com.br,+55 98 97457-0545,dormant,2025-07-02,2025-07-02,1,366.26,True,False,False,True,2024-11-01 03:06:00+00:00
976,Rafaela,Vasconcelos,rafaela.ribeiro60@live.com,+55 48 94802-6325,dormant,2025-03-07,2025-03-07,1,475.58,True,False,True,True,2024-12-01 03:06:00+00:00
977,Maysa,Alves,maysa.dacruz563@outlook.com.br,45 93136-1487,regular,2025-08-17,2026-06-11,4,1792.04,True,False,True,True,2025-08-01 03:06:00+00:00
978,Sara,Cavalcanti,sara.daluz807@terra.com.br,34 96964-4309,regular,2025-12-02,2026-06-24,2,1751.38,True,True,True,True,2024-12-02 03:06:00+00:00
979,Raquel,Sampaio,raquel.fernandes897@hotmail.com,71 97954-1072,dormant,2025-10-12,2025-10-12,1,292.21,True,False,False,True,2025-04-18 03:06:00+00:00
980,Maria Flor,,mariaflor.rodrigues714@yahoo.com.br,99 94982-4741,dormant,2024-09-23,2024-09-23,1,300.25,True,True,False,True,2025-01-03 03:06:00+00:00
981,Ana Beatriz,Albuquerque,anabeatriz.marques656@gmail.com,+55 87 94910-7406,dormant,2025-01-09,2025-01-09,1,266.86,True,False,True,True,2024-05-24 03:06:00+00:00
982,Clarice,Ribeiro,clarice.abreu297@gmail.com,,regular,2025-09-21,2026-05-20,4,1863.33,True,False,False,True,2025-06-08 03:06:00+00:00
983,Theodoro,Carvalho,theodoro.ferreira392@bol.com.br,94982142369,dormant,2025-03-21,2025-03-21,1,116.58,True,False,False,True,2024-10-02 03:06:00+00:00
984,Enrico,da Rocha,enrico.câmara981@gmail.com,86 95366-6144,novo,,,0,0.0,True,False,False,True,2026-06-26 03:06:00+00:00
985,Ana Lívia,Cavalcanti,analívia.nunes922@outlook.com.br,32 99234-2683,novo,,,0,0.0,False,True,False,True,2026-01-24 03:06:00+00:00
986,Ana Julia,das Neves,anajulia.barros943@bol.com.br,83 98266-1287,premium,2025-08-22,2026-06-19,14,5441.03,True,False,False,True,2024-02-29 03:06:00+00:00
987,Ana Sophia,Montenegro,anasophia.rodrigues336@terra.com.br,84 95676-6708,dormant,2025-07-21,2025-07-21,1,114.87,True,False,False,True,2024-04-04 03:06:00+00:00
988,Benjamim,Vargas,benjamim.leão279@hotmail.com,+55 62 99439-8529,dormant,2025-06-10,2025-06-10,1,324.01,True,True,False,True,2024-11-14 03:06:00+00:00
989,Yasmin,Nunes,yasmin.darocha398@gmail.com,55 92607-8701,novo,,,0,0.0,True,False,False,True,2026-06-21 03:06:00+00:00
990,Daniel,da Mata,daniel.rezende81@hotmail.com,35 99149-7501,novo,,,0,0.0,True,False,False,True,2026-05-13 03:06:00+00:00
991,Nina,Sousa,NiNa.silVA769@GmAIl.Com,+55 84 98287-2324,regular,2026-02-03,2026-05-12,4,1858.8,True,False,False,True,2024-12-20 03:06:00+00:00
992,Ana Lívia,Silveira,analívia.abreu942@live.com,+55 83 91102-9181,regular,2025-09-24,2026-05-26,2,1337.7,True,False,True,True,2025-07-15 03:06:00+00:00
993,Thales,Costela,thales.caldeira930@live.com,+55 17 98760-1467,regular,2025-10-18,2026-05-09,4,642.4,True,False,False,True,2025-03-26 03:06:00+00:00
994,Léo,da Costa,léo.nogueira43@bol.com.br,74 99162-0223,dormant,2024-11-28,2024-11-28,1,419.16,True,False,False,True,2024-02-16 03:06:00+00:00
995,Luigi,Moraes,luigi.sousa518@icloud.com,+5583977441975,novo,,,0,0.0,True,False,True,True,2026-05-15 03:06:00+00:00
996,Yan,Gonçalves,yan.gomes717@hotmail.com,83 96620-4719,regular,2025-08-11,2026-06-06,3,1889.22,True,True,False,True,2025-04-05 03:06:00+00:00
997,Heloisa,Albuquerque,heloisa.pacheco853@bol.com.br,+55 19 99705-2774,dormant,2025-02-14,2025-02-14,1,332.99,True,True,True,True,2024-06-26 03:06:00+00:00
998,Antony,Castro,antony.fogaça995@icloud.com,,novo,,,0,0.0,True,False,False,True,2026-01-12 03:06:00+00:00
999,Milena,Costela,milena.ferreira456@icloud.com,54 98122-5957,regular,2025-09-28,2026-06-02,2,1383.56,True,False,False,True,2025-09-30 03:06:00+00:00
1000,João Lucas,da Mota,joãolucas.viana348@bol.com.br,,regular,2025-08-18,2026-06-02,3,1235.69,True,False,False,True,2025-01-23 03:06:00+00:00
1001,Isabel,Azevedo,isabel.ramos283@live.com,49 97929-8842,regular,2025-08-03,2026-05-29,4,1970.59,True,False,True,True,2025-01-14 03:06:00+00:00
1002,Ayla,Pastor,ayla.pacheco839@terra.com.br,63 91002-3117,regular,2025-10-16,2026-05-27,4,928.6,True,False,False,True,2025-01-02 03:06:00+00:00
1003,Maria Laura,Duarte,MarIALAurA.teiXEIRa773@uOL.Com.br,+55 93 91266-1094,dormant,2024-12-18,2024-12-18,1,374.17,True,False,True,True,2024-11-16 03:06:00+00:00
1004,Ian,Andrade,ian.souza173@hotmail.com,75 95902-5176,dormant,2024-12-10,2024-12-10,1,385.96,True,True,False,True,2024-05-31 03:06:00+00:00
1005,João Felipe,Porto,joãofelipe.oliveira882@icloud.com,+55 83 93477-4332,premium,2025-12-19,2026-06-04,9,2804.2,True,False,False,True,2024-10-07 03:06:00+00:00
1006,Luara,Moura,luara.vieira100@uol.com.br,+55 42 99013-0205,regular,2026-04-01,2026-06-17,4,1923.2,True,True,False,True,2024-12-22 03:06:00+00:00
1007,Joana,Nunes,joana.nogueira235@hotmail.com,38 92873-3978,regular,2025-11-27,2026-05-20,4,1944.8,True,False,False,True,2025-01-02 03:06:00+00:00
1008,Clarice,Fogaça,clarice.pinto616@icloud.com,+55 62 91766-1912,dormant,2025-10-03,2025-10-03,1,344.05,True,False,True,True,2024-03-27 03:06:00+00:00
1009,Pietra,da Rosa,pietra.brito726@hotmail.com,,dormant,2025-09-29,2025-09-29,1,392.85,True,True,False,True,2024-12-02 03:06:00+00:00
1010,Melina,da Conceição,melina.aragão392@icloud.com,34 90344-6512,dormant,2024-11-29,2024-11-29,1,316.97,True,False,False,True,2025-03-28 03:06:00+00:00
1011,Alícia,Barbosa,alícia.nascimento832@uol.com.br,98 99846-9081,regular,2025-12-26,2026-04-13,4,802.51,True,False,False,True,2025-05-30 03:06:00+00:00
1012,Maria Julia,da Luz,mariajulia.rezende641@gmail.com,+55 19 95643-5023,dormant,2024-07-28,2024-07-28,1,308.18,True,True,False,True,2024-01-15 03:06:00+00:00
1013,Ágatha,Siqueira,ágatha.farias573@gmail.com,+55 93 97199-0516,regular,2025-10-14,2026-04-29,2,1234.17,True,False,False,True,2025-04-01 03:06:00+00:00
1014,Enrico,,eNrico.NoVaES97@LiVE.CoM,+55 55 94010-7835,regular,2025-10-02,2026-05-21,2,1168.63,True,False,True,True,2025-04-06 03:06:00+00:00
1015,Lorena,Mendes,lorena.darosa355@uol.com.br,+55 16 90038-9608,dormant,2025-05-25,2025-05-25,1,332.89,True,False,True,True,2024-05-31 03:06:00+00:00
1016,Maria Luísa,Aragão,marialuísa.gomes558@outlook.com.br,+55 54 96682-1719,regular,2026-01-14,2026-06-17,2,1152.42,True,False,False,True,2025-02-06 03:06:00+00:00
1017,Emilly,Fogaça,emilly.correia394@terra.com.br,73 90331-9036,premium,2025-07-04,2026-06-24,25,4429.82,False,True,False,True,2025-06-19 03:06:00+00:00
1018,Stella,Nunes,stella.aparecida415@gmail.com,+55 96 90102-7240,regular,2025-08-27,2026-04-02,4,1969.09,True,False,True,True,2025-03-09 03:06:00+00:00
1019,Ana Sophia,Ferreira,anasophia.pereira610@uol.com.br,18 92967-1114,regular,2025-08-17,2026-06-24,3,1530.23,True,False,False,True,2025-03-22 03:06:00+00:00
1020,Yasmin,Costela,yasmin.monteiro949@terra.com.br,+55 88 97458-4384,dormant,2025-07-07,2025-07-07,1,54.41,True,True,True,True,2025-05-09 03:06:00+00:00
1021,Antonella,Sampaio,antonella.nogueira19@icloud.com,+55 46 90569-7413,dormant,2025-10-13,2025-10-13,1,357.27,True,False,True,True,2024-08-18 03:06:00+00:00
1022,João Guilherme,Moreira,joãoguilherme.daconceição420@bol.com.br,+55 85 91520-3771,regular,2026-01-15,2026-04-02,3,1814.44,True,False,False,True,2024-11-29 03:06:00+00:00
1023,Asafe,Monteiro,asafe.andrade478@bol.com.br,15 99641-0496,novo,,,0,0.0,True,False,False,True,2026-06-13 03:06:00+00:00
1024,Maya,Almeida,maya.garcia995@outlook.com.br,75 90336-2680,regular,2026-01-04,2026-06-15,2,1585.99,True,True,False,True,2025-09-17 03:06:00+00:00
1025,Ana Laura,Andrade,analaura.nogueira691@terra.com.br,,regular,2025-08-12,2026-05-17,4,1935.69,True,False,False,True,2025-05-10 03:06:00+00:00
1026,Benjamim,Pereira,benjamim.sá465@terra.com.br,11 99305-9660,regular,2025-09-29,2026-04-08,3,1282.72,True,False,True,True,2025-03-23 03:06:00+00:00
1027,Henrique,Novaes,henrique.gomes165@bol.com.br,83 96998-4267,dormant,2025-04-11,2025-04-11,1,472.59,True,False,True,True,2024-12-31 03:06:00+00:00
1028,Renan,Cardoso,renan.albuquerque931@bol.com.br,14 91384-5960,novo,,,0,0.0,True,True,False,True,2026-03-03 03:06:00+00:00
1029,Yan,Fonseca,yan.damata243@bol.com.br,+55 14 91495-4277,regular,2025-09-15,2026-04-04,3,727.5,True,True,True,True,2025-02-06 03:06:00+00:00
1030,Arthur Gabriel,Macedo,arthurgabriel.albuquerque179@live.com,,novo,,,0,0.0,True,False,False,True,2026-05-04 03:06:00+00:00
1031,Brayan,Fogaça,brayan.mendes576@icloud.com,+55 87 96091-4985,regular,2026-02-20,2026-05-16,4,541.53,True,False,False,True,2025-07-08 03:06:00+00:00
1032,Davi Lucas,Macedo,davilUCAs.ciriNO611@BOL.COM.bR,14 94723-2290,dormant,2025-05-25,2025-05-25,1,428.54,True,True,False,True,2025-03-02 03:06:00+00:00
1033,Ravi Lucca,Camargo,ravilucca.rezende876@gmail.com,+55 77 98795-0830,regular,2026-02-23,2026-05-28,3,1678.13,True,False,False,True,2025-06-10 03:06:00+00:00
1034,Valentim,da Cunha,valentim.almeida993@terra.com.br,+55 24 99351-1871,premium,2025-02-01,2026-06-12,8,4422.34,True,False,False,True,2025-04-26 03:06:00+00:00
1035,Nina,Barbosa,nina.dacosta204@uol.com.br,33 99561-6420,regular,2025-11-25,2026-05-25,4,1411.52,True,False,True,True,2025-02-12 03:06:00+00:00
1036,Beatriz,Pereira,beatriz.viana958@terra.com.br,,novo,,,0,0.0,True,True,True,True,2026-04-11 03:06:00+00:00
1037,Bruna,Jesus,bruna.rezende201@terra.com.br,85 94902-5042,dormant,2025-01-23,2025-01-23,1,143.0,True,True,False,True,2025-01-11 03:06:00+00:00
1038,Benjamim,,benjamim.caldeira544@uol.com.br,,regular,2025-12-15,2026-06-06,2,659.9,False,True,False,True,2025-08-25 03:06:00+00:00
1039,Ana Sophia,Moraes,anasophia.silva646@icloud.com,41 93690-2611,regular,2025-08-07,2026-04-11,2,618.1,True,True,False,True,2025-08-02 03:06:00+00:00
1040,Pietro,Nunes,pietro.montenegro873@icloud.com,67 98180-9788,dormant,2024-08-26,2024-08-26,1,300.64,True,False,False,True,2024-01-26 03:06:00+00:00
1041,Lunna,Dias,lunna.damata524@uol.com.br,19 93535-3751,dormant,2024-11-05,2024-11-05,1,254.79,True,False,False,True,2024-06-30 03:06:00+00:00
1042,Rodrigo,Macedo,rodrigo.siqueira708@outlook.com.br,45 91588-1579,regular,2025-08-13,2026-05-05,3,1188.18,True,True,False,True,2025-01-02 03:06:00+00:00
1043,Raul,Machado,raul.viana597@outlook.com.br,+55 91 99283-6929,novo,,,0,0.0,True,True,True,True,2026-03-23 03:06:00+00:00
1044,Vicente,Vieira,vicente.dapaz725@terra.com.br,28 91166-8297,premium,2024-11-09,2026-06-06,18,13558.25,True,False,True,True,2024-11-14 03:06:00+00:00
1045,Miguel,Cirino,miguel.marques700@gmail.com,+55 69 91648-7120,dormant,2024-07-16,2024-07-16,1,56.12,True,False,True,True,2025-05-30 03:06:00+00:00
1046,Lorena,Alves,lorena.sales752@yahoo.com.br,+55 35 92886-6526,regular,2025-10-26,2026-05-13,2,1086.05,True,True,True,True,2025-06-14 03:06:00+00:00
1047,Rodrigo,,rodrigo.silva8@bol.com.br,+5551955999101,regular,2025-10-07,2026-06-19,2,1445.91,True,False,True,True,2025-08-24 03:06:00+00:00
1048,Daniela,Machado,daniela.jesus512@live.com,73 94722-9812,regular,2025-10-03,2026-04-14,4,1062.06,True,False,True,True,2025-06-10 03:06:00+00:00
1049,Anthony Gabriel,Pastor,anthonygabriel.pastor304@terra.com.br,81 96572-8941,regular,2026-01-15,2026-05-24,2,1417.3,True,False,False,True,2024-12-22 03:06:00+00:00
1050,Ravi,da Rosa,ravi.monteiro720@terra.com.br,+55 27 99889-8645,regular,2026-04-01,2026-05-27,4,961.62,True,True,False,True,2025-06-17 03:06:00+00:00
1051,Hadassa,Dias,HadAssA.Sá728@yaHOo.com.Br,+55 63 90368-4995,dormant,2025-09-10,2025-09-10,1,315.94,True,True,True,True,2024-04-21 03:06:00+00:00
1052,Gael Henrique,Ferreira,gaelhenrique.dapaz882@yahoo.com.br,+55 51 94477-3244,regular,2025-09-06,2026-04-18,4,953.49,True,False,False,True,2025-08-06 03:06:00+00:00
1053,Heitor,da Conceição,heitor.rios618@bol.com.br,+55 63 91388-2090,dormant,2024-08-27,2024-08-27,1,291.17,True,False,True,True,2024-05-21 03:06:00+00:00
1054,Valentina,Nascimento,valentina.correia333@gmail.com,91 90534-9678,dormant,2025-02-21,2025-02-21,1,199.74,True,False,False,True,2024-09-13 03:06:00+00:00
1055,José,Marques,josé.darocha332@hotmail.com,+55 51 97674-1241,dormant,2025-08-13,2025-08-13,1,364.66,True,True,True,True,2025-02-11 03:06:00+00:00
1056,Daniela,Barros,daniela.souza421@uol.com.br,+55 37 95285-4781,dormant,2025-08-05,2025-08-05,1,184.47,True,True,True,True,2024-05-04 03:06:00+00:00
1057,Ana Vitória,Andrade,anavitória.lopes730@hotmail.com,99 95380-0329,regular,2025-07-14,2026-04-08,4,705.65,True,True,False,True,2025-09-03 03:06:00+00:00
1058,Fernanda,Câmara,fernanda.rocha941@uol.com.br,11 97272-7423,premium,2025-10-19,2026-06-06,11,7258.24,True,False,False,True,2025-02-14 03:06:00+00:00
1059,Felipe,Moreira,felipe.silveira878@uol.com.br,+55 11 96178-9320,dormant,2025-06-27,2025-06-27,1,136.73,True,False,False,True,2024-07-15 03:06:00+00:00
1060,Larissa,Sales,larissa.daluz102@outlook.com.br,+55 93 95782-4347,premium,2024-11-18,2026-06-18,24,8131.49,True,False,True,True,2024-12-23 03:06:00+00:00
1061,Mariana,Vieira,mariana.pires624@outlook.com.br,44 98741-3146,dormant,2024-07-10,2024-07-10,1,229.24,True,False,False,True,2025-05-19 03:06:00+00:00
1062,Maitê,Duarte,maitê.dacruz23@outlook.com.br,+55 49 92751-5627,dormant,2025-03-23,2025-03-23,1,106.42,True,False,False,True,2024-02-01 03:06:00+00:00
1063,Mariana,Peixoto,mariana.jesus878@uol.com.br,+55 18 94483-6085,novo,,,0,0.0,True,False,False,True,2026-05-18 03:06:00+00:00
1064,Vicente,Rocha,vicente.dias808@outlook.com.br,55 97664-0473,dormant,2024-10-16,2024-10-16,1,442.68,True,True,True,True,2024-08-14 03:06:00+00:00
1065,Camila,Porto,cAmiLa.APaRECida126@BoL.CoM.bR,77 96392-8319,regular,2025-11-18,2026-06-14,2,934.91,True,False,False,True,2025-09-11 03:06:00+00:00
1066,Bella,Cardoso,bella.pereira984@icloud.com,+55 16 90615-5810,dormant,2025-12-17,2025-12-17,1,352.39,True,False,False,True,2025-03-10 03:06:00+00:00
1067,Rafaela,Costela,rafaela.fonseca784@icloud.com,+55 82 92863-4255,regular,2026-03-17,2026-05-08,2,501.98,True,False,False,True,2025-08-16 03:06:00+00:00
1068,Júlia,Cunha,júlia.novaes177@uol.com.br,+55 14 90081-8670,dormant,2024-09-11,2024-09-11,1,234.63,True,True,False,True,2024-05-18 03:06:00+00:00
1069,Levi,da Paz,levi.darosa52@gmail.com,+55 91 93041-6624,regular,2025-08-16,2026-04-24,2,1046.75,True,False,True,True,2025-01-26 03:06:00+00:00
1070,Enzo Gabriel,Barbosa,enzogabriel.barbosa371@icloud.com,66 90089-2196,regular,2025-09-05,2026-05-26,2,1793.63,True,False,True,True,2025-04-19 03:06:00+00:00
1071,Mathias,Pereira,mathias.dasneves583@terra.com.br,68980447314,premium,2024-07-11,2026-06-03,21,7402.27,True,True,False,False,2024-05-15 03:06:00+00:00
1072,Maria Julia,Garcia,mariajulia.darocha537@outlook.com.br,+55 43 93684-7488,dormant,2025-05-27,2025-05-27,1,238.93,True,False,False,True,2025-01-27 03:06:00+00:00
1073,Samuel,Garcia,samuel.almeida352@live.com,,premium,2025-10-01,2026-06-06,14,7149.59,True,False,False,True,2024-07-13 03:06:00+00:00
1074,Isabel,,isabel.freitas34@icloud.com,+5547973906375,dormant,2025-01-27,2025-01-27,1,81.19,True,True,False,True,2024-08-05 03:06:00+00:00
1075,Maria Liz,Nunes,marializ.caldeira212@bol.com.br,35 92118-2379,regular,2026-03-25,2026-04-04,4,1364.42,True,False,False,True,2025-07-18 03:06:00+00:00
1076,Theo,Barros,theo.casagrande669@outlook.com.br,86 98930-7464,regular,2025-11-07,2026-05-07,2,1477.93,True,False,False,True,2024-12-31 03:06:00+00:00
1077,Bárbara,Cassiano,bárbara.andrade144@terra.com.br,64904387875,novo,,,0,0.0,True,False,False,True,2026-05-06 03:06:00+00:00
1078,Ravy,Duarte,ravy.martins512@live.com,97 98116-1620,regular,2026-01-14,2026-05-11,4,1717.34,True,True,False,True,2025-05-17 03:06:00+00:00
1079,Lorenzo,Moreira,lorenzo.souza229@hotmail.com,+55 69 93710-6728,dormant,2025-05-26,2025-05-26,1,449.76,True,True,False,True,2025-05-03 03:06:00+00:00
1080,Mariah,Carvalho,mariah.souza190@icloud.com,67 96041-6448,regular,2026-01-16,2026-04-18,4,1319.08,True,False,True,True,2025-03-15 03:06:00+00:00
1081,Ayla,Pimenta,ayla.freitas46@yahoo.com.br,+55 63 94839-5894,dormant,2025-06-14,2025-06-14,1,69.98,True,False,True,True,2024-03-11 03:06:00+00:00
1082,Maria Julia,Martins,mariajulia.costela78@terra.com.br,+55 61 92870-5622,premium,2024-07-06,2026-06-11,5,4641.08,True,False,True,True,2024-05-12 03:06:00+00:00
1083,Maria Isis,Azevedo,mariaisis.abreu535@bol.com.br,+55 79 93187-5109,regular,2025-11-07,2026-04-09,4,625.59,True,False,False,True,2025-01-15 03:06:00+00:00
1084,Maria Helena,Peixoto,mariahelena.castro581@hotmail.com,,regular,2025-11-30,2026-06-22,3,1413.62,True,True,False,True,2025-04-26 03:06:00+00:00
1085,Clara,Porto,clara.novais291@uol.com.br,41 90344-6945,premium,2025-04-25,2026-06-09,24,11957.46,True,False,True,True,2024-09-02 03:06:00+00:00
1086,Isis,da Cunha,isIs.NOvaiS769@icLoUD.cOm,+55 83 91921-3424,dormant,2024-12-31,2024-12-31,1,251.25,True,False,False,True,2024-03-05 03:06:00+00:00
1087,Gustavo,Cardoso,gustavo.moreira347@outlook.com.br,34 99994-9732,regular,2025-08-14,2026-05-16,3,1198.81,True,True,True,True,2025-08-30 03:06:00+00:00
1088,André,Viana,andré.daconceição902@uol.com.br,,regular,2026-01-06,2026-06-01,2,1855.01,True,True,False,True,2025-08-05 03:06:00+00:00
1089,Fernando,Pimenta,fernando.casagrande203@yahoo.com.br,+55 69 97051-0287,regular,2026-02-26,2026-05-28,2,1463.27,True,False,True,True,2025-03-18 03:06:00+00:00
1090,Laís,Rios,laÍS.MeLO54@tERRa.CoM.br,22 98138-6667,regular,2025-09-09,2026-04-23,3,688.57,True,True,False,True,2025-07-13 03:06:00+00:00
1091,Daniela,das Neves,daniela.moreira903@terra.com.br,+55 38 99324-2687,dormant,2025-05-23,2025-05-23,1,395.49,True,False,False,True,2025-04-09 03:06:00+00:00
1092,Mariana,Sales,mariana.viana255@bol.com.br,+55 51 98652-0575,regular,2025-11-29,2026-05-31,4,804.93,True,False,False,True,2025-01-10 03:06:00+00:00
1093,Laís,Cunha,laís.pimenta118@icloud.com,,novo,,,0,0.0,True,False,False,True,2026-06-27 03:06:00+00:00
1094,Mateus,Garcia,mateus.freitas195@yahoo.com.br,+55 13 93758-3094,dormant,2025-05-06,2025-05-06,1,181.29,True,True,False,True,2024-02-13 03:06:00+00:00
1095,Bella,Brito,bella.freitas788@bol.com.br,94 90940-4760,regular,2025-11-13,2026-05-01,4,1197.29,True,True,True,True,2025-07-18 03:06:00+00:00
1096,Thiago,da Mota,thiago.pires883@gmail.com,+55 18 97977-2781,dormant,2025-10-24,2025-10-24,1,490.59,False,True,False,True,2025-06-20 03:06:00+00:00
1097,Breno,Freitas,breno.alves63@yahoo.com.br,+55 74 92161-0705,novo,,,0,0.0,True,False,False,True,2026-04-17 03:06:00+00:00
1098,Gael,Nogueira,gael.damota354@uol.com.br,+55 15 95529-5806,dormant,2025-12-28,2025-12-28,1,304.54,True,False,False,True,2024-06-07 03:06:00+00:00
1099,Lara,Rios,LaRa.rIoS358@GMAIL.cOM,+55 33 93824-1270,dormant,2025-07-06,2025-07-06,1,403.52,True,False,True,True,2024-08-15 03:06:00+00:00
1100,Yuri,Pereira,yuri.costa404@icloud.com,64 92044-8515,regular,2025-10-27,2026-06-14,3,601.51,True,False,False,True,2025-06-15 03:06:00+00:00
1101,Maria Flor,Nunes,mariaflor.sampaio75@hotmail.com,83 91112-1259,premium,2024-07-21,2026-06-13,21,4770.78,False,False,False,True,2025-02-22 03:06:00+00:00
1102,Asafe,Vargas,asafe.cavalcante949@gmail.com,+55 87 95713-4324,regular,2025-08-29,2026-05-06,3,1648.3,True,False,False,True,2025-04-19 03:06:00+00:00
1103,Cauê,,cauê.garcia711@bol.com.br,+55 74 94295-6334,novo,,,0,0.0,True,False,True,True,2026-02-11 03:06:00+00:00
1104,Murilo,Cavalcanti,murilo.darocha631@bol.com.br,74 94175-9558,dormant,2025-04-23,2025-04-23,1,265.15,True,False,True,True,2024-06-16 03:06:00+00:00
1105,Manuella,Pires,manuella.rodrigues541@yahoo.com.br,+55 21 99628-9365,premium,2024-09-08,2026-06-20,25,2526.75,True,True,False,True,2024-05-29 03:06:00+00:00
1106,Alícia,,alícia.costela976@terra.com.br,94 98418-3437,regular,2025-10-08,2026-06-09,2,877.62,True,False,False,True,2025-09-01 03:06:00+00:00
1107,Vicente,Andrade,vicente.camargo74@icloud.com,+55 77 97279-5596,regular,2025-07-18,2026-04-16,4,675.35,True,True,False,True,2025-04-13 03:06:00+00:00
1108,Bernardo,Duarte,bernardo.sampaio27@hotmail.com,44902675512,regular,2026-03-25,2026-04-03,4,961.06,True,False,False,True,2025-01-18 03:06:00+00:00
1109,Elisa,das Neves,elisa.castro306@live.com,+55 77 90797-9966,regular,2025-08-29,2026-06-26,4,1417.15,True,False,True,True,2024-12-04 03:06:00+00:00
1110,Maria Júlia,da Cruz,mariajúlia.dacunha784@terra.com.br,,novo,,,0,0.0,False,True,False,True,2026-03-21 03:06:00+00:00
1111,Bárbara,Mendes,bárbara.rocha681@outlook.com.br,21 90381-6649,dormant,2025-07-31,2025-07-31,1,55.05,True,False,False,True,2025-01-27 03:06:00+00:00
1112,Isadora,Pastor,ISaDorA.ALVEs840@yAHOo.cOM.BR,,novo,,,0,0.0,True,False,True,True,2026-03-04 03:06:00+00:00
1113,Olivia,Cavalcante,olivia.darosa877@icloud.com,+5582992250142,dormant,2024-08-25,2024-08-25,1,76.13,True,False,True,True,2025-05-10 03:06:00+00:00
1114,Cecilia,Marques,cecilia.gonçalves23@yahoo.com.br,82 90232-4412,dormant,2025-08-02,2025-08-02,1,400.16,True,False,False,True,2024-11-09 03:06:00+00:00
1115,Ravy,Costela,ravy.lopes50@hotmail.com,+55 95 92850-7251,regular,2025-11-08,2026-05-08,2,1772.14,True,False,False,True,2025-06-12 03:06:00+00:00
1116,Maria Julia,Novaes,mariajulia.rodrigues549@outlook.com.br,+55 86 97673-1625,dormant,2025-04-14,2025-04-14,1,295.99,True,False,False,True,2024-10-01 03:06:00+00:00
1117,João Felipe,Guerra,joãofelipe.vargas265@terra.com.br,16969681579,dormant,2025-02-10,2025-02-10,1,413.92,True,False,False,True,2025-01-04 03:06:00+00:00
1118,Benjamim,Câmara,benjamim.pereira836@yahoo.com.br,+55 93 95558-0996,dormant,2024-09-07,2024-09-07,1,187.33,True,False,False,True,2024-10-16 03:06:00+00:00
1119,Eduardo,Ramos,eduardo.daconceição61@yahoo.com.br,,regular,2026-03-20,2026-05-27,2,1165.6,True,False,False,True,2025-01-13 03:06:00+00:00
1120,Melina,Correia,melina.aparecida746@uol.com.br,22 96156-2624,novo,,,0,0.0,True,False,False,True,2026-04-08 03:06:00+00:00
1121,Ana Lívia,Gomes,analívia.rocha493@live.com,+55 19 94622-6817,dormant,2025-08-25,2025-08-25,1,183.37,True,False,True,True,2024-01-14 03:06:00+00:00
1122,Enzo,Ferreira,enzo.rodrigues824@hotmail.com,63 90252-9867,dormant,2024-10-20,2024-10-20,1,264.63,True,False,True,True,2025-05-10 03:06:00+00:00
1123,Antônio,Mendonça,antônio.rezende714@outlook.com.br,68 90464-1978,regular,2025-08-18,2026-05-24,3,1708.25,True,False,True,True,2025-06-14 03:06:00+00:00
1124,Esther,Vasconcelos,esther.melo185@terra.com.br,46 91268-6120,premium,2026-01-01,2026-06-07,8,10234.59,True,False,True,True,2024-02-19 03:06:00+00:00
1125,Bárbara,Santos,bárbara.pastor39@bol.com.br,+55 82 98976-0740,regular,2025-11-20,2026-04-26,2,539.04,True,False,False,True,2025-01-13 03:06:00+00:00
1126,Joaquim,Mendonça,joaquim.marques897@terra.com.br,+55 27 99546-5408,novo,,,0,0.0,True,False,True,True,2026-02-25 03:06:00+00:00
1127,Vitor,Cavalcanti,vitor.darocha571@terra.com.br,66 90754-0915,premium,2025-08-02,2026-06-16,21,8850.82,True,True,False,False,2024-10-13 03:06:00+00:00
1128,Brayan,Nascimento,brayan.sousa176@outlook.com.br,+55 96 92181-2276,dormant,2024-08-15,2024-08-15,1,326.58,True,False,False,True,2025-04-21 03:06:00+00:00
1129,Yan,Ferreira,yan.marques888@uol.com.br,82 90155-0291,premium,2025-07-10,2026-06-08,5,14203.24,True,False,False,True,2025-02-10 03:06:00+00:00
1130,Giovanna,Moraes,GIOvAnNA.sILVeIRa585@hOTmAIl.COM,37 94660-2416,regular,2025-09-28,2026-04-12,2,590.92,True,False,False,True,2025-03-02 03:06:00+00:00
1131,Igor,Vieira,igor.correia420@bol.com.br,22 99883-0597,novo,,,0,0.0,True,False,True,True,2026-03-21 03:06:00+00:00
1132,Pedro,Teixeira,pedro.lopes910@bol.com.br,+55 77 94809-6244,dormant,2025-10-15,2025-10-15,1,162.73,True,True,True,True,2024-07-25 03:06:00+00:00
1133,Anthony,Jesus,anthony.costela150@gmail.com,66 92447-9513,novo,,,0,0.0,True,False,True,True,2026-05-18 03:06:00+00:00
1134,Rael,Almeida,rael.santos995@terra.com.br,+55 88 91949-7969,dormant,2025-09-01,2025-09-01,1,139.92,True,False,True,True,2025-04-01 03:06:00+00:00
1135,Bella,Nogueira,bella.gomes657@live.com,+55 14 95555-7277,regular,2025-07-08,2026-06-18,3,541.06,True,False,False,True,2025-03-27 03:06:00+00:00
1136,Otto,Nascimento,otto.sampaio652@yahoo.com.br,54 94609-1785,regular,2025-08-05,2026-04-13,2,597.31,True,True,True,True,2025-08-11 03:06:00+00:00
1137,Enzo,Costela,enzo.souza228@icloud.com,47 94457-7029,dormant,2024-07-02,2024-07-02,1,107.45,True,False,True,True,2024-05-17 03:06:00+00:00
1138,Lucas Gabriel,Pinto,lucasgabriel.fogaça447@outlook.com.br,66 90487-3682,dormant,2025-11-14,2025-11-14,1,68.62,True,False,False,True,2025-01-01 03:06:00+00:00
1139,Gabriela,Pereira,gabriela.campos250@hotmail.com,61933194226,regular,2025-10-05,2026-05-19,4,1904.68,True,False,False,True,2025-03-12 03:06:00+00:00
1140,Ísis,Jesus,ísis.fogaça224@uol.com.br,67994551588,regular,2026-03-21,2026-06-22,3,1302.36,True,False,False,True,2025-05-13 03:06:00+00:00
1141,Sophia,Gonçalves,sophia.câmara449@outlook.com.br,92 97472-2640,dormant,2025-05-28,2025-05-28,1,359.42,True,True,False,True,2024-08-21 03:06:00+00:00
1142,Sophia,Farias,sophia.teixeira125@live.com,+55 73 91696-6630,novo,,,0,0.0,True,False,True,True,2026-04-30 03:06:00+00:00
1143,Pietro,Carvalho,pietro.pimenta253@icloud.com,+55 38 99960-5932,dormant,2025-03-19,2025-03-19,1,141.98,True,True,True,True,2025-05-17 03:06:00+00:00
1144,Maria Julia,Rodrigues,mariajulia.borges685@terra.com.br,+55 16 99688-3275,dormant,2025-03-15,2025-03-15,1,328.81,True,False,False,True,2024-07-15 03:06:00+00:00
1145,Rhavi,Cavalcanti,rhavi.melo153@uol.com.br,,novo,,,0,0.0,True,False,False,True,2026-01-12 03:06:00+00:00
1146,Ayla,Cardoso,ayla.darocha441@hotmail.com,+55 18 93977-3973,novo,,,0,0.0,True,False,False,True,2026-01-16 03:06:00+00:00
1147,Luiz Gustavo,,luizgustavo.martins694@icloud.com,+55 48 99523-7100,premium,2024-08-13,2026-06-29,19,3813.51,True,False,False,True,2025-03-07 03:06:00+00:00
1148,Joana,Moreira,joana.melo749@outlook.com.br,+55 35 96481-9807,novo,,,0,0.0,True,True,False,True,2026-05-29 03:06:00+00:00
1149,Maria Luísa,Silveira,MARIaLuíSA.ARaÚjO528@BOl.COM.br,,dormant,2025-06-25,2025-06-25,1,488.54,True,False,False,True,2024-05-17 03:06:00+00:00
1150,Isabella,Silveira,isabella.vargas701@gmail.com,46 96876-1124,regular,2026-01-15,2026-05-22,2,1688.03,True,False,False,True,2025-07-30 03:06:00+00:00
1151,Henry Gabriel,Silveira,henrygabriel.cavalcante806@terra.com.br,65 95237-3415,regular,2025-12-11,2026-04-03,3,815.28,True,False,False,True,2025-02-18 03:06:00+00:00
1152,Diogo,Marques,diogo.santos802@live.com,+55 95 94547-5749,dormant,2025-08-19,2025-08-19,1,381.34,True,True,True,True,2024-01-30 03:06:00+00:00
1153,Yan,Peixoto,yan.andrade577@yahoo.com.br,,dormant,2024-12-04,2024-12-04,1,128.55,False,False,False,True,2025-05-17 03:06:00+00:00
1154,Juan,Moreira,juan.dapaz441@gmail.com,+55 88 95954-4294,regular,2025-09-07,2026-06-11,3,987.08,True,True,True,True,2025-03-14 03:06:00+00:00
1155,Maria Laura,Silva,marialaura.macedo875@bol.com.br,+55 66 92294-6430,regular,2026-02-28,2026-04-22,4,865.17,True,False,False,True,2025-07-16 03:06:00+00:00
1156,Otávio,Pacheco,otávio.darosa47@yahoo.com.br,+55 14 94588-6792,dormant,2025-01-28,2025-01-28,1,445.87,True,False,False,True,2024-07-06 03:06:00+00:00
1157,Catarina,Ramos,CatArina.CASSianO119@IClOuD.Com,28 98567-2872,dormant,2024-07-25,2024-07-25,1,338.4,True,False,True,True,2024-07-16 03:06:00+00:00
1158,Maria Sophia,Garcia,mariasophia.albuquerque576@hotmail.com,38 93433-2491,regular,2025-11-06,2026-05-07,3,1963.75,True,False,False,True,2025-08-28 03:06:00+00:00
1159,Matteo,Fogaça,matteo.monteiro568@live.com,+55 14 98335-0615,premium,2025-06-22,2026-06-17,16,7046.35,True,False,False,True,2024-11-02 03:06:00+00:00
1160,Natália,Azevedo,natália.damata841@icloud.com,+55 38 90798-3342,novo,,,0,0.0,True,True,True,True,2026-01-17 03:06:00+00:00
1161,Samuel,da Conceição,samuel.sales549@live.com,+55 74 90948-4131,regular,2026-02-18,2026-06-21,2,1468.53,True,False,True,True,2025-01-07 03:06:00+00:00
1162,João,Moreira,joão.darosa577@gmail.com,+55 85 93399-7718,dormant,2025-02-08,2025-02-08,1,170.9,True,False,False,True,2024-06-24 03:06:00+00:00
1163,Cauã,Dias,cauã.vieira124@hotmail.com,+55 82 97171-7318,regular,2025-11-21,2026-05-13,3,1468.3,True,True,True,True,2025-08-13 03:06:00+00:00
1164,Pedro,Peixoto,PeDrO.mEnDOnÇa536@bOl.COm.br,+55 13 99617-3997,dormant,2025-11-20,2025-11-20,1,498.31,True,True,True,True,2025-01-08 03:06:00+00:00
1165,Alexandre,da Cunha,alexandre.sá30@outlook.com.br,,regular,2025-11-19,2026-05-27,2,1006.21,True,False,True,True,2025-02-22 03:06:00+00:00
1166,Vitor Hugo,Monteiro,vitorhugo.pires984@yahoo.com.br,34 98784-4483,regular,2026-01-23,2026-06-28,4,1712.17,True,True,False,True,2025-04-19 03:06:00+00:00
1167,Carolina,da Mota,carolina.rocha826@icloud.com,94 94712-7058,premium,2025-11-30,2026-06-19,21,3264.66,True,False,True,True,2025-03-21 03:06:00+00:00
1168,Maria Isis,Monteiro,mariaisis.castro381@yahoo.com.br,+55 33 96417-5823,premium,2025-11-01,2026-06-11,9,12355.68,True,False,False,True,2024-07-02 03:06:00+00:00
1169,Henrique,,henrique.teixeira764@uol.com.br,+55 86 94845-8714,regular,2025-08-24,2026-06-07,2,1974.26,True,True,True,False,2025-08-10 03:06:00+00:00
1170,Otto,Oliveira,otto.rocha484@yahoo.com.br,32 92362-2925,regular,2026-02-08,2026-04-05,3,1024.89,True,True,False,True,2025-03-11 03:06:00+00:00
1171,Pietra,,pIETra.melO893@OuTlook.Com.BR,12 93474-5245,regular,2026-02-02,2026-05-05,3,1399.8,True,False,True,True,2025-04-07 03:06:00+00:00
1172,Daniela,Souza,daniela.dias543@live.com,24 96966-0606,premium,2025-07-12,2026-06-10,24,5659.96,True,False,True,True,2024-01-19 03:06:00+00:00
1173,Daniela,Ramos,daniela.carvalho184@live.com,14 90334-4505,regular,2025-07-09,2026-06-17,3,1562.23,True,False,True,True,2025-06-29 03:06:00+00:00
1174,Letícia,Vieira,letícia.garcia127@terra.com.br,+55 83 93987-4113,regular,2025-08-26,2026-05-18,4,1838.56,True,False,True,True,2025-01-20 03:06:00+00:00
1175,Lorenzo,Duarte,lorenzo.silveira970@live.com,85 90673-4996,regular,2025-10-17,2026-04-07,4,965.36,True,False,False,True,2025-03-16 03:06:00+00:00
1176,Dante,Brito,dante.araújo531@terra.com.br,14 98574-1721,regular,2026-01-23,2026-06-15,4,1253.24,True,False,True,True,2024-12-09 03:06:00+00:00
1177,Aylla,Vasconcelos,aylla.siqueira771@outlook.com.br,+55 65 92949-3817,dormant,2025-04-06,2025-04-06,1,435.09,True,False,False,True,2024-09-05 03:06:00+00:00
1178,Samuel,Duarte,samuel.oliveira580@icloud.com,+55 99 98840-2155,regular,2025-08-27,2026-05-10,4,1313.99,False,False,False,True,2025-08-27 03:06:00+00:00
1179,Maitê,Souza,maitê.cunha524@yahoo.com.br,,novo,,,0,0.0,True,False,False,True,2026-03-13 03:06:00+00:00
1180,Aurora,Martins,aurora.daconceição313@live.com,45 95344-9021,regular,2026-03-13,2026-05-15,4,1570.93,True,False,True,True,2025-04-14 03:06:00+00:00
1181,Juliana,Lima,juliana.gonçalves118@live.com,+55 27 98085-0960,premium,2024-09-26,2026-06-15,7,10097.39,True,False,False,True,2025-03-24 03:06:00+00:00
1182,Mirella,Duarte,mirella.vieira780@icloud.com,91 94951-1918,dormant,2025-09-12,2025-09-12,1,473.72,True,False,False,True,2024-06-22 03:06:00+00:00
1183,Henry Gabriel,Nascimento,henrygabriel.castro670@icloud.com,+55 42 99793-1647,dormant,2025-01-25,2025-01-25,1,416.19,True,True,False,True,2024-10-30 03:06:00+00:00
1184,Marcela,Sousa,marcela.cassiano306@terra.com.br,+55 35 92957-8606,dormant,2025-08-22,2025-08-22,1,119.99,True,False,False,True,2025-05-16 03:06:00+00:00
1185,Ana Beatriz,Abreu,anabeatriz.pinto956@outlook.com.br,+55 15 90356-2439,regular,2026-03-30,2026-06-16,3,1606.98,True,False,True,True,2025-08-04 03:06:00+00:00
1186,Beatriz,Nascimento,beatriz.marques622@uol.com.br,43 99232-3421,premium,2025-10-31,2026-06-23,20,11081.78,True,False,False,True,2025-02-18 03:06:00+00:00
1187,Benjamim,Nascimento,benjamim.pereira991@gmail.com,+55 54 98515-5333,regular,2025-07-04,2026-05-26,2,1480.09,True,False,False,True,2025-04-03 03:06:00+00:00
1188,Ana Júlia,Castro,anajúlia.lima480@bol.com.br,+55 92 93502-7160,regular,2025-09-12,2026-05-22,2,1402.65,True,False,False,True,2024-12-28 03:06:00+00:00
1189,Lívia,Souza,lívia.sousa557@uol.com.br,51 90776-3369,dormant,2024-08-17,2024-08-17,1,164.67,True,False,False,True,2024-06-30 03:06:00+00:00
1190,Josué,Borges,josué.cavalcanti420@icloud.com,98 91231-7955,dormant,2025-05-20,2025-05-20,1,270.13,True,False,False,True,2025-05-13 03:06:00+00:00
1191,Kamilly,Correia,kamilly.costela501@hotmail.com,95 95748-1700,dormant,2025-07-06,2025-07-06,1,437.47,True,False,True,True,2025-04-21 03:06:00+00:00
1192,Gabrielly,Leão,gabrielly.guerra277@hotmail.com,43 95416-4316,dormant,2025-01-06,2025-01-06,1,52.67,False,True,False,True,2024-11-20 03:06:00+00:00
1193,Maria Julia,Almeida,mariajulia.damota992@terra.com.br,+55 24 92329-0282,dormant,2024-12-14,2024-12-14,1,260.72,True,True,False,True,2025-06-19 03:06:00+00:00
1194,João Lucas,Sales,jOÃoLucaS.mElO144@gMaIl.COm,+55 32 99345-9626,regular,2026-03-18,2026-05-13,3,1253.45,True,True,True,True,2025-05-18 03:06:00+00:00
1195,Luiz Felipe,Cavalcanti,luizfelipe.moreira417@yahoo.com.br,+55 75 95120-7346,regular,2025-09-26,2026-06-25,4,1430.96,True,True,False,True,2025-04-21 03:06:00+00:00
1196,Evelyn,da Luz,evelyn.pinto109@terra.com.br,+55 18 90507-0260,dormant,2025-03-10,2025-03-10,1,275.19,True,False,True,True,2024-06-02 03:06:00+00:00
1197,Valentina,Garcia,valentina.teixeira89@icloud.com,+55 71 92105-3161,premium,2025-06-18,2026-06-19,13,13399.97,True,False,True,True,2024-11-05 03:06:00+00:00
1198,Henry Gabriel,Melo,henrygabriel.martins621@outlook.com.br,74 92904-7742,regular,2026-01-06,2026-05-22,3,1158.75,True,False,False,True,2025-08-24 03:06:00+00:00
1199,Ayla,Ribeiro,ayla.nogueira196@terra.com.br,+55 44 97793-2382,dormant,2025-04-26,2025-04-26,1,490.44,True,False,False,True,2024-08-01 03:06:00+00:00
1200,João Pedro,Câmara,joãopedro.ribeiro619@hotmail.com,+55 44 96491-3342,regular,2025-10-21,2026-04-10,2,1419.66,True,False,True,True,2025-07-20 03:06:00+00:00
1201,Ana Julia,Farias,anajulia.santos266@live.com,,regular,2025-09-05,2026-04-16,3,1853.23,True,True,True,True,2025-07-31 03:06:00+00:00
1202,Raquel,Moreira,raquel.oliveira947@bol.com.br,+55 55 95652-9060,regular,2025-08-16,2026-06-18,3,1858.79,True,False,False,True,2025-05-20 03:06:00+00:00
1203,Miguel,Cirino,miguel.albuquerque656@yahoo.com.br,+55 19 93265-0977,dormant,2024-11-23,2024-11-23,1,279.95,True,False,False,True,2024-09-05 03:06:00+00:00
1204,Catarina,,catarina.correia574@outlook.com.br,79 93794-8714,dormant,2025-03-24,2025-03-24,1,318.06,True,False,True,False,2024-07-14 03:06:00+00:00
1205,Olívia,Fernandes,olívia.fernandes335@yahoo.com.br,+55 98 95787-1584,novo,,,0,0.0,True,False,True,True,2026-06-17 03:06:00+00:00
1206,Davi Lucas,Viana,davilucas.fonseca345@outlook.com.br,+55 17 98213-7118,regular,2025-12-20,2026-04-02,2,1563.03,True,False,True,True,2025-08-01 03:06:00+00:00
1207,Ana Carolina,Cardoso,anacarolina.ferreira853@bol.com.br,79 96818-2683,dormant,2024-10-09,2024-10-09,1,57.18,True,True,False,True,2024-03-10 03:06:00+00:00
1208,João Miguel,Rodrigues,joãomiguel.câmara615@gmail.com,+55 82 95892-9880,dormant,2024-10-06,2024-10-06,1,292.74,True,False,False,True,2024-08-24 03:06:00+00:00
1209,Sophia,Fonseca,sophia.nogueira938@uol.com.br,+55 69 95212-9328,dormant,2025-01-13,2025-01-13,1,313.0,True,True,False,True,2024-09-04 03:06:00+00:00
1210,Laís,Costa,laís.damota562@gmail.com,62 94686-7752,dormant,2025-12-12,2025-12-12,1,78.0,True,True,False,True,2024-05-12 03:06:00+00:00
1211,Ana Clara,Abreu,anaclara.barbosa359@bol.com.br,27 93991-0622,regular,2025-12-04,2026-04-10,4,744.29,True,False,True,True,2025-05-19 03:06:00+00:00
1212,Maria Luísa,Castro,marialuísa.teixeira483@uol.com.br,55926693351,regular,2026-01-19,2026-06-28,3,1062.56,True,True,False,True,2025-09-07 03:06:00+00:00
1213,Rael,da Mota,rael.carvalho759@outlook.com.br,+55 53 99237-2450,premium,2025-04-27,2026-06-23,25,10150.11,True,True,False,True,2024-09-03 03:06:00+00:00
1214,Isaac,Moreira,isaac.dasneves699@icloud.com,+55 46 99737-4189,regular,2026-02-06,2026-04-25,4,1492.73,True,False,False,True,2025-02-10 03:06:00+00:00
1215,Maria,Cassiano,maria.barbosa70@terra.com.br,13 90641-7692,novo,,,0,0.0,True,False,False,True,2026-03-18 03:06:00+00:00
1216,Mariah,Teixeira,mariah.darocha546@uol.com.br,99911995376,regular,2025-12-25,2026-05-16,3,760.19,True,False,False,True,2025-03-19 03:06:00+00:00
1217,Laura,Araújo,laura.porto138@hotmail.com,15 94485-6451,dormant,2025-04-15,2025-04-15,1,415.83,True,False,False,True,2024-02-10 03:06:00+00:00
1218,Apollo,Brito,apollo.silva266@live.com,+55 95 99739-6417,regular,2026-02-13,2026-04-17,2,1966.87,True,True,True,True,2025-04-21 03:06:00+00:00
1219,Fernanda,Pereira,fernanda.moreira500@outlook.com.br,+55 22 99191-9113,regular,2025-09-17,2026-05-14,2,1703.95,True,False,False,True,2025-08-25 03:06:00+00:00
1220,Eloah,Pacheco,eloah.rocha274@outlook.com.br,55 90577-9806,regular,2026-01-21,2026-06-08,2,1264.65,True,False,True,True,2025-03-31 03:06:00+00:00
1221,Luana,Rios,luana.alves248@uol.com.br,+55 75 90514-6074,premium,2025-01-15,2026-06-05,18,9206.7,True,False,True,True,2024-03-11 03:06:00+00:00
1222,Elisa,Rodrigues,elisa.ferreira190@terra.com.br,,premium,2024-08-08,2026-06-16,16,9099.19,True,False,False,True,2024-08-30 03:06:00+00:00
1223,Theo,da Mota,theo.machado628@gmail.com,33 97423-8856,regular,2026-03-03,2026-04-18,2,1874.28,True,True,False,True,2024-12-10 03:06:00+00:00
1224,Cecília,Vasconcelos,cecília.cavalcanti540@live.com,,dormant,2025-10-02,2025-10-02,1,480.27,True,True,True,True,2024-03-27 03:06:00+00:00
1225,Felipe,,felIpe.fariaS657@teRrA.COm.BR,+55 91 95411-6597,regular,2025-08-16,2026-04-07,4,865.18,True,True,True,True,2025-05-07 03:06:00+00:00
1226,Marcelo,Sá,marcelo.garcia838@uol.com.br,11 97557-5225,novo,,,0,0.0,True,False,False,True,2026-05-11 03:06:00+00:00
1227,Arthur Gabriel,Camargo,arthurgabriel.correia898@bol.com.br,95 98488-2691,regular,2025-08-06,2026-04-13,4,1422.63,True,False,False,True,2025-03-19 03:06:00+00:00
1228,Miguel,Borges,miguel.borges895@outlook.com.br,11 92585-6261,dormant,2025-07-31,2025-07-31,1,171.87,True,False,False,False,2025-06-26 03:06:00+00:00
1229,Ana Beatriz,Pimenta,anabeatriz.nunes445@hotmail.com,32 93703-8240,dormant,2025-02-26,2025-02-26,1,138.67,True,False,False,True,2024-06-02 03:06:00+00:00
1230,Maya,Câmara,maya.sales472@uol.com.br,,premium,2025-10-31,2026-06-01,8,7944.39,True,False,False,True,2025-06-20 03:06:00+00:00
1231,Samuel,Câmara,samuel.macedo977@uol.com.br,+55 64 90430-9776,dormant,2025-07-21,2025-07-21,1,219.81,True,False,False,True,2024-10-02 03:06:00+00:00
1232,Matheus,,matheus.jesus51@yahoo.com.br,,premium,2025-01-03,2026-06-07,8,7769.25,True,False,True,True,2025-01-31 03:06:00+00:00
1233,Rafaela,Pacheco,rafaela.guerra318@outlook.com.br,+55 99 95465-5358,dormant,2024-12-01,2024-12-01,1,312.3,True,False,False,True,2025-03-21 03:06:00+00:00
1234,Eduarda,Barbosa,eduarda.sales946@yahoo.com.br,,premium,2024-07-09,2026-06-23,17,4009.9,False,True,True,True,2025-04-03 03:06:00+00:00
1235,Aurora,Sampaio,aurora.dacruz526@icloud.com,+55 54 91878-5193,regular,2025-07-12,2026-04-16,2,534.58,True,False,True,True,2025-07-28 03:06:00+00:00
1236,Cecília,Silva,cecília.sampaio116@icloud.com,+55 89 97490-7977,regular,2025-11-23,2026-05-22,4,1379.84,True,False,True,True,2024-12-06 03:06:00+00:00
1237,Luiza,Azevedo,luiza.cavalcante953@gmail.com,77 98057-2151,dormant,2024-10-16,2024-10-16,1,275.85,True,False,False,True,2024-10-16 03:06:00+00:00
1238,Yuri,Nunes,yuri.dacunha965@gmail.com,91962637484,regular,2025-09-09,2026-05-11,3,1402.34,True,True,False,True,2025-03-09 03:06:00+00:00
1239,Bianca,da Conceição,bIANCA.nUNes970@IClOuD.cOm,64928950905,premium,2025-03-06,2026-06-05,5,5196.54,True,True,False,True,2024-05-27 03:06:00+00:00
1240,Isaque,Vasconcelos,isaque.barbosa265@hotmail.com,65 92339-2207,dormant,2025-11-11,2025-11-11,1,131.44,True,False,False,True,2025-03-29 03:06:00+00:00
1241,Isaque,Farias,isaque.borges6@hotmail.com,63 99666-7252,dormant,2024-08-05,2024-08-05,1,112.9,False,False,False,True,2025-05-07 03:06:00+00:00
1242,Gael,das Neves,GaEl.FoGAçA955@YaHOO.cOm.bR,71 94712-4633,regular,2026-02-10,2026-04-03,4,1530.76,True,False,False,True,2025-04-17 03:06:00+00:00
1243,Clara,Ramos,clara.porto901@hotmail.com,37 97184-0908,regular,2025-09-25,2026-05-29,3,1080.89,True,False,False,True,2024-12-06 03:06:00+00:00
1244,Dante,Rodrigues,dante.freitas550@hotmail.com,,dormant,2025-09-26,2025-09-26,1,495.47,True,False,True,True,2025-04-26 03:06:00+00:00
1245,Lucca,Abreu,lucca.moura608@gmail.com,+55 12 95640-9951,regular,2025-07-02,2026-06-18,2,1540.59,True,False,True,True,2024-12-11 03:06:00+00:00
1246,Luiz Felipe,Correia,luizfelipe.porto24@live.com,+55 75 98351-2959,regular,2026-01-18,2026-06-29,3,977.74,True,False,False,True,2025-05-04 03:06:00+00:00
1247,Luiz Gustavo,Macedo,luizgustavo.santos212@yahoo.com.br,95 92709-0814,regular,2025-07-01,2026-06-15,2,528.69,True,False,False,True,2025-07-26 03:06:00+00:00
1248,Ana,,ana.caldeira259@terra.com.br,+55 75 99821-7392,regular,2026-01-08,2026-04-05,3,1386.73,True,True,False,True,2025-08-31 03:06:00+00:00
1249,Bárbara,Marques,bárbara.ribeiro998@icloud.com,,dormant,2024-08-10,2024-08-10,1,464.85,True,True,False,True,2024-02-07 03:06:00+00:00
1250,Heloisa,Viana,heloisa.machado17@hotmail.com,+55 33 95352-3736,regular,2025-09-30,2026-06-15,4,1390.81,True,False,False,True,2025-08-21 03:06:00+00:00
1251,Bryan,Fogaça,bryan.araújo756@live.com,+55 45 98158-9988,dormant,2025-03-03,2025-03-03,1,293.5,True,False,False,True,2024-07-26 03:06:00+00:00
1252,Isabel,Sá,isabel.nogueira842@uol.com.br,16 95273-4666,dormant,2025-04-28,2025-04-28,1,458.07,True,False,False,True,2024-11-07 03:06:00+00:00
1253,Gabriela,Barros,gabriela.mendonça965@gmail.com,91 91587-9647,novo,,,0,0.0,True,False,False,True,2026-06-20 03:06:00+00:00
1254,Alícia,Vargas,alícia.rodrigues997@gmail.com,+55 22 93149-9825,regular,2025-12-06,2026-05-09,4,1176.01,True,False,True,True,2025-01-10 03:06:00+00:00
1255,Calebe,Nascimento,calebe.alves5@gmail.com,22 96358-0688,dormant,2024-08-05,2024-08-05,1,445.38,True,True,True,True,2025-02-19 03:06:00+00:00
1256,Luiz Henrique,Moraes,luizhenrique.freitas652@gmail.com,+55 86 91723-5137,premium,2025-06-16,2026-06-04,5,11503.46,True,True,True,True,2025-03-29 03:06:00+00:00
1257,Noah,Oliveira,noah.porto135@gmail.com,+55 24 96314-0352,novo,,,0,0.0,True,False,True,True,2026-02-13 03:06:00+00:00
1258,Heloisa,da Conceição,heloisa.freitas662@outlook.com.br,+55 24 92293-9469,regular,2025-08-03,2026-05-03,2,719.76,True,True,False,True,2025-08-08 03:06:00+00:00
1259,Ana Luiza,Costela,analuiza.rezende857@bol.com.br,64 90666-4374,regular,2026-01-01,2026-05-19,3,855.2,True,False,False,True,2025-01-01 03:06:00+00:00
1260,Antônio,Pires,antônio.sales624@outlook.com.br,+55 22 97231-1127,novo,,,0,0.0,True,True,False,True,2026-02-27 03:06:00+00:00
1261,Davi Luiz,Cirino,daviluiz.nascimento786@terra.com.br,+5569946484494,dormant,2024-07-20,2024-07-20,1,435.76,True,False,False,True,2024-09-16 03:06:00+00:00
1262,Henrique,Teixeira,hEnRiqUE.camPoS636@oUTLOOK.COm.Br,+55 83 91873-2807,novo,,,0,0.0,True,True,False,True,2026-04-21 03:06:00+00:00
1263,Maria Luiza,Caldeira,marialuiza.camargo986@uol.com.br,,dormant,2024-08-18,2024-08-18,1,445.15,True,True,True,True,2025-02-02 03:06:00+00:00
1264,Breno,Gomes,breno.cirino932@hotmail.com,+55 34 93695-7279,regular,2026-04-01,2026-05-16,4,1603.61,True,False,True,True,2025-03-11 03:06:00+00:00
1265,Bryan,Ribeiro,bryan.montenegro645@uol.com.br,+55 85 95090-2542,regular,2026-02-11,2026-05-22,2,1689.21,True,True,False,True,2025-04-22 03:06:00+00:00
1266,Clara,Martins,clara.costa385@gmail.com,,regular,2025-07-06,2026-06-07,3,1219.42,True,False,False,True,2025-06-02 03:06:00+00:00
1267,Heloísa,,heloísa.garcia678@yahoo.com.br,,regular,2026-02-15,2026-06-02,2,569.05,True,True,False,True,2025-02-10 03:06:00+00:00
1268,Ana,Montenegro,ana.azevedo735@uol.com.br,+55 77 93570-7139,regular,2025-07-08,2026-05-25,3,1610.08,True,True,False,True,2025-01-11 03:06:00+00:00
1269,Sarah,da Paz,sarah.novais941@yahoo.com.br,+55 63 98501-1688,regular,2026-03-27,2026-05-26,4,846.48,True,False,True,True,2024-12-02 03:06:00+00:00
1270,Arthur Gabriel,Pinto,arthurgabriel.silveira436@yahoo.com.br,32 95021-3060,novo,,,0,0.0,True,False,True,True,2026-05-28 03:06:00+00:00
1271,Danilo,Gomes,dAnILO.vArgAs147@hOtmAIl.cOm,+55 89 90981-0796,novo,,,0,0.0,True,True,False,True,2026-04-28 03:06:00+00:00
1272,Alexia,Rodrigues,alexia.pimenta653@outlook.com.br,79 93794-5772,dormant,2025-10-18,2025-10-18,1,74.14,True,False,True,True,2024-03-27 03:06:00+00:00
1273,Maria,Nascimento,maria.fonseca672@uol.com.br,+55 63 94264-2506,premium,2024-08-14,2026-06-08,21,4960.29,True,False,False,True,2025-06-26 03:06:00+00:00
1274,Ana Clara,Casa Grande,anaclara.aparecida818@live.com,65 98362-5366,regular,2026-03-14,2026-05-09,2,774.0,True,False,False,True,2025-04-25 03:06:00+00:00
1275,Lara,Marques,lara.siqueira473@live.com,,premium,2025-04-24,2026-06-21,7,4502.78,True,False,False,True,2024-01-21 03:06:00+00:00
1276,Lívia,Gomes,lívia.martins619@terra.com.br,37 95628-3333,regular,2025-07-11,2026-04-03,4,1671.24,True,False,False,True,2025-05-01 03:06:00+00:00
1277,Mathias,Siqueira,mathias.ribeiro180@terra.com.br,83 98654-3627,premium,2025-10-19,2026-06-08,17,13741.69,True,True,True,True,2025-03-05 03:06:00+00:00
1278,Henrique,Nogueira,henrique.rezende269@live.com,21 99603-3582,premium,2025-07-08,2026-06-02,16,11015.84,True,True,False,True,2024-06-06 03:06:00+00:00
1279,Hadassa,Moreira,hadassa.lopes659@yahoo.com.br,75 90369-2492,dormant,2026-01-01,2026-01-01,1,77.55,True,True,False,True,2024-06-20 03:06:00+00:00
1280,Isadora,Oliveira,isadora.viana176@uol.com.br,+55 65 96573-2759,premium,2024-10-14,2026-06-20,9,3360.06,True,True,True,True,2024-08-15 03:06:00+00:00
1281,Sofia,Sousa,sofia.pires257@gmail.com,+55 44 91100-0515,dormant,2024-11-28,2024-11-28,1,80.45,True,False,True,True,2025-05-10 03:06:00+00:00
1282,Eduarda,,edUARda.cOsTA367@YahOo.coM.br,+5586941595977,regular,2025-08-13,2026-04-14,3,1612.18,True,False,False,False,2025-06-15 03:06:00+00:00
1283,Camila,Santos,camila.cavalcanti545@bol.com.br,22 91822-2618,dormant,2025-04-07,2025-04-07,1,310.33,True,True,True,True,2024-12-02 03:06:00+00:00
1284,Julia,Castro,julia.novais250@icloud.com,85 94312-7102,regular,2025-10-29,2026-04-08,2,1213.96,True,False,True,True,2025-04-01 03:06:00+00:00
1285,Giovanna,Melo,giovanna.garcia507@live.com,+55 71 90957-9927,dormant,2025-12-11,2025-12-11,1,233.66,True,True,True,True,2024-06-17 03:06:00+00:00
1286,Asafe,Mendonça,asafe.rios76@terra.com.br,37 91512-2946,regular,2026-01-13,2026-04-07,4,1773.89,True,True,False,True,2025-04-15 03:06:00+00:00
1287,Kaique,Camargo,kaique.vieira180@uol.com.br,32 94159-7099,premium,2024-10-26,2026-06-04,14,3789.71,True,True,True,True,2025-01-24 03:06:00+00:00
1288,Lara,Cavalcante,lara.fonseca484@bol.com.br,+55 81 98480-7520,dormant,2025-04-07,2025-04-07,1,440.98,True,False,True,True,2025-06-17 03:06:00+00:00
1289,Rhavi,Sampaio,rhavi.dasneves885@bol.com.br,77 96504-7158,regular,2025-12-07,2026-05-02,4,1175.9,True,True,True,True,2025-09-21 03:06:00+00:00
1290,Benício,Cardoso,benício.pinto713@gmail.com,,dormant,2025-01-22,2025-01-22,1,477.88,False,False,False,True,2025-01-08 03:06:00+00:00
1291,Arthur Miguel,da Rosa,arthurmiguel.garcia788@uol.com.br,85 96604-6558,premium,2025-04-03,2026-06-28,21,8578.96,True,True,True,True,2024-10-17 03:06:00+00:00
1292,Laís,Jesus,laís.santos748@terra.com.br,+55 55 95483-7441,dormant,2025-04-24,2025-04-24,1,359.0,True,False,True,True,2024-05-28 03:06:00+00:00
1293,Manuella,Rios,manuella.barros328@terra.com.br,96 91021-3125,regular,2025-09-20,2026-05-15,3,1843.86,True,False,False,True,2025-06-24 03:06:00+00:00
1294,Davi Lucca,Cassiano,davilucca.oliveira66@uol.com.br,,dormant,2025-12-10,2025-12-10,1,250.56,True,False,True,False,2024-03-07 03:06:00+00:00
1295,Erick,Barbosa,erick.albuquerque150@gmail.com,38991297519,regular,2025-12-26,2026-05-22,3,1523.27,True,False,False,True,2025-07-19 03:06:00+00:00
1296,Joaquim,Araújo,joaquim.santos248@yahoo.com.br,+55 83 91211-0633,novo,,,0,0.0,True,False,False,True,2026-03-14 03:06:00+00:00
1297,Carlos Eduardo,,carloseduardo.silva513@hotmail.com,54 95837-3792,premium,2024-09-10,2026-06-02,7,9351.32,True,False,False,True,2024-07-18 03:06:00+00:00
1298,Maria Isis,da Paz,mariaisis.siqueira147@gmail.com,75 92801-2342,dormant,2025-09-17,2025-09-17,1,346.5,True,False,False,True,2024-09-18 03:06:00+00:00
1299,Vitória,Oliveira,vitória.correia868@hotmail.com,+55 37 93253-2694,regular,2025-12-16,2026-05-10,2,529.41,True,False,False,True,2025-09-06 03:06:00+00:00
1300,Júlia,Montenegro,júlia.porto569@bol.com.br,+55 87 96453-8044,dormant,2025-07-28,2025-07-28,1,315.51,True,False,False,False,2025-02-05 03:06:00+00:00
1301,Lorenzo,Azevedo,lorenzo.araújo443@hotmail.com,92950961701,novo,,,0,0.0,True,False,False,True,2026-01-02 03:06:00+00:00
1302,Antonella,Pastor,antonella.vargas9@terra.com.br,+55 33 99457-5757,premium,2025-05-05,2026-06-08,6,12803.69,True,False,False,True,2025-01-27 03:06:00+00:00
1303,Ana Clara,Teixeira,anaclara.mendonça294@terra.com.br,+55 79 93920-5677,premium,2024-07-18,2026-06-15,6,3165.82,True,False,True,True,2024-02-20 03:06:00+00:00
1304,Aylla,Vieira,aylla.guerra807@live.com,83 97226-6025,regular,2025-10-23,2026-04-24,3,1213.36,False,True,True,True,2025-06-26 03:06:00+00:00
1305,Giovanna,Pires,giovanna.cassiano256@outlook.com.br,46 90622-9231,novo,,,0,0.0,True,True,False,True,2026-06-19 03:06:00+00:00
1306,Arthur Gabriel,Gonçalves,arthurgabriel.melo243@yahoo.com.br,13 95307-6248,dormant,2025-06-14,2025-06-14,1,290.58,True,False,False,True,2024-12-04 03:06:00+00:00
1307,Agatha,da Conceição,agatha.correia504@live.com,93 96627-0511,premium,2024-10-30,2026-06-01,10,6406.03,True,True,False,True,2024-02-25 03:06:00+00:00
1308,Ayla,Santos,ayla.mendes320@bol.com.br,+55 63 93873-6704,regular,2025-07-09,2026-04-27,4,1999.54,True,False,True,True,2025-08-26 03:06:00+00:00
1309,Liam,Fernandes,liam.pires265@bol.com.br,69 99192-8455,dormant,2024-11-22,2024-11-22,1,400.36,True,False,False,True,2024-07-16 03:06:00+00:00
1310,José Miguel,Freitas,josémiguel.nunes796@live.com,+55 33 90756-3353,regular,2026-02-21,2026-05-24,2,1222.37,True,False,False,True,2025-09-03 03:06:00+00:00
1311,Ana Sophia,Porto,anasophia.melo634@bol.com.br,,novo,,,0,0.0,True,False,True,True,2026-04-23 03:06:00+00:00
1312,Carolina,Oliveira,carolina.vieira90@terra.com.br,+5581925939933,novo,,,0,0.0,True,False,False,True,2026-06-15 03:06:00+00:00
1313,Mariana,,mariana.nunes293@live.com,+55 15 95816-2951,regular,2026-03-17,2026-05-13,2,835.86,False,False,False,True,2025-09-06 03:06:00+00:00
1314,Sarah,Mendonça,sarah.martins604@bol.com.br,+55 34 97634-2507,dormant,2025-09-25,2025-09-25,1,74.92,True,False,False,True,2024-06-04 03:06:00+00:00
1315,Thales,Câmara,thales.porto900@gmail.com,33959782457,novo,,,0,0.0,True,True,True,True,2026-01-05 03:06:00+00:00
1316,Ana Sophia,Pereira,anasophia.nascimento152@uol.com.br,+55 79 99914-0388,premium,2025-08-10,2026-06-21,25,6863.37,True,True,False,True,2024-10-02 03:06:00+00:00
1317,Alexia,,alexia.dacruz831@outlook.com.br,68 90443-2400,dormant,2025-10-23,2025-10-23,1,171.59,True,False,True,True,2024-07-26 03:06:00+00:00
1318,Laura,Barros,laura.freitas469@live.com,,regular,2025-11-20,2026-05-21,3,1338.51,True,False,True,True,2024-12-31 03:06:00+00:00
1319,Juan,Machado,juan.pires628@outlook.com.br,+55 67 99751-4743,regular,2025-07-11,2026-06-26,4,1880.49,True,False,False,True,2025-04-18 03:06:00+00:00
1320,Maria,da Paz,maria.castro930@yahoo.com.br,32 90105-8752,regular,2026-01-11,2026-04-08,4,1411.58,True,True,True,True,2025-09-27 03:06:00+00:00
1321,Ana Vitória,Silveira,anavitória.garcia941@icloud.com,+55 17 96562-5904,regular,2025-07-07,2026-06-26,2,721.87,True,False,False,True,2024-12-29 03:06:00+00:00
1322,Ayla,Nunes,ayla.sá976@gmail.com,96 90271-1221,dormant,2024-12-05,2024-12-05,1,232.46,True,True,False,True,2024-01-24 03:06:00+00:00
1323,Rebeca,Castro,rebeca.silva815@uol.com.br,+55 43 95551-6517,regular,2025-12-14,2026-04-19,4,1999.03,True,True,True,True,2024-12-24 03:06:00+00:00
1324,Isadora,Nogueira,isadora.araújo491@icloud.com,66 96281-3721,dormant,2024-09-26,2024-09-26,1,52.09,True,False,False,True,2024-09-11 03:06:00+00:00
1325,Vicente,da Conceição,vicente.dacosta720@gmail.com,+55 17 90370-0332,regular,2025-09-30,2026-05-12,4,1944.74,True,False,False,True,2025-03-30 03:06:00+00:00
1326,João Guilherme,Montenegro,joãoguilherme.dias953@terra.com.br,54 96084-7068,premium,2025-02-18,2026-06-28,5,14924.26,True,True,True,True,2025-05-10 03:06:00+00:00
1327,Davi Luiz,Aparecida,daviluiz.costa41@gmail.com,+55 85 93970-5195,premium,2025-11-20,2026-06-13,17,10479.33,True,False,False,True,2024-03-17 03:06:00+00:00
1328,Nicole,Cavalcante,nicole.gonçalves269@uol.com.br,+55 65 98094-4858,dormant,2024-07-03,2024-07-03,1,101.18,True,True,True,True,2024-12-31 03:06:00+00:00
1329,Hellena,Castro,hellena.costa748@bol.com.br,35 93546-1470,regular,2025-08-28,2026-04-30,4,1888.18,True,False,False,True,2025-08-21 03:06:00+00:00
1330,Maitê,Pereira,maitê.rezende913@icloud.com,63 93210-6133,dormant,2024-12-02,2024-12-02,1,127.0,True,False,False,True,2024-06-06 03:06:00+00:00
1331,Ana Cecília,Sales,anacecília.rocha176@uol.com.br,22 95703-9438,dormant,2025-01-17,2025-01-17,1,187.88,True,False,True,True,2024-04-07 03:06:00+00:00
1332,Benicio,das Neves,benicio.albuquerque74@uol.com.br,+55 75 95376-5769,regular,2025-12-14,2026-04-13,3,985.81,True,False,True,True,2025-03-23 03:06:00+00:00
1333,Lucas,Mendonça,lucas.mendes619@icloud.com,17 93191-0090,premium,2025-04-14,2026-06-29,12,8595.47,True,True,False,True,2024-11-02 03:06:00+00:00
1334,Antônio,,antônio.damota141@gmail.com,22 97692-1053,dormant,2025-08-25,2025-08-25,1,474.52,True,False,False,True,2024-01-16 03:06:00+00:00
1335,Mateus,Lima,mateus.sousa437@terra.com.br,+55 37 94604-0142,novo,,,0,0.0,True,False,True,True,2026-05-06 03:06:00+00:00
1336,Vinicius,Marques,vinicius.costela213@hotmail.com,+55 18 97201-1379,dormant,2025-05-20,2025-05-20,1,485.14,True,False,False,True,2024-02-15 03:06:00+00:00
1337,Yago,,yago.damata995@gmail.com,87 91231-6600,novo,,,0,0.0,True,False,False,True,2026-02-02 03:06:00+00:00
1338,Maysa,Lopes,maysa.martins798@outlook.com.br,+5573909014473,dormant,2025-01-06,2025-01-06,1,223.5,True,True,True,True,2024-09-22 03:06:00+00:00
1339,Vitor,Alves,vitor.rios403@bol.com.br,+55 79 93700-9687,dormant,2024-09-12,2024-09-12,1,201.69,True,False,True,True,2025-03-25 03:06:00+00:00
1340,Ravi,Silva,ravi.souza318@gmail.com,17 95195-7782,regular,2026-02-12,2026-04-29,3,1167.41,True,False,False,True,2025-06-26 03:06:00+00:00
1341,Evelyn,Ribeiro,evelyn.freitas479@icloud.com,+55 64 95562-9657,regular,2026-01-25,2026-05-31,2,1849.77,True,True,False,True,2025-02-12 03:06:00+00:00
1342,Cecilia,Vargas,cecilia.darocha207@yahoo.com.br,92 98656-1942,regular,2025-09-22,2026-04-03,2,1380.15,True,False,False,True,2025-02-09 03:06:00+00:00
1343,Brenda,Fogaça,brENDA.RaMoS693@lIVe.cOm,79 98205-8295,dormant,2025-08-09,2025-08-09,1,261.6,True,True,True,True,2024-01-23 03:06:00+00:00
1344,Valentina,Pires,valentina.souza815@yahoo.com.br,+55 62 93616-1880,dormant,2024-08-18,2024-08-18,1,378.67,True,True,False,True,2024-02-16 03:06:00+00:00
1345,Raquel,Caldeira,raquel.oliveira891@gmail.com,+55 98 98235-7155,regular,2025-12-07,2026-04-23,2,917.84,True,False,False,True,2025-05-15 03:06:00+00:00
1346,Ágatha,Gonçalves,ágatha.moreira700@outlook.com.br,+55 88 99561-3723,premium,2026-01-01,2026-06-17,16,10698.57,True,False,True,True,2024-04-30 03:06:00+00:00
1347,Alexandre,Vieira,ALExaNDrE.mOnTEneGRo745@HotMail.COm,92 92143-6438,novo,,,0,0.0,True,True,False,True,2026-01-18 03:06:00+00:00
1348,Gael,Correia,gael.alves22@gmail.com,+55 18 94132-1147,premium,2024-07-11,2026-06-28,21,5908.15,True,True,True,True,2025-06-01 03:06:00+00:00
1349,Isaac,Lima,iSAAc.FOGAça449@oUtloOk.CoM.Br,+55 13 99456-5346,dormant,2025-05-03,2025-05-03,1,456.84,True,False,False,True,2024-11-10 03:06:00+00:00
1350,Maria Liz,Porto,marializ.pimenta615@gmail.com,91 90755-0476,novo,,,0,0.0,True,False,False,True,2026-05-18 03:06:00+00:00
1351,Stephany,Vargas,stephany.brito391@outlook.com.br,42 97060-7174,regular,2025-12-19,2026-04-28,4,1784.51,True,False,False,False,2024-12-31 03:06:00+00:00
1352,Yasmin,Borges,yasmin.barros84@uol.com.br,+55 44 97653-9705,regular,2025-12-27,2026-04-05,4,1556.39,True,False,True,True,2025-05-21 03:06:00+00:00
1353,Ana Luiza,Novaes,analuiza.vasconcelos770@live.com,+55 87 99610-2908,regular,2026-01-05,2026-06-17,2,833.07,True,False,False,True,2025-01-14 03:06:00+00:00
1354,Lívia,Azevedo,lívia.montenegro535@yahoo.com.br,83 94968-0491,regular,2025-08-04,2026-06-28,4,1086.2,True,True,False,True,2025-04-14 03:06:00+00:00
1355,Pietra,Mendonça,pietra.cavalcanti432@live.com,19 92049-5612,dormant,2025-12-15,2025-12-15,1,339.79,True,False,False,True,2025-06-09 03:06:00+00:00
1356,Eduardo,Costa,eduardo.mendes236@live.com,+5596906260423,novo,,,0,0.0,True,False,False,True,2026-01-04 03:06:00+00:00
1357,Carolina,Rodrigues,carolina.pacheco902@live.com,+5591971122299,dormant,2025-11-21,2025-11-21,1,383.79,True,False,False,True,2024-05-29 03:06:00+00:00
1358,Benicio,Macedo,benicio.monteiro334@terra.com.br,,regular,2026-01-10,2026-05-09,2,506.56,True,False,False,True,2025-08-26 03:06:00+00:00
1359,Lorena,Almeida,lorena.santos949@icloud.com,,premium,2025-03-18,2026-06-02,8,10528.6,True,True,True,True,2024-07-16 03:06:00+00:00
1360,Emilly,Porto,emilly.nogueira519@hotmail.com,67 97046-8611,novo,,,0,0.0,True,False,True,True,2026-03-20 03:06:00+00:00
1361,Erick,da Luz,erick.rios500@terra.com.br,86 96832-1021,regular,2025-09-19,2026-05-12,4,754.2,True,False,False,True,2025-09-09 03:06:00+00:00
1362,Marcelo,Rios,marcelo.costa592@live.com,48 98471-2961,dormant,2024-08-20,2024-08-20,1,466.72,True,True,False,True,2025-04-22 03:06:00+00:00
1363,Bruno,da Conceição,bruno.costa295@yahoo.com.br,21 92605-0801,regular,2026-01-02,2026-05-19,3,976.08,True,False,False,True,2025-09-03 03:06:00+00:00
1364,Sabrina,Rios,sabrina.damata690@icloud.com,+55 13 94253-7337,dormant,2024-09-22,2024-09-22,1,250.38,True,True,False,True,2024-07-11 03:06:00+00:00
1365,Maria Liz,Mendes,marializ.cunha229@hotmail.com,+55 73 96881-2282,regular,2026-02-02,2026-05-28,3,1912.97,True,False,False,True,2025-06-23 03:06:00+00:00
1366,Davi Luiz,Mendes,daviluiz.moraes655@hotmail.com,+55 69 93653-4606,novo,,,0,0.0,True,False,False,True,2026-03-28 03:06:00+00:00
1367,Bryan,Duarte,bryan.vasconcelos287@outlook.com.br,+55 18 93567-9327,premium,2025-11-06,2026-06-26,15,12427.51,True,False,True,True,2024-05-12 03:06:00+00:00
1368,Nicole,Jesus,nicole.ramos652@yahoo.com.br,+55 94 99847-1690,novo,,,0,0.0,True,True,False,True,2026-06-13 03:06:00+00:00
1369,Lara,Azevedo,lara.novais290@hotmail.com,+55 64 90546-4754,regular,2025-12-21,2026-06-13,2,1360.62,True,True,False,True,2025-05-10 03:06:00+00:00
1370,Stella,Pereira,stella.duarte31@bol.com.br,85 98769-8999,dormant,2025-10-26,2025-10-26,1,304.8,True,False,False,True,2024-06-28 03:06:00+00:00
1371,João Guilherme,Melo,joãoguilherme.fernandes871@hotmail.com,91 95889-1444,novo,,,0,0.0,True,True,False,True,2026-01-29 03:06:00+00:00
1372,Alícia,Peixoto,alícia.moraes105@uol.com.br,28 95393-5435,regular,2026-01-03,2026-06-26,3,1774.44,True,False,True,True,2025-02-17 03:06:00+00:00
1373,Rafaela,Rocha,rafaela.jesus828@bol.com.br,11 99639-2435,dormant,2025-07-11,2025-07-11,1,266.85,True,True,True,True,2024-03-01 03:06:00+00:00
1374,Vitória,,vitória.novaes862@terra.com.br,+55 84 97982-1433,dormant,2024-09-12,2024-09-12,1,78.72,True,True,False,True,2024-01-18 03:06:00+00:00
1375,Bárbara,Cirino,bárbara.ramos399@live.com,,dormant,2025-05-25,2025-05-25,1,117.9,True,True,False,True,2024-08-11 03:06:00+00:00
1376,Evelyn,da Cruz,evelyn.gonçalves950@live.com,13 99785-2491,novo,,,0,0.0,True,True,False,True,2026-05-11 03:06:00+00:00
1377,Thiago,Campos,thiago.garcia997@icloud.com,55 90134-7789,regular,2025-07-13,2026-05-12,4,1822.94,True,True,False,True,2025-03-18 03:06:00+00:00
1378,Yuri,Moraes,yuri.nunes349@outlook.com.br,+55 82 94067-9176,novo,,,0,0.0,True,False,False,True,2026-01-27 03:06:00+00:00
1379,Hellena,Dias,hellena.campos677@yahoo.com.br,+55 75 91500-1418,regular,2025-07-13,2026-04-07,4,1603.19,True,False,False,True,2025-05-11 03:06:00+00:00
1380,Stella,da Mata,stella.cardoso302@hotmail.com,68930900159,dormant,2025-07-15,2025-07-15,1,493.55,True,False,False,True,2024-10-29 03:06:00+00:00
1381,Yuri,da Paz,Yuri.LOPES845@UOL.CoM.Br,+55 92 93999-4853,premium,2024-09-26,2026-06-16,25,11956.43,True,False,False,True,2024-09-16 03:06:00+00:00
1382,Kevin,Almeida,kevin.novaes834@terra.com.br,+5588926389021,dormant,2025-05-09,2025-05-09,1,404.8,True,False,False,True,2024-09-16 03:06:00+00:00
1383,Vitor Hugo,Mendonça,vitorhugo.campos178@hotmail.com,+55 96 96337-9223,regular,2026-01-14,2026-04-12,3,1383.71,True,False,True,True,2025-03-22 03:06:00+00:00
1384,Alana,Caldeira,alana.abreu932@uol.com.br,24 96996-7331,regular,2025-09-05,2026-04-15,3,1728.55,True,True,False,True,2025-06-16 03:06:00+00:00
1385,Enrico,Jesus,enrico.silva13@live.com,75 92696-0843,dormant,2024-10-08,2024-10-08,1,129.95,True,False,False,True,2024-06-22 03:06:00+00:00
1386,Mariane,Lopes,mariane.vieira957@icloud.com,38 95078-9679,regular,2026-03-16,2026-06-18,2,777.15,True,False,True,True,2025-07-14 03:06:00+00:00
1387,Noah,Freitas,noah.casagrande580@hotmail.com,49 92633-5564,dormant,2024-07-24,2024-07-24,1,197.36,True,True,False,False,2024-09-22 03:06:00+00:00
1388,Theo,Silva,theo.darocha592@uol.com.br,51 99709-3170,dormant,2025-11-27,2025-11-27,1,224.25,True,False,False,True,2025-01-12 03:06:00+00:00
1389,Heloisa,Oliveira,hELOIsA.FERREIra833@tERRA.cOM.br,51 90767-6164,regular,2026-01-10,2026-06-05,4,1705.66,True,False,False,True,2025-04-01 03:06:00+00:00
1390,Cecília,da Conceição,cecília.damata925@terra.com.br,+55 99 97223-9898,novo,,,0,0.0,True,False,False,False,2026-02-28 03:06:00+00:00
1391,Matteo,Andrade,matteo.garcia775@terra.com.br,+55 27 93121-9804,dormant,2025-04-14,2025-04-14,1,245.43,True,False,False,True,2024-05-26 03:06:00+00:00
1392,Emanuel,Moura,emanuel.dacunha180@live.com,+55 65 94264-2364,novo,,,0,0.0,True,False,True,True,2026-06-21 03:06:00+00:00
1393,Lucas Gabriel,Moreira,lucasgabriel.azevedo670@uol.com.br,+55 43 99092-4876,dormant,2025-03-13,2025-03-13,1,93.42,True,False,False,True,2025-01-08 03:06:00+00:00
1394,Lucas Gabriel,da Costa,lucasgabriel.almeida730@uol.com.br,+55 37 91142-8178,premium,2024-07-28,2026-06-20,16,7584.82,False,True,False,True,2024-06-14 03:06:00+00:00
1395,Emilly,Silveira,emilly.cavalcanti438@yahoo.com.br,+55 77 93052-4808,regular,2026-03-07,2026-04-22,2,677.98,True,False,True,True,2025-08-14 03:06:00+00:00
1396,Mirella,Araújo,mirella.gonçalves957@yahoo.com.br,+55 69 90722-3959,dormant,2024-07-13,2024-07-13,1,349.61,True,False,False,True,2025-01-27 03:06:00+00:00
1397,Agatha,Martins,agatha.dacruz729@live.com,+55 73 91329-0162,regular,2026-01-14,2026-04-15,3,1357.99,True,False,False,True,2025-01-02 03:06:00+00:00
1398,Alexandre,da Paz,alexandre.marques194@icloud.com,91 96886-8785,novo,,,0,0.0,True,True,True,True,2026-06-21 03:06:00+00:00
1399,Jade,Sá,jade.dacunha292@icloud.com,64 92872-0319,novo,,,0,0.0,True,False,False,True,2026-05-10 03:06:00+00:00
1400,Emilly,da Rosa,emilly.camargo956@outlook.com.br,51 96450-5730,novo,,,0,0.0,True,False,False,True,2026-02-25 03:06:00+00:00
1401,Pedro,Lopes,pedro.vasconcelos287@yahoo.com.br,79 99246-3203,regular,2025-12-06,2026-04-02,4,1261.6,True,False,True,True,2025-06-19 03:06:00+00:00
1402,Luna,da Cunha,luna.mendonça24@outlook.com.br,84 97537-2603,regular,2025-10-04,2026-05-12,2,1850.57,True,False,True,True,2025-07-18 03:06:00+00:00
1403,João Vitor,Porto,joãovitor.brito227@bol.com.br,48 90576-6194,regular,2026-03-07,2026-05-24,2,613.38,True,False,False,True,2024-11-30 03:06:00+00:00
1404,Daniela,Moraes,daniela.novaes326@live.com,+55 22 97155-3482,premium,2025-06-18,2026-06-08,10,6307.01,True,False,True,True,2025-02-27 03:06:00+00:00
1405,Antônio,Brito,antônio.casagrande406@icloud.com,13 90083-8507,regular,2025-07-29,2026-06-26,4,1972.53,True,False,True,True,2024-12-27 03:06:00+00:00
1406,Isis,Farias,isis.pimenta594@live.com,41 99545-0891,dormant,2025-03-16,2025-03-16,1,328.62,True,False,False,True,2024-04-21 03:06:00+00:00
1407,Luna,Teixeira,luna.mendonça530@outlook.com.br,97 90898-1265,regular,2026-03-26,2026-06-07,4,1185.94,True,False,False,True,2025-04-25 03:06:00+00:00
1408,Lunna,Siqueira,lunna.silveira596@bol.com.br,+55 63 92319-6463,regular,2026-03-16,2026-06-05,4,1247.79,True,False,False,True,2025-08-01 03:06:00+00:00
1409,Bryan,Aparecida,bryan.darosa585@gmail.com,+55 61 93693-6268,regular,2026-01-20,2026-04-04,2,1759.41,True,False,True,True,2025-06-25 03:06:00+00:00
1410,Thomas,Costela,thomas.abreu261@hotmail.com,+55 68 90471-3727,regular,2026-01-07,2026-04-25,3,1473.2,True,False,False,True,2025-04-06 03:06:00+00:00
1411,Ian,Barros,ian.rios26@live.com,38 99574-9885,premium,2025-07-02,2026-06-28,18,14850.54,True,False,False,True,2025-07-04 03:06:00+00:00
1412,Beatriz,Moura,beatriz.cassiano15@icloud.com,15 99330-6745,premium,2025-12-25,2026-06-03,21,10418.85,True,False,False,True,2024-09-22 03:06:00+00:00
1413,Nicole,da Rosa,nicole.monteiro483@outlook.com.br,+55 28 99441-2833,dormant,2024-07-06,2024-07-06,1,148.55,True,False,False,True,2025-05-05 03:06:00+00:00
1414,Theo,Martins,theo.cassiano229@hotmail.com,95 95666-9541,dormant,2025-05-24,2025-05-24,1,453.72,True,True,True,True,2024-02-18 03:06:00+00:00
1415,Ryan,Castro,ryan.pinto63@live.com,+55 33 95066-6267,dormant,2025-11-10,2025-11-10,1,224.56,True,True,False,True,2024-04-10 03:06:00+00:00
1416,Bento,Farias,beNTo.FreItAs147@hotMAIl.cOM,24 93776-9366,novo,,,0,0.0,True,False,False,True,2026-05-09 03:06:00+00:00
1417,Ravy,da Paz,ravy.dacruz6@yahoo.com.br,37929596111,premium,2024-08-22,2026-06-09,8,6762.98,True,False,False,True,2024-08-09 03:06:00+00:00
1418,Enzo,Vieira,enzo.sousa350@gmail.com,+55 65 98671-2007,novo,,,0,0.0,True,False,True,True,2026-04-09 03:06:00+00:00
1419,Luiz Gustavo,Andrade,luizgustavo.carvalho396@bol.com.br,46 95910-2451,premium,2025-08-24,2026-06-19,7,4822.87,True,False,False,True,2024-12-19 03:06:00+00:00
1420,Breno,Pacheco,breno.barros408@gmail.com,+55 11 93267-1494,dormant,2025-04-21,2025-04-21,1,166.71,True,False,False,True,2024-11-07 03:06:00+00:00
1421,Sara,Barbosa,sara.pimenta601@bol.com.br,+55 62 91794-2817,regular,2026-01-12,2026-05-24,4,1929.23,True,True,False,True,2025-02-27 03:06:00+00:00
1422,Pietro,Sales,pietro.dapaz58@gmail.com,55 95277-5844,dormant,2024-10-27,2024-10-27,1,91.38,True,False,False,True,2024-12-22 03:06:00+00:00
1423,Isadora,Leão,isadora.dacosta481@bol.com.br,33 93372-2010,premium,2024-08-08,2026-06-17,21,12046.98,True,False,False,True,2024-01-30 03:06:00+00:00
1424,Isaac,Casa Grande,isaac.caldeira83@live.com,+55 54 92145-5937,novo,,,0,0.0,True,False,True,True,2026-06-21 03:06:00+00:00
1425,Luara,Jesus,luara.campos243@icloud.com,22 93705-2635,novo,,,0,0.0,True,True,False,True,2026-05-12 03:06:00+00:00
1426,Davi Lucca,Aragão,davilucca.andrade137@bol.com.br,54 92776-5725,regular,2025-11-12,2026-06-10,2,1923.2,True,False,True,True,2025-01-04 03:06:00+00:00
1427,Lavínia,Ribeiro,LAVínIA.DIaS908@YahoO.COm.br,+55 12 92461-7520,premium,2024-07-01,2026-06-28,12,12210.79,True,False,True,True,2024-06-20 03:06:00+00:00
1428,João Lucas,da Costa,joãolucas.moraes142@live.com,15 93260-0559,regular,2025-10-23,2026-04-12,3,933.91,True,False,True,True,2024-12-02 03:06:00+00:00
1429,Esther,Fernandes,esther.abreu588@hotmail.com,88 98332-5848,dormant,2024-07-08,2024-07-08,1,484.62,True,True,True,True,2024-07-16 03:06:00+00:00
1430,Heloísa,Moura,heloísa.pastor824@uol.com.br,73 90798-4870,dormant,2025-06-03,2025-06-03,1,370.95,True,False,True,True,2024-12-25 03:06:00+00:00
1431,Alice,Farias,alice.almeida387@outlook.com.br,+55 33 97679-9359,premium,2024-08-26,2026-06-29,17,7367.17,True,False,False,True,2025-03-11 03:06:00+00:00
1432,Pietro,Machado,pietro.daluz10@bol.com.br,+55 21 93946-4083,premium,2025-12-27,2026-06-16,8,2911.28,True,False,True,True,2025-06-01 03:06:00+00:00
1433,Bruno,Câmara,bruno.machado114@uol.com.br,61 90601-4886,novo,,,0,0.0,True,True,True,True,2026-01-26 03:06:00+00:00
1434,Arthur Gabriel,Montenegro,arthurgabriel.siqueira523@bol.com.br,+55 28 97938-8413,novo,,,0,0.0,True,True,True,True,2026-01-15 03:06:00+00:00
1435,Heloisa,Novais,heloisa.silveira472@terra.com.br,+55 74 98306-1537,regular,2026-01-20,2026-05-01,2,1292.44,True,False,False,True,2025-09-05 03:06:00+00:00
1436,Asafe,Brito,asafe.cardoso324@bol.com.br,+55 71 94462-6325,novo,,,0,0.0,True,False,True,True,2026-03-13 03:06:00+00:00
1437,Gael,Teixeira,gael.dapaz975@bol.com.br,+55 34 91210-3142,dormant,2024-07-04,2024-07-04,1,159.6,True,False,True,True,2024-05-02 03:06:00+00:00
1438,Ian,Teixeira,ian.machado688@terra.com.br,+55 53 98878-1794,dormant,2025-11-30,2025-11-30,1,402.31,True,False,True,True,2024-12-05 03:06:00+00:00
1439,Enzo,Fogaça,enzo.viana751@hotmail.com,43 92638-4091,dormant,2025-11-16,2025-11-16,1,315.12,False,False,True,True,2024-02-07 03:06:00+00:00
1440,Davi Lucas,Castro,davilucas.casagrande532@terra.com.br,+55 68 98837-5056,regular,2025-07-27,2026-04-06,2,1297.26,True,False,False,True,2025-04-14 03:06:00+00:00
1441,Luana,Caldeira,luana.moraes34@outlook.com.br,+55 86 92397-9137,regular,2025-11-06,2026-04-15,4,1854.82,True,False,True,True,2025-03-19 03:06:00+00:00
1442,Maria Cecília,Gomes,mariacecília.duarte699@terra.com.br,+55 82 90073-0950,dormant,2025-04-21,2025-04-21,1,236.26,True,False,False,True,2024-11-01 03:06:00+00:00
1443,Esther,,esther.rezende195@terra.com.br,66 90571-2198,premium,2024-09-24,2026-06-08,16,10489.73,True,True,True,True,2024-02-20 03:06:00+00:00
1444,Igor,Pastor,igor.carvalho147@live.com,92 98851-9053,dormant,2025-03-05,2025-03-05,1,330.81,True,True,True,True,2024-12-14 03:06:00+00:00
1445,Ana Lívia,Nascimento,analívia.lima584@bol.com.br,+5521910424624,dormant,2024-07-11,2024-07-11,1,462.78,True,False,True,True,2025-04-05 03:06:00+00:00
1446,Carolina,Jesus,carolina.barbosa844@icloud.com,46 91744-6004,regular,2025-11-14,2026-06-28,3,1390.74,True,False,False,True,2025-06-03 03:06:00+00:00
1447,Beatriz,Cirino,beatriz.silva639@hotmail.com,+55 62 98991-5114,regular,2025-12-03,2026-05-26,4,896.52,True,False,False,True,2025-03-11 03:06:00+00:00
1448,Brenda,Dias,brenda.campos60@yahoo.com.br,+55 86 99130-4488,dormant,2025-10-09,2025-10-09,1,425.57,True,False,False,True,2024-04-12 03:06:00+00:00
1449,Emanuel,Silva,EMANUeL.NOvAes607@iClOUd.Com,21 98416-0461,regular,2025-12-27,2026-05-18,4,1476.75,True,True,False,True,2025-01-20 03:06:00+00:00
1450,Brenda,da Mata,brenda.sousa468@gmail.com,,regular,2025-08-06,2026-06-29,4,1352.86,True,False,False,True,2025-06-16 03:06:00+00:00
1451,João Guilherme,Azevedo,joãoguilherme.brito968@gmail.com,+55 47 97075-6814,regular,2025-09-18,2026-04-05,3,1101.88,True,False,True,True,2024-12-12 03:06:00+00:00
1452,Liam,Pastor,liam.novais806@uol.com.br,+55 38 95229-1073,dormant,2024-10-11,2024-10-11,1,352.91,True,False,False,True,2025-01-01 03:06:00+00:00
1453,José,Cavalcante,josé.sousa95@icloud.com,+55 94 96084-9378,novo,,,0,0.0,False,False,False,True,2026-02-21 03:06:00+00:00
1454,Renan,Araújo,renan.lopes3@uol.com.br,,dormant,2025-06-04,2025-06-04,1,172.51,False,False,False,True,2024-12-02 03:06:00+00:00
1455,Hellena,Correia,hellena.moura93@bol.com.br,41 92696-9443,dormant,2025-09-30,2025-09-30,1,402.62,True,False,False,True,2025-06-26 03:06:00+00:00
1456,Josué,Santos,josué.leão494@bol.com.br,93 90169-3429,regular,2026-02-21,2026-04-29,4,705.03,True,False,False,True,2025-02-08 03:06:00+00:00
1457,Léo,Ramos,léo.pacheco104@hotmail.com,+55 96 92033-0162,dormant,2025-07-08,2025-07-08,1,434.09,True,False,True,True,2025-06-24 03:06:00+00:00
1458,Pedro Henrique,da Mota,pedrohenrique.camargo980@gmail.com,+55 85 91061-5372,regular,2026-02-03,2026-06-12,4,787.41,True,False,False,True,2025-08-29 03:06:00+00:00
1459,Juan,Silveira,juan.ramos98@hotmail.com,47 95668-4732,dormant,2024-09-16,2024-09-16,1,331.26,True,False,False,True,2025-01-08 03:06:00+00:00
1460,Noah,Gomes,noah.fogaça757@uol.com.br,+55 95 97746-0406,premium,2025-03-15,2026-06-13,21,13586.81,True,False,False,True,2025-02-06 03:06:00+00:00
1461,Maria Fernanda,Castro,mariafernanda.araújo547@gmail.com,82 98436-1424,dormant,2025-12-01,2025-12-01,1,404.36,True,False,False,True,2024-10-07 03:06:00+00:00
1462,Alana,Cavalcanti,alana.lima80@gmail.com,86 98197-5437,dormant,2025-01-30,2025-01-30,1,405.56,True,False,True,True,2024-02-01 03:06:00+00:00
1463,Murilo,Sales,murilo.damota304@live.com,54 94273-7203,premium,2024-07-02,2026-06-21,16,5263.08,True,False,False,True,2025-06-23 03:06:00+00:00
1464,Maria Vitória,Gomes,mariavitória.câmara441@icloud.com,96 92145-8414,regular,2025-11-30,2026-05-30,3,698.69,True,True,False,True,2025-08-10 03:06:00+00:00
1465,Pietra,das Neves,pietra.souza254@outlook.com.br,+55 16 91913-4438,dormant,2025-07-08,2025-07-08,1,256.39,True,False,False,True,2024-06-19 03:06:00+00:00
1466,Sofia,Cirino,sofia.pires154@live.com,,premium,2025-09-27,2026-06-20,15,11461.64,False,False,False,True,2025-06-29 03:06:00+00:00
1467,Sarah,Abreu,sarah.cassiano590@gmail.com,33 98695-0732,regular,2026-03-23,2026-06-11,4,1311.99,True,False,False,True,2025-05-10 03:06:00+00:00
1468,Henrique,Siqueira,henrique.dasneves624@outlook.com.br,,premium,2024-10-14,2026-06-21,16,8769.96,True,False,False,True,2024-05-12 03:06:00+00:00
1469,Theodoro,Sampaio,theodoro.damata9@uol.com.br,62 99995-1679,premium,2025-12-22,2026-06-25,14,11926.61,True,False,True,True,2024-08-13 03:06:00+00:00
1470,Matteo,da Cruz,matteo.duarte485@gmail.com,37 95738-5736,regular,2025-09-06,2026-06-21,2,973.4,False,False,True,True,2025-03-02 03:06:00+00:00
1471,Arthur Gabriel,Sales,arthurgabriel.barbosa338@hotmail.com,+55 62 93603-7681,regular,2025-09-28,2026-05-31,2,940.62,True,False,True,True,2025-09-03 03:06:00+00:00
1472,Gustavo,Rodrigues,gustavo.novaes333@live.com,+55 61 93335-1040,dormant,2024-11-07,2024-11-07,1,205.09,True,False,False,True,2024-05-29 03:06:00+00:00
1473,Julia,Campos,julia.damota77@live.com,+55 85 91539-1149,novo,,,0,0.0,True,False,True,True,2026-01-29 03:06:00+00:00
1474,Stella,Souza,stella.pires928@uol.com.br,+55 24 97482-0736,premium,2025-11-28,2026-06-24,24,12218.56,True,False,False,True,2025-05-30 03:06:00+00:00
1475,Bianca,Brito,bianca.borges26@icloud.com,+55 91 99406-5578,dormant,2025-02-16,2025-02-16,1,488.85,True,True,False,True,2024-04-10 03:06:00+00:00
1476,Lucas,Alves,lucas.sousa129@hotmail.com,+55 16 94322-3023,dormant,2025-12-08,2025-12-08,1,67.85,True,False,False,True,2025-04-25 03:06:00+00:00
1477,Otto,Costa,otto.cardoso877@bol.com.br,82 90739-2013,regular,2025-08-17,2026-05-18,2,1921.01,True,True,False,True,2025-09-30 03:06:00+00:00
1478,Emanuelly,Pires,emanuelly.sá965@bol.com.br,71 92127-6025,regular,2025-08-18,2026-05-26,4,1172.77,True,False,False,True,2025-05-31 03:06:00+00:00
1479,Bernardo,Nascimento,bernardo.cavalcanti339@outlook.com.br,+55 47 91231-2616,regular,2026-03-03,2026-05-22,3,1996.04,False,True,True,True,2025-05-24 03:06:00+00:00
1480,Raul,Sampaio,raul.cavalcante589@bol.com.br,99 98899-5729,novo,,,0,0.0,True,False,False,True,2026-03-27 03:06:00+00:00
1481,Sophia,Ribeiro,sophia.nunes638@uol.com.br,77 96297-4549,regular,2026-03-10,2026-06-05,4,1466.06,True,False,True,True,2025-02-23 03:06:00+00:00
1482,Paulo,Siqueira,paulo.vargas65@gmail.com,+55 82 96468-7191,premium,2024-10-18,2026-06-21,5,2544.52,True,False,False,True,2024-03-23 03:06:00+00:00
1483,José,Aragão,josé.daconceição927@icloud.com,+55 48 98769-2082,premium,2024-08-20,2026-06-04,20,2653.68,True,False,False,True,2025-04-25 03:06:00+00:00
1484,Stephany,da Conceição,stephany.cardoso503@uol.com.br,+55 27 98981-3881,regular,2026-02-18,2026-05-17,2,529.13,True,True,False,True,2025-06-27 03:06:00+00:00
1485,Camila,Moura,camila.nascimento272@hotmail.com,+55 99 94582-2067,dormant,2025-07-27,2025-07-27,1,460.62,True,False,False,True,2024-07-28 03:06:00+00:00
1486,Noah,Carvalho,noah.vieira817@uol.com.br,+55 42 98297-1681,regular,2026-03-03,2026-04-07,2,1337.98,True,False,False,True,2025-01-13 03:06:00+00:00
1487,Aurora,Marques,auRoRA.CavAlcANte586@BOL.coM.Br,37 90000-0015,regular,2026-02-04,2026-05-28,3,1071.15,True,True,True,True,2025-06-12 03:06:00+00:00
1488,Lucas,Sá,lucas.souza637@hotmail.com,+55 41 93717-8509,dormant,2025-03-02,2025-03-02,1,279.94,True,False,True,True,2024-08-29 03:06:00+00:00
1489,Benjamim,Silveira,benjamim.cassiano429@terra.com.br,28 96184-4421,regular,2026-01-27,2026-05-03,3,1806.95,True,False,True,True,2025-06-30 03:06:00+00:00
1490,Zoe,Casa Grande,zoe.peixoto736@icloud.com,,dormant,2024-12-31,2024-12-31,1,201.13,True,False,True,True,2024-05-22 03:06:00+00:00
1491,Maria Liz,da Paz,marializ.mendonça361@icloud.com,+55 37 92248-9056,regular,2026-02-15,2026-04-08,4,1498.77,True,False,False,True,2025-08-22 03:06:00+00:00
1492,Maria Isis,Aparecida,mariaisis.montenegro830@outlook.com.br,84 90090-0436,regular,2025-07-16,2026-04-20,3,855.26,True,False,False,True,2025-04-25 03:06:00+00:00
1493,Catarina,Porto,catarina.fernandes974@hotmail.com,45984826691,novo,,,0,0.0,True,False,False,True,2026-06-23 03:06:00+00:00
1494,Ravy,Jesus,ravy.cassiano119@bol.com.br,96 93550-5429,novo,,,0,0.0,True,False,True,True,2026-02-25 03:06:00+00:00
1495,Fernanda,Siqueira,fernanda.aparecida628@icloud.com,+55 22 97063-3699,dormant,2024-08-07,2024-08-07,1,486.78,True,False,False,True,2024-06-24 03:06:00+00:00
1496,Maria Clara,Pinto,mariaclara.fogaça641@gmail.com,+55 77 92104-0164,novo,,,0,0.0,True,False,False,True,2026-02-24 03:06:00+00:00
1497,Sarah,Campos,sarah.novais864@icloud.com,+55 12 94428-7738,premium,2025-06-19,2026-06-25,23,9320.45,True,False,False,False,2025-03-27 03:06:00+00:00
1498,Mathias,Garcia,mathias.silva692@uol.com.br,+55 33 96432-1269,premium,2025-09-06,2026-06-28,18,10415.91,False,False,False,True,2025-04-05 03:06:00+00:00
1499,Ana Carolina,Silveira,anacarolina.cavalcante964@icloud.com,24 96420-3625,regular,2026-03-14,2026-06-22,3,1852.48,True,True,False,True,2024-12-12 03:06:00+00:00
1500,Sarah,Lopes,sarah.cunha572@hotmail.com,27 94170-6462,dormant,2025-09-22,2025-09-22,1,105.89,True,True,True,True,2024-10-02 03:06:00+00:00
