pedido_id,carrinho_id,cliente_id,data_pedido,valor_subtotal,valor_frete,valor_desconto,valor_total,metodo_pagamento,status_pedido,origem_recuperacao,resgate_id,created_at
1,1,256,2026-01-28 03:11:00+00:00,301.21,7.28,0.0,308.49,pix,cancelado,False,,2026-01-28 03:11:00+00:00
2,8,249,2026-05-10 20:53:00+00:00,86.96,14.68,12.78,88.86,cartao_credito,entregue,True,,2026-05-10 20:53:00+00:00
3,13,541,2026-04-25 13:12:00+00:00,261.69,19.4,37.14,243.95,cartao_credito,entregue,True,,2026-04-25 13:12:00+00:00
4,14,1483,2026-02-05 18:26:00+00:00,1058.5,32.7,90.59,1000.61,cartao_credito,entregue,True,,2026-02-05 18:26:00+00:00
5,16,1149,2026-04-09 18:53:00+00:00,318.32,15.08,39.63,293.77,cartao_credito,enviado,True,,2026-04-09 18:53:00+00:00
6,20,171,2026-06-07 23:39:00+00:00,718.94,44.34,0.0,763.28,pix,confirmado,False,,2026-06-07 23:39:00+00:00
7,24,217,2026-05-11 12:17:00+00:00,125.09,36.64,0.0,161.73,pix,enviado,False,,2026-05-11 12:17:00+00:00
8,26,1158,2026-05-09 13:40:00+00:00,200.28,32.72,0.0,233.0,cartao_credito,enviado,False,,2026-05-09 13:40:00+00:00
9,27,138,2026-02-01 13:41:00+00:00,188.76,24.56,0.0,213.32,pix,entregue,False,,2026-02-01 13:41:00+00:00
10,28,422,2026-06-24 11:46:00+00:00,161.18,20.59,13.21,168.56,pix,enviado,True,,2026-06-24 11:46:00+00:00
11,42,1453,2026-01-23 15:11:00+00:00,150.77,13.07,0.0,163.84,boleto,confirmado,False,,2026-01-23 15:11:00+00:00
12,43,562,2026-05-01 16:36:00+00:00,509.5,20.21,0.0,529.71,cartao_credito,confirmado,False,,2026-05-01 16:36:00+00:00
13,45,564,2026-03-10 12:21:00+00:00,120.9,34.8,0.0,155.7,boleto,entregue,False,,2026-03-10 12:21:00+00:00
14,48,390,2026-03-03 19:12:00+00:00,146.36,26.51,0.0,172.87,cartao_credito,entregue,False,,2026-03-03 19:12:00+00:00
15,55,889,2026-02-21 11:39:00+00:00,101.78,11.8,0.0,113.58,cartao_credito,enviado,False,,2026-02-21 11:39:00+00:00
16,60,323,2026-02-17 18:37:00+00:00,760.27,11.53,0.0,771.8,cartao_credito,enviado,False,,2026-02-17 18:37:00+00:00
17,69,114,2026-02-04 01:25:00+00:00,881.68,7.93,0.0,889.61,pix,entregue,False,,2026-02-04 01:25:00+00:00
18,70,387,2026-02-05 20:20:00+00:00,34.98,32.79,0.0,67.77,cartao_credito,entregue,False,,2026-02-05 20:20:00+00:00
19,72,1221,2026-05-28 21:15:00+00:00,717.61,33.88,0.0,751.49,cartao_credito,enviado,False,,2026-05-28 21:15:00+00:00
20,80,1486,2026-02-09 10:01:00+00:00,248.99,29.46,0.0,278.45,cartao_credito,entregue,False,,2026-02-09 10:01:00+00:00
21,88,542,2026-05-20 12:58:00+00:00,271.25,44.72,0.0,315.97,cartao_credito,enviado,False,,2026-05-20 12:58:00+00:00
22,93,218,2026-03-14 02:19:00+00:00,116.57,39.21,0.0,155.78,pix,entregue,False,,2026-03-14 02:19:00+00:00
23,98,1109,2026-04-26 17:40:00+00:00,74.26,44.29,0.0,118.55,pix,entregue,False,,2026-04-26 17:40:00+00:00
24,101,351,2026-06-12 10:44:00+00:00,453.05,29.83,32.08,450.8,cartao_credito,cancelado,True,,2026-06-12 10:44:00+00:00
25,102,281,2026-06-22 13:38:00+00:00,59.85,39.7,0.0,99.55,pix,entregue,False,,2026-06-22 13:38:00+00:00
26,104,867,2026-04-12 16:23:00+00:00,681.67,39.04,0.0,720.71,cartao_credito,enviado,False,,2026-04-12 16:23:00+00:00
27,106,931,2026-02-21 01:35:00+00:00,313.82,9.2,0.0,323.02,pix,entregue,False,,2026-02-21 01:35:00+00:00
28,108,237,2026-05-04 03:03:00+00:00,1026.96,9.58,0.0,1036.54,pix,entregue,False,,2026-05-04 03:03:00+00:00
29,113,1496,2026-05-05 00:13:00+00:00,847.52,31.56,0.0,879.08,cartao_credito,confirmado,False,,2026-05-05 00:13:00+00:00
30,114,116,2026-03-16 14:26:00+00:00,167.82,8.16,0.0,175.98,cartao_credito,entregue,False,,2026-03-16 14:26:00+00:00
31,118,56,2026-04-06 12:14:00+00:00,358.65,41.3,0.0,399.95,cartao_credito,enviado,False,,2026-04-06 12:14:00+00:00
32,119,1242,2026-05-09 16:17:00+00:00,532.01,36.72,74.86,493.87,boleto,confirmado,True,,2026-05-09 16:17:00+00:00
33,120,675,2026-01-26 23:48:00+00:00,103.94,7.81,0.0,111.75,boleto,entregue,False,,2026-01-26 23:48:00+00:00
34,127,143,2026-02-22 15:15:00+00:00,88.88,35.22,12.66,111.44,pix,entregue,True,,2026-02-22 15:15:00+00:00
35,128,434,2026-03-09 16:31:00+00:00,364.17,29.46,0.0,393.63,cartao_credito,entregue,False,,2026-03-09 16:31:00+00:00
36,130,695,2026-02-19 09:45:00+00:00,404.18,35.68,50.85,389.01,boleto,entregue,True,,2026-02-19 09:45:00+00:00
37,132,684,2026-01-17 11:43:00+00:00,825.08,17.47,84.52,758.03,cartao_debito,entregue,True,,2026-01-17 11:43:00+00:00
38,135,383,2026-06-19 03:09:00+00:00,385.66,20.68,56.76,349.58,cartao_credito,enviado,True,,2026-06-19 03:09:00+00:00
39,136,733,2026-03-05 00:46:00+00:00,465.66,19.14,29.57,455.23,cartao_credito,entregue,True,,2026-03-05 00:46:00+00:00
40,137,539,2026-04-18 00:18:00+00:00,632.51,44.14,72.41,604.24,cartao_credito,entregue,True,,2026-04-18 00:18:00+00:00
41,139,121,2026-01-08 15:35:00+00:00,488.73,7.2,33.53,462.4,boleto,entregue,True,,2026-01-08 15:35:00+00:00
42,152,1274,2026-03-26 20:27:00+00:00,302.3,32.51,0.0,334.81,cartao_debito,confirmado,False,,2026-03-26 20:27:00+00:00
43,155,534,2026-04-22 14:01:00+00:00,256.92,42.35,0.0,299.27,cartao_credito,entregue,False,,2026-04-22 14:01:00+00:00
44,157,576,2026-02-27 10:52:00+00:00,341.48,41.53,0.0,383.01,boleto,enviado,False,,2026-02-27 10:52:00+00:00
45,158,1124,2026-06-10 13:51:00+00:00,427.67,41.56,0.0,469.23,cartao_credito,entregue,False,,2026-06-10 13:51:00+00:00
46,159,740,2026-01-14 00:08:00+00:00,561.44,12.65,0.0,574.09,cartao_credito,entregue,False,,2026-01-14 00:08:00+00:00
47,162,661,2026-01-27 11:22:00+00:00,242.55,31.43,0.0,273.98,cartao_credito,entregue,False,,2026-01-27 11:22:00+00:00
48,167,163,2026-01-26 21:31:00+00:00,654.12,9.77,0.0,663.89,pix,entregue,False,,2026-01-26 21:31:00+00:00
49,168,1154,2026-03-09 01:03:00+00:00,152.31,29.09,0.0,181.4,boleto,entregue,False,,2026-03-09 01:03:00+00:00
50,170,437,2026-06-26 20:08:00+00:00,288.38,21.46,0.0,309.84,boleto,entregue,False,,2026-06-26 20:08:00+00:00
51,171,1214,2026-06-21 23:43:00+00:00,497.24,22.25,0.0,519.49,cartao_credito,entregue,False,,2026-06-21 23:43:00+00:00
52,173,71,2026-04-01 23:43:00+00:00,403.31,33.68,0.0,436.99,pix,confirmado,False,,2026-04-01 23:43:00+00:00
53,176,620,2026-04-04 19:22:00+00:00,684.2,22.96,54.3,652.86,cartao_debito,entregue,True,,2026-04-04 19:22:00+00:00
54,177,501,2026-01-22 17:15:00+00:00,278.48,7.72,0.0,286.2,pix,entregue,False,,2026-01-22 17:15:00+00:00
55,184,217,2026-05-23 15:35:00+00:00,582.96,27.54,57.15,553.35,cartao_credito,cancelado,True,,2026-05-23 15:35:00+00:00
56,196,319,2026-05-01 14:06:00+00:00,862.28,29.25,0.0,891.53,pix,confirmado,False,,2026-05-01 14:06:00+00:00
57,200,800,2026-01-03 23:41:00+00:00,230.66,27.98,0.0,258.64,pix,entregue,False,,2026-01-03 23:41:00+00:00
58,202,83,2026-04-24 00:25:00+00:00,174.53,15.43,12.51,177.45,pix,entregue,True,,2026-04-24 00:25:00+00:00
59,216,117,2026-05-24 02:08:00+00:00,353.85,43.75,0.0,397.6,boleto,enviado,False,,2026-05-24 02:08:00+00:00
60,221,1074,2026-05-02 23:52:00+00:00,43.62,41.11,0.0,84.73,pix,cancelado,False,,2026-05-02 23:52:00+00:00
61,222,987,2026-06-02 20:24:00+00:00,559.77,14.79,0.0,574.56,cartao_credito,entregue,False,,2026-06-02 20:24:00+00:00
62,224,1040,2026-05-17 23:04:00+00:00,716.23,23.24,0.0,739.47,pix,confirmado,False,,2026-05-17 23:04:00+00:00
63,228,1183,2026-03-16 14:00:00+00:00,63.09,33.72,0.0,96.81,pix,confirmado,False,,2026-03-16 14:00:00+00:00
64,232,498,2026-04-06 20:17:00+00:00,375.39,41.58,0.0,416.97,cartao_credito,entregue,False,,2026-04-06 20:17:00+00:00
65,233,1020,2026-05-22 19:34:00+00:00,228.96,40.97,0.0,269.93,cartao_credito,enviado,False,,2026-05-22 19:34:00+00:00
66,239,1079,2026-03-14 00:14:00+00:00,441.74,0.0,0.0,441.74,cartao_credito,entregue,False,,2026-03-14 00:14:00+00:00
67,241,267,2026-02-06 19:15:00+00:00,95.48,0.0,6.8,88.68,pix,entregue,True,,2026-02-06 19:15:00+00:00
68,249,1151,2026-05-10 20:44:00+00:00,188.28,26.7,22.54,192.44,pix,entregue,True,,2026-05-10 20:44:00+00:00
69,255,440,2026-05-10 14:40:00+00:00,500.37,9.69,0.0,510.06,cartao_credito,entregue,False,,2026-05-10 14:40:00+00:00
70,260,1278,2026-03-05 14:25:00+00:00,531.69,40.02,0.0,571.71,cartao_credito,entregue,False,,2026-03-05 14:25:00+00:00
71,261,1498,2026-05-03 10:05:00+00:00,768.26,43.2,96.96,714.5,cartao_debito,confirmado,True,,2026-05-03 10:05:00+00:00
72,262,12,2026-02-18 15:51:00+00:00,122.25,42.04,0.0,164.29,pix,enviado,False,,2026-02-18 15:51:00+00:00
73,269,672,2026-05-15 10:52:00+00:00,522.62,21.67,0.0,544.29,cartao_credito,entregue,False,,2026-05-15 10:52:00+00:00
74,270,965,2026-06-26 21:03:00+00:00,43.26,19.64,5.46,57.44,boleto,entregue,True,,2026-06-26 21:03:00+00:00
75,272,210,2026-03-10 03:36:00+00:00,1045.81,20.84,0.0,1066.65,pix,entregue,False,,2026-03-10 03:36:00+00:00
76,280,246,2026-04-01 13:28:00+00:00,684.34,12.7,0.0,697.04,cartao_debito,confirmado,False,,2026-04-01 13:28:00+00:00
77,282,981,2026-06-19 15:36:00+00:00,247.04,15.47,0.0,262.51,cartao_credito,entregue,False,,2026-06-19 15:36:00+00:00
78,284,72,2026-03-04 15:38:00+00:00,249.22,16.82,0.0,266.04,pix,enviado,False,,2026-03-04 15:38:00+00:00
79,290,1271,2026-04-05 02:48:00+00:00,94.9,5.09,0.0,99.99,cartao_credito,entregue,False,,2026-04-05 02:48:00+00:00
80,291,819,2026-03-08 10:43:00+00:00,434.8,0.0,0.0,434.8,pix,entregue,False,,2026-03-08 10:43:00+00:00
81,293,694,2026-06-13 15:40:00+00:00,509.33,35.0,0.0,544.33,pix,entregue,False,,2026-06-13 15:40:00+00:00
82,294,753,2026-04-11 10:09:00+00:00,220.2,33.26,0.0,253.46,pix,enviado,True,263,2026-04-11 10:09:00+00:00
83,298,612,2026-01-29 02:27:00+00:00,723.9,9.27,62.75,670.42,pix,entregue,True,,2026-01-29 02:27:00+00:00
84,299,1019,2026-03-03 02:08:00+00:00,321.41,28.76,20.14,330.03,pix,entregue,True,,2026-03-03 02:08:00+00:00
85,302,246,2026-05-19 17:54:00+00:00,940.43,11.9,0.0,952.33,cartao_credito,entregue,False,,2026-05-19 17:54:00+00:00
86,305,342,2026-03-24 14:47:00+00:00,975.44,35.42,0.0,1010.86,pix,enviado,False,,2026-03-24 14:47:00+00:00
87,307,793,2026-03-08 10:33:00+00:00,248.83,28.67,0.0,277.5,pix,entregue,False,,2026-03-08 10:33:00+00:00
88,310,736,2026-02-23 02:36:00+00:00,256.63,33.54,0.0,290.17,pix,entregue,False,,2026-02-23 02:36:00+00:00
89,313,1068,2026-05-01 23:04:00+00:00,614.43,10.39,0.0,624.82,cartao_credito,entregue,False,,2026-05-01 23:04:00+00:00
90,314,567,2026-03-25 12:37:00+00:00,861.69,8.03,0.0,869.72,cartao_credito,entregue,False,,2026-03-25 12:37:00+00:00
91,316,973,2026-02-02 02:15:00+00:00,366.96,33.89,0.0,400.85,cartao_credito,entregue,False,,2026-02-02 02:15:00+00:00
92,319,983,2026-05-04 10:02:00+00:00,471.45,43.32,66.66,448.11,cartao_credito,entregue,True,,2026-05-04 10:02:00+00:00
93,328,1482,2026-02-23 12:10:00+00:00,476.95,13.89,0.0,490.84,cartao_credito,entregue,False,,2026-02-23 12:10:00+00:00
94,333,94,2026-06-01 10:14:00+00:00,384.18,16.8,0.0,400.98,cartao_debito,entregue,False,,2026-06-01 10:14:00+00:00
95,334,28,2026-02-24 02:08:00+00:00,119.64,37.92,0.0,157.56,pix,confirmado,False,,2026-02-24 02:08:00+00:00
96,337,427,2026-02-01 10:36:00+00:00,43.77,16.02,0.0,59.79,boleto,confirmado,False,,2026-02-01 10:36:00+00:00
97,339,666,2026-05-18 23:18:00+00:00,762.0,38.74,0.0,800.74,pix,entregue,False,,2026-05-18 23:18:00+00:00
98,340,1483,2026-06-11 17:41:00+00:00,432.79,33.05,61.34,404.5,boleto,enviado,True,,2026-06-11 17:41:00+00:00
99,343,1227,2026-05-18 03:00:00+00:00,97.05,31.95,14.09,114.91,cartao_credito,enviado,True,,2026-05-18 03:00:00+00:00
100,347,124,2026-05-20 10:01:00+00:00,209.36,10.33,0.0,219.69,cartao_debito,entregue,False,,2026-05-20 10:01:00+00:00
101,349,1217,2026-02-06 13:29:00+00:00,240.31,22.28,34.68,227.91,pix,entregue,True,,2026-02-06 13:29:00+00:00
102,351,1441,2026-03-07 23:13:00+00:00,166.04,11.76,0.0,177.8,cartao_credito,entregue,False,,2026-03-07 23:13:00+00:00
103,352,678,2026-02-22 22:39:00+00:00,221.72,9.89,0.0,231.61,cartao_credito,entregue,False,,2026-02-22 22:39:00+00:00
104,353,104,2026-06-08 16:04:00+00:00,423.09,9.87,42.78,390.18,cartao_credito,entregue,True,,2026-06-08 16:04:00+00:00
105,356,1138,2026-02-14 16:08:00+00:00,114.52,33.21,10.66,137.07,cartao_credito,entregue,True,,2026-02-14 16:08:00+00:00
106,358,919,2026-05-28 21:24:00+00:00,460.97,38.25,67.59,431.63,cartao_credito,entregue,True,,2026-05-28 21:24:00+00:00
107,365,1303,2026-04-01 16:15:00+00:00,458.63,14.86,0.0,473.49,pix,entregue,False,,2026-04-01 16:15:00+00:00
108,367,582,2026-02-09 11:05:00+00:00,668.22,23.28,0.0,691.5,boleto,enviado,False,,2026-02-09 11:05:00+00:00
109,379,1273,2026-04-16 03:37:00+00:00,40.59,33.9,0.0,74.49,pix,entregue,False,,2026-04-16 03:37:00+00:00
110,385,1447,2026-03-24 17:20:00+00:00,942.91,13.16,0.0,956.07,pix,enviado,False,,2026-03-24 17:20:00+00:00
111,387,376,2026-01-03 18:48:00+00:00,802.9,31.77,0.0,834.67,cartao_credito,entregue,False,,2026-01-03 18:48:00+00:00
112,389,1470,2026-01-22 14:44:00+00:00,149.36,41.15,0.0,190.51,pix,entregue,False,,2026-01-22 14:44:00+00:00
113,391,446,2026-05-19 02:58:00+00:00,737.1,36.74,0.0,773.84,pix,confirmado,False,,2026-05-19 02:58:00+00:00
114,393,848,2026-06-21 03:07:00+00:00,141.63,37.73,0.0,179.36,cartao_debito,enviado,False,,2026-06-21 03:07:00+00:00
115,400,1412,2026-05-09 02:04:00+00:00,397.05,24.99,21.78,400.26,cartao_debito,entregue,True,,2026-05-09 02:04:00+00:00
116,401,1258,2026-06-26 11:37:00+00:00,669.84,38.86,0.0,708.7,pix,entregue,False,,2026-06-26 11:37:00+00:00
117,403,17,2026-03-15 02:06:00+00:00,189.8,40.11,0.0,229.91,pix,entregue,False,,2026-03-15 02:06:00+00:00
118,404,468,2026-01-24 18:50:00+00:00,344.94,43.49,0.0,388.43,boleto,entregue,False,,2026-01-24 18:50:00+00:00
119,405,1316,2026-03-05 01:55:00+00:00,698.68,36.75,0.0,735.43,pix,enviado,False,,2026-03-05 01:55:00+00:00
120,407,1145,2026-02-03 02:24:00+00:00,693.61,17.42,54.54,656.49,pix,enviado,True,,2026-02-03 02:24:00+00:00
121,411,209,2026-03-06 13:23:00+00:00,342.35,14.57,0.0,356.92,pix,entregue,False,,2026-03-06 13:23:00+00:00
122,412,848,2026-01-18 12:30:00+00:00,353.44,10.87,24.3,340.01,pix,enviado,True,,2026-01-18 12:30:00+00:00
123,414,1140,2026-04-20 14:05:00+00:00,341.89,7.92,49.42,300.39,cartao_debito,enviado,True,,2026-04-20 14:05:00+00:00
124,415,924,2026-04-22 16:50:00+00:00,825.31,5.73,0.0,831.04,cartao_credito,entregue,False,,2026-04-22 16:50:00+00:00
125,417,1032,2026-05-24 17:02:00+00:00,755.1,10.07,0.0,765.17,cartao_debito,entregue,False,,2026-05-24 17:02:00+00:00
126,418,391,2026-06-14 11:56:00+00:00,112.97,41.34,11.45,142.86,pix,enviado,True,,2026-06-14 11:56:00+00:00
127,422,1064,2026-05-26 22:32:00+00:00,252.26,18.19,0.0,270.45,pix,entregue,False,,2026-05-26 22:32:00+00:00
128,425,1213,2026-06-06 12:30:00+00:00,92.38,7.2,0.0,99.58,boleto,entregue,False,,2026-06-06 12:30:00+00:00
129,430,309,2026-03-23 01:40:00+00:00,246.26,14.16,0.0,260.42,boleto,cancelado,False,,2026-03-23 01:40:00+00:00
130,431,1059,2026-06-05 04:03:00+00:00,394.65,0.0,0.0,394.65,cartao_credito,entregue,False,,2026-06-05 04:03:00+00:00
131,432,457,2026-01-07 21:52:00+00:00,230.76,39.07,0.0,269.83,cartao_credito,entregue,False,,2026-01-07 21:52:00+00:00
132,434,900,2026-04-03 18:16:00+00:00,561.78,43.26,0.0,605.04,boleto,entregue,False,,2026-04-03 18:16:00+00:00
133,435,437,2026-03-16 15:51:00+00:00,345.29,10.62,0.0,355.91,boleto,entregue,False,,2026-03-16 15:51:00+00:00
134,436,1329,2026-04-25 20:33:00+00:00,309.55,34.11,0.0,343.66,boleto,entregue,False,,2026-04-25 20:33:00+00:00
135,438,1450,2026-01-06 22:22:00+00:00,670.39,10.61,54.82,626.18,cartao_credito,entregue,True,,2026-01-06 22:22:00+00:00
136,440,1453,2026-02-25 10:05:00+00:00,211.85,34.05,0.0,245.9,pix,confirmado,False,,2026-02-25 10:05:00+00:00
137,447,564,2026-01-07 16:17:00+00:00,83.25,38.54,0.0,121.79,cartao_credito,entregue,False,,2026-01-07 16:17:00+00:00
138,454,1426,2026-01-25 20:06:00+00:00,265.3,24.09,0.0,289.39,cartao_credito,enviado,False,,2026-01-25 20:06:00+00:00
139,455,221,2026-05-13 17:58:00+00:00,178.57,30.92,0.0,209.49,cartao_credito,entregue,False,,2026-05-13 17:58:00+00:00
140,462,876,2026-01-16 21:55:00+00:00,265.04,38.39,0.0,303.43,cartao_credito,cancelado,False,,2026-01-16 21:55:00+00:00
141,464,149,2026-04-05 20:40:00+00:00,541.98,44.09,0.0,586.07,cartao_credito,entregue,False,,2026-04-05 20:40:00+00:00
142,465,459,2026-05-17 18:28:00+00:00,493.75,14.14,42.56,465.33,pix,confirmado,True,,2026-05-17 18:28:00+00:00
143,470,308,2026-03-07 20:01:00+00:00,958.19,9.59,0.0,967.78,pix,confirmado,False,,2026-03-07 20:01:00+00:00
144,471,1172,2026-04-13 17:33:00+00:00,805.97,26.1,0.0,832.07,pix,entregue,False,,2026-04-13 17:33:00+00:00
145,474,1219,2026-05-12 17:23:00+00:00,137.11,44.86,0.0,181.97,pix,confirmado,False,,2026-05-12 17:23:00+00:00
146,479,1029,2026-01-13 17:41:00+00:00,293.22,9.76,0.0,302.98,cartao_credito,entregue,False,,2026-01-13 17:41:00+00:00
147,482,439,2026-03-14 19:23:00+00:00,367.52,21.4,0.0,388.92,pix,entregue,False,,2026-03-14 19:23:00+00:00
148,485,969,2026-05-22 14:28:00+00:00,212.78,20.46,0.0,233.24,cartao_credito,entregue,False,,2026-05-22 14:28:00+00:00
149,486,1128,2026-05-05 00:53:00+00:00,1210.25,24.89,0.0,1235.14,cartao_credito,confirmado,False,,2026-05-05 00:53:00+00:00
150,494,870,2026-06-18 12:50:00+00:00,566.88,32.69,0.0,599.57,cartao_credito,entregue,False,,2026-06-18 12:50:00+00:00
151,496,409,2026-01-11 16:21:00+00:00,251.39,5.17,0.0,256.56,boleto,entregue,False,,2026-01-11 16:21:00+00:00
152,502,646,2026-05-03 00:52:00+00:00,20.69,35.66,0.0,56.35,boleto,entregue,False,,2026-05-03 00:52:00+00:00
153,503,98,2026-06-07 16:35:00+00:00,166.53,39.55,0.0,206.08,cartao_credito,entregue,False,,2026-06-07 16:35:00+00:00
154,508,635,2026-06-10 19:35:00+00:00,482.69,31.68,0.0,514.37,pix,entregue,False,,2026-06-10 19:35:00+00:00
155,509,1202,2026-05-10 15:24:00+00:00,450.88,7.85,0.0,458.73,cartao_debito,entregue,False,,2026-05-10 15:24:00+00:00
156,510,268,2026-04-20 15:24:00+00:00,424.57,26.56,0.0,451.13,cartao_credito,enviado,False,,2026-04-20 15:24:00+00:00
157,519,543,2026-06-04 18:56:00+00:00,420.79,31.68,0.0,452.47,pix,enviado,False,,2026-06-04 18:56:00+00:00
158,522,712,2026-05-18 00:05:00+00:00,841.06,28.88,0.0,869.94,cartao_credito,enviado,False,,2026-05-18 00:05:00+00:00
159,523,805,2026-02-24 20:47:00+00:00,130.21,7.1,0.0,137.31,cartao_debito,enviado,False,,2026-02-24 20:47:00+00:00
160,524,256,2026-03-27 00:56:00+00:00,441.78,23.06,0.0,464.84,cartao_credito,entregue,False,,2026-03-27 00:56:00+00:00
161,526,1346,2026-05-23 11:17:00+00:00,89.49,23.1,0.0,112.59,pix,enviado,False,,2026-05-23 11:17:00+00:00
162,531,307,2026-02-01 17:22:00+00:00,62.94,6.11,0.0,69.05,pix,enviado,False,,2026-02-01 17:22:00+00:00
163,532,37,2026-06-15 12:27:00+00:00,1055.16,36.26,0.0,1091.42,pix,entregue,False,,2026-06-15 12:27:00+00:00
164,533,730,2026-03-27 23:36:00+00:00,741.57,11.73,0.0,753.3,cartao_credito,confirmado,False,,2026-03-27 23:36:00+00:00
165,545,755,2026-06-28 03:12:00+00:00,36.51,6.66,0.0,43.17,boleto,entregue,False,,2026-06-28 03:12:00+00:00
166,551,32,2026-01-11 13:07:00+00:00,678.8,9.03,0.0,687.83,cartao_credito,entregue,False,,2026-01-11 13:07:00+00:00
167,554,323,2026-02-03 11:31:00+00:00,374.61,10.63,0.0,385.24,cartao_credito,entregue,False,,2026-02-03 11:31:00+00:00
168,563,1200,2026-06-04 13:42:00+00:00,258.68,8.43,0.0,267.11,cartao_credito,entregue,False,,2026-06-04 13:42:00+00:00
169,565,612,2026-06-14 20:14:00+00:00,621.75,26.08,0.0,647.83,boleto,enviado,False,,2026-06-14 20:14:00+00:00
170,568,80,2026-04-07 19:45:00+00:00,191.18,14.76,0.0,205.94,cartao_credito,enviado,False,,2026-04-07 19:45:00+00:00
171,569,245,2026-01-27 03:18:00+00:00,472.47,40.15,54.99,457.63,cartao_credito,confirmado,True,,2026-01-27 03:18:00+00:00
172,570,1434,2026-04-02 17:06:00+00:00,476.96,38.47,0.0,515.43,pix,confirmado,False,,2026-04-02 17:06:00+00:00
173,573,205,2026-06-15 18:45:00+00:00,249.89,41.66,0.0,291.55,cartao_credito,enviado,False,,2026-06-15 18:45:00+00:00
174,575,438,2026-01-16 09:29:00+00:00,195.65,14.62,24.59,185.68,cartao_credito,entregue,True,,2026-01-16 09:29:00+00:00
175,576,548,2026-05-05 21:23:00+00:00,120.29,30.82,0.0,151.11,cartao_credito,entregue,False,,2026-05-05 21:23:00+00:00
176,585,1272,2026-02-13 14:12:00+00:00,161.78,24.29,0.0,186.07,cartao_credito,enviado,False,,2026-02-13 14:12:00+00:00
177,591,828,2026-02-02 03:15:00+00:00,357.03,30.67,32.61,355.09,pix,entregue,True,,2026-02-02 03:15:00+00:00
178,594,384,2026-01-23 19:05:00+00:00,415.15,31.46,0.0,446.61,cartao_credito,enviado,False,,2026-01-23 19:05:00+00:00
179,597,981,2026-05-06 14:57:00+00:00,556.36,15.19,0.0,571.55,cartao_credito,entregue,False,,2026-05-06 14:57:00+00:00
180,599,291,2026-02-05 01:04:00+00:00,659.43,30.21,67.17,622.47,cartao_credito,entregue,True,,2026-02-05 01:04:00+00:00
181,603,86,2026-03-01 22:45:00+00:00,125.56,27.28,0.0,152.84,cartao_credito,cancelado,False,,2026-03-01 22:45:00+00:00
182,606,454,2026-01-11 22:40:00+00:00,461.9,13.61,57.53,417.98,cartao_credito,enviado,True,,2026-01-11 22:40:00+00:00
183,608,1056,2026-03-16 23:12:00+00:00,197.75,17.56,0.0,215.31,pix,entregue,False,,2026-03-16 23:12:00+00:00
184,614,348,2026-04-02 13:48:00+00:00,704.81,42.53,100.39,646.95,pix,enviado,True,,2026-04-02 13:48:00+00:00
185,619,1132,2026-04-09 16:43:00+00:00,181.08,11.55,0.0,192.63,cartao_credito,entregue,False,,2026-04-09 16:43:00+00:00
186,620,120,2026-04-23 11:50:00+00:00,613.83,25.28,0.0,639.11,cartao_credito,enviado,False,,2026-04-23 11:50:00+00:00
187,622,164,2026-03-04 23:44:00+00:00,791.43,8.35,0.0,799.78,cartao_credito,confirmado,False,,2026-03-04 23:44:00+00:00
188,624,1025,2026-02-10 18:37:00+00:00,249.9,40.58,0.0,290.48,cartao_credito,enviado,False,,2026-02-10 18:37:00+00:00
189,626,70,2026-03-13 11:21:00+00:00,124.59,37.36,0.0,161.95,cartao_credito,confirmado,False,,2026-03-13 11:21:00+00:00
190,630,1257,2026-04-03 01:55:00+00:00,56.86,6.71,0.0,63.57,pix,entregue,False,,2026-04-03 01:55:00+00:00
191,633,55,2026-05-23 10:43:00+00:00,466.98,23.25,0.0,490.23,cartao_debito,enviado,False,,2026-05-23 10:43:00+00:00
192,634,1404,2026-05-16 11:51:00+00:00,417.74,0.0,0.0,417.74,cartao_credito,entregue,False,,2026-05-16 11:51:00+00:00
193,644,696,2026-04-20 12:27:00+00:00,392.1,25.94,36.42,381.62,pix,entregue,True,,2026-04-20 12:27:00+00:00
194,645,517,2026-03-10 19:39:00+00:00,83.24,7.67,0.0,90.91,cartao_credito,cancelado,False,,2026-03-10 19:39:00+00:00
195,650,210,2026-05-15 10:52:00+00:00,137.38,25.72,0.0,163.1,boleto,entregue,False,,2026-05-15 10:52:00+00:00
196,654,783,2026-02-14 01:30:00+00:00,491.55,6.87,0.0,498.42,pix,cancelado,False,,2026-02-14 01:30:00+00:00
197,655,300,2026-06-24 21:34:00+00:00,84.65,36.3,0.0,120.95,pix,entregue,False,,2026-06-24 21:34:00+00:00
198,658,430,2026-02-07 16:14:00+00:00,401.29,12.24,0.0,413.53,cartao_credito,confirmado,False,,2026-02-07 16:14:00+00:00
199,660,371,2026-06-12 02:27:00+00:00,120.47,37.57,10.04,148.0,cartao_credito,entregue,True,,2026-06-12 02:27:00+00:00
200,662,1293,2026-03-22 23:30:00+00:00,430.35,15.33,25.47,420.21,pix,cancelado,True,,2026-03-22 23:30:00+00:00
201,665,92,2026-05-09 12:02:00+00:00,694.83,17.46,0.0,712.29,cartao_credito,entregue,False,,2026-05-09 12:02:00+00:00
202,668,767,2026-06-19 13:30:00+00:00,695.29,10.09,0.0,705.38,cartao_credito,entregue,False,,2026-06-19 13:30:00+00:00
203,669,24,2026-05-24 14:57:00+00:00,146.44,15.18,0.0,161.62,cartao_credito,cancelado,False,,2026-05-24 14:57:00+00:00
204,673,514,2026-03-09 11:24:00+00:00,229.46,27.98,21.19,236.25,boleto,entregue,True,,2026-03-09 11:24:00+00:00
205,674,420,2026-03-05 03:29:00+00:00,839.86,34.64,0.0,874.5,pix,entregue,False,,2026-03-05 03:29:00+00:00
206,676,407,2026-04-06 01:10:00+00:00,237.61,13.18,0.0,250.79,boleto,entregue,False,,2026-04-06 01:10:00+00:00
207,677,1195,2026-04-21 03:10:00+00:00,164.95,29.05,23.18,170.82,cartao_credito,cancelado,True,,2026-04-21 03:10:00+00:00
208,679,1185,2026-01-28 00:35:00+00:00,340.36,0.0,19.52,320.84,cartao_credito,entregue,True,,2026-01-28 00:35:00+00:00
209,683,1078,2026-04-11 04:01:00+00:00,311.24,35.2,0.0,346.44,cartao_credito,entregue,False,,2026-04-11 04:01:00+00:00
210,689,803,2026-03-14 12:40:00+00:00,777.6,0.0,105.6,672.0,cartao_credito,entregue,True,,2026-03-14 12:40:00+00:00
211,691,401,2026-04-28 22:39:00+00:00,179.74,22.33,21.79,180.28,cartao_credito,entregue,True,,2026-04-28 22:39:00+00:00
212,692,1348,2026-04-21 01:13:00+00:00,688.5,13.26,0.0,701.76,cartao_debito,entregue,False,,2026-04-21 01:13:00+00:00
213,695,268,2026-06-28 14:41:00+00:00,176.67,44.15,0.0,220.82,pix,confirmado,False,,2026-06-28 14:41:00+00:00
214,698,155,2026-04-28 03:41:00+00:00,556.24,32.79,0.0,589.03,cartao_credito,entregue,False,,2026-04-28 03:41:00+00:00
215,703,1075,2026-03-26 14:28:00+00:00,739.83,13.59,64.86,688.56,cartao_credito,entregue,True,,2026-03-26 14:28:00+00:00
216,704,1070,2026-05-15 01:20:00+00:00,193.37,25.93,19.79,199.51,cartao_credito,entregue,True,,2026-05-15 01:20:00+00:00
217,712,99,2026-03-18 02:12:00+00:00,600.34,15.08,63.04,552.38,cartao_credito,confirmado,True,,2026-03-18 02:12:00+00:00
218,718,1275,2026-06-06 18:23:00+00:00,325.86,43.03,0.0,368.89,cartao_credito,entregue,False,,2026-06-06 18:23:00+00:00
219,719,1294,2026-06-03 19:29:00+00:00,435.54,18.65,0.0,454.19,pix,confirmado,False,,2026-06-03 19:29:00+00:00
220,722,1074,2026-01-22 01:47:00+00:00,797.42,29.74,0.0,827.16,cartao_credito,entregue,False,,2026-01-22 01:47:00+00:00
221,728,1291,2026-06-26 21:55:00+00:00,357.75,0.0,0.0,357.75,cartao_credito,entregue,False,,2026-06-26 21:55:00+00:00
222,729,47,2026-06-17 02:48:00+00:00,51.08,41.02,5.78,86.32,boleto,entregue,True,,2026-06-17 02:48:00+00:00
223,734,684,2026-03-05 00:59:00+00:00,328.75,20.98,0.0,349.73,pix,entregue,False,,2026-03-05 00:59:00+00:00
224,735,1206,2026-01-24 00:24:00+00:00,84.85,23.17,0.0,108.02,cartao_debito,entregue,False,,2026-01-24 00:24:00+00:00
225,739,1249,2026-01-11 09:38:00+00:00,454.87,32.25,54.65,432.47,pix,entregue,True,,2026-01-11 09:38:00+00:00
226,746,1175,2026-06-10 20:20:00+00:00,761.86,23.92,0.0,785.78,cartao_credito,entregue,True,649,2026-06-10 20:20:00+00:00
227,752,605,2026-01-26 16:05:00+00:00,743.36,6.99,0.0,750.35,boleto,entregue,False,,2026-01-26 16:05:00+00:00
228,753,728,2026-05-24 14:16:00+00:00,153.8,7.93,0.0,161.73,cartao_credito,entregue,False,,2026-05-24 14:16:00+00:00
229,762,182,2026-06-26 12:21:00+00:00,763.49,25.77,0.0,789.26,cartao_debito,entregue,False,,2026-06-26 12:21:00+00:00
230,764,935,2026-04-18 18:45:00+00:00,742.98,30.7,0.0,773.68,pix,confirmado,False,,2026-04-18 18:45:00+00:00
231,767,1191,2026-03-23 22:14:00+00:00,335.24,16.96,0.0,352.2,pix,entregue,False,,2026-03-23 22:14:00+00:00
232,770,373,2026-05-13 16:42:00+00:00,759.68,0.0,57.0,702.68,boleto,entregue,True,,2026-05-13 16:42:00+00:00
233,772,970,2026-03-11 20:58:00+00:00,987.74,14.29,0.0,1002.03,pix,entregue,False,,2026-03-11 20:58:00+00:00
234,774,64,2026-06-07 02:21:00+00:00,232.53,17.93,18.67,231.79,cartao_credito,entregue,True,,2026-06-07 02:21:00+00:00
235,776,504,2026-02-20 21:32:00+00:00,114.41,41.41,0.0,155.82,boleto,entregue,False,,2026-02-20 21:32:00+00:00
236,778,981,2026-03-27 22:17:00+00:00,578.16,38.82,70.35,546.63,cartao_debito,entregue,True,,2026-03-27 22:17:00+00:00
237,782,302,2026-05-02 17:05:00+00:00,157.1,31.0,0.0,188.1,cartao_credito,confirmado,False,,2026-05-02 17:05:00+00:00
238,786,1059,2026-01-19 02:00:00+00:00,502.09,31.99,0.0,534.08,cartao_credito,entregue,False,,2026-01-19 02:00:00+00:00
239,787,1315,2026-03-28 21:40:00+00:00,110.29,13.13,0.0,123.42,pix,enviado,False,,2026-03-28 21:40:00+00:00
240,788,1425,2026-01-15 23:03:00+00:00,900.92,20.81,0.0,921.73,pix,confirmado,False,,2026-01-15 23:03:00+00:00
241,790,382,2026-06-28 20:57:00+00:00,599.96,9.81,68.82,540.95,boleto,enviado,True,,2026-06-28 20:57:00+00:00
242,792,76,2026-04-16 11:37:00+00:00,319.07,16.56,0.0,335.63,boleto,entregue,False,,2026-04-16 11:37:00+00:00
243,796,831,2026-02-14 14:19:00+00:00,1019.41,20.21,0.0,1039.62,cartao_credito,entregue,False,,2026-02-14 14:19:00+00:00
244,797,644,2026-05-13 12:48:00+00:00,722.43,27.77,0.0,750.2,pix,entregue,False,,2026-05-13 12:48:00+00:00
245,803,1444,2026-03-25 15:50:00+00:00,642.3,10.77,0.0,653.07,cartao_debito,enviado,False,,2026-03-25 15:50:00+00:00
246,811,1354,2026-04-05 21:29:00+00:00,195.18,15.95,0.0,211.13,cartao_credito,entregue,False,,2026-04-05 21:29:00+00:00
247,814,1053,2026-01-17 01:28:00+00:00,584.79,39.27,52.87,571.19,cartao_credito,entregue,True,,2026-01-17 01:28:00+00:00
248,820,433,2026-05-14 14:30:00+00:00,70.73,40.97,8.62,103.08,cartao_debito,entregue,True,,2026-05-14 14:30:00+00:00
249,823,253,2026-05-22 16:03:00+00:00,43.28,19.88,4.0,59.16,cartao_credito,confirmado,True,,2026-05-22 16:03:00+00:00
250,830,944,2026-04-02 21:59:00+00:00,502.9,22.13,27.85,497.18,cartao_debito,enviado,True,,2026-04-02 21:59:00+00:00
251,837,649,2026-05-13 14:10:00+00:00,132.75,5.0,0.0,137.75,cartao_credito,entregue,False,,2026-05-13 14:10:00+00:00
252,838,488,2026-01-12 16:48:00+00:00,734.81,38.07,0.0,772.88,cartao_credito,entregue,False,,2026-01-12 16:48:00+00:00
253,842,656,2026-01-07 22:55:00+00:00,223.43,40.81,0.0,264.24,boleto,entregue,False,,2026-01-07 22:55:00+00:00
254,847,656,2026-05-09 22:14:00+00:00,126.22,8.73,9.74,125.21,cartao_credito,entregue,True,,2026-05-09 22:14:00+00:00
255,853,148,2026-03-02 17:43:00+00:00,742.65,24.28,53.21,713.72,boleto,entregue,True,,2026-03-02 17:43:00+00:00
256,857,498,2026-04-26 20:34:00+00:00,111.42,10.41,0.0,121.83,boleto,enviado,False,,2026-04-26 20:34:00+00:00
257,860,851,2026-03-24 16:36:00+00:00,83.11,23.02,12.18,93.95,pix,enviado,True,,2026-03-24 16:36:00+00:00
258,864,459,2026-06-26 16:00:00+00:00,320.33,21.95,0.0,342.28,pix,entregue,False,,2026-06-26 16:00:00+00:00
259,867,888,2026-06-10 23:36:00+00:00,99.04,27.8,12.32,114.52,cartao_debito,entregue,True,,2026-06-10 23:36:00+00:00
260,871,26,2026-01-24 17:12:00+00:00,834.66,0.0,0.0,834.66,pix,entregue,False,,2026-01-24 17:12:00+00:00
261,872,659,2026-04-28 09:42:00+00:00,980.19,32.51,0.0,1012.7,pix,entregue,False,,2026-04-28 09:42:00+00:00
262,873,1082,2026-03-22 00:57:00+00:00,911.33,35.44,0.0,946.77,cartao_credito,enviado,False,,2026-03-22 00:57:00+00:00
263,879,33,2026-02-17 19:13:00+00:00,629.38,42.73,0.0,672.11,pix,confirmado,True,768,2026-02-17 19:13:00+00:00
264,882,834,2026-01-28 02:14:00+00:00,365.47,11.84,0.0,377.31,pix,entregue,False,,2026-01-28 02:14:00+00:00
265,888,1111,2026-02-13 20:28:00+00:00,59.61,19.45,0.0,79.06,cartao_credito,confirmado,False,,2026-02-13 20:28:00+00:00
266,891,465,2026-02-23 12:18:00+00:00,29.74,36.55,3.8,62.49,cartao_credito,enviado,True,,2026-02-23 12:18:00+00:00
267,892,1139,2026-03-14 23:54:00+00:00,277.09,32.92,0.0,310.01,boleto,confirmado,False,,2026-03-14 23:54:00+00:00
268,893,902,2026-03-09 11:17:00+00:00,183.45,39.75,0.0,223.2,boleto,entregue,False,,2026-03-09 11:17:00+00:00
269,902,1316,2026-01-09 16:30:00+00:00,219.49,21.61,0.0,241.1,pix,confirmado,False,,2026-01-09 16:30:00+00:00
270,905,639,2026-04-08 02:31:00+00:00,609.2,40.37,0.0,649.57,cartao_credito,enviado,False,,2026-04-08 02:31:00+00:00
271,911,714,2026-01-22 23:43:00+00:00,115.06,10.6,0.0,125.66,cartao_debito,entregue,False,,2026-01-22 23:43:00+00:00
272,912,1012,2026-01-21 02:19:00+00:00,428.75,7.96,0.0,436.71,cartao_credito,entregue,False,,2026-01-21 02:19:00+00:00
273,913,1311,2026-03-12 14:41:00+00:00,156.39,41.8,0.0,198.19,pix,entregue,False,,2026-03-12 14:41:00+00:00
274,915,1162,2026-03-07 15:40:00+00:00,134.66,39.74,0.0,174.4,cartao_debito,entregue,False,,2026-03-07 15:40:00+00:00
275,924,555,2026-05-20 02:38:00+00:00,435.95,30.06,35.8,430.21,pix,entregue,True,,2026-05-20 02:38:00+00:00
276,928,794,2026-05-09 10:17:00+00:00,61.23,26.24,0.0,87.47,cartao_credito,enviado,False,,2026-05-09 10:17:00+00:00
277,929,733,2026-01-06 00:52:00+00:00,249.79,19.58,14.88,254.49,pix,enviado,True,,2026-01-06 00:52:00+00:00
278,933,108,2026-02-12 19:31:00+00:00,269.4,43.35,0.0,312.75,pix,enviado,False,,2026-02-12 19:31:00+00:00
279,938,1287,2026-02-15 11:20:00+00:00,180.79,37.59,21.92,196.46,pix,enviado,True,,2026-02-15 11:20:00+00:00
280,939,240,2026-05-15 02:34:00+00:00,426.66,20.19,41.83,405.02,pix,entregue,True,,2026-05-15 02:34:00+00:00
281,944,697,2026-03-08 20:51:00+00:00,187.74,36.27,0.0,224.01,boleto,cancelado,False,,2026-03-08 20:51:00+00:00
282,949,1194,2026-02-03 18:09:00+00:00,43.37,22.16,3.67,61.86,cartao_credito,confirmado,True,,2026-02-03 18:09:00+00:00
283,953,559,2026-03-02 14:01:00+00:00,265.92,20.16,29.06,257.02,boleto,entregue,True,,2026-03-02 14:01:00+00:00
284,954,561,2026-05-22 18:47:00+00:00,401.66,27.74,53.6,375.8,boleto,entregue,True,,2026-05-22 18:47:00+00:00
285,956,1321,2026-06-09 02:58:00+00:00,247.15,30.7,12.42,265.43,pix,entregue,True,,2026-06-09 02:58:00+00:00
286,957,625,2026-06-02 14:17:00+00:00,57.86,24.13,0.0,81.99,cartao_credito,entregue,False,,2026-06-02 14:17:00+00:00
287,960,957,2026-01-29 03:12:00+00:00,172.59,15.96,0.0,188.55,cartao_debito,entregue,False,,2026-01-29 03:12:00+00:00
288,963,657,2026-01-23 19:59:00+00:00,158.11,42.7,0.0,200.81,cartao_credito,entregue,False,,2026-01-23 19:59:00+00:00
289,967,1076,2026-05-12 03:19:00+00:00,404.01,37.73,0.0,441.74,cartao_credito,entregue,False,,2026-05-12 03:19:00+00:00
290,968,672,2026-04-18 01:34:00+00:00,281.08,18.7,0.0,299.78,pix,entregue,False,,2026-04-18 01:34:00+00:00
291,977,586,2026-03-16 19:19:00+00:00,94.83,10.65,0.0,105.48,cartao_debito,enviado,False,,2026-03-16 19:19:00+00:00
292,983,1484,2026-02-18 19:20:00+00:00,45.31,20.25,0.0,65.56,cartao_credito,enviado,False,,2026-02-18 19:20:00+00:00
293,985,345,2026-01-03 03:44:00+00:00,84.37,16.06,0.0,100.43,cartao_debito,entregue,False,,2026-01-03 03:44:00+00:00
294,987,391,2026-04-18 16:28:00+00:00,196.1,15.19,0.0,211.29,pix,enviado,False,,2026-04-18 16:28:00+00:00
295,989,487,2026-03-24 23:31:00+00:00,993.72,12.19,0.0,1005.91,boleto,entregue,False,,2026-03-24 23:31:00+00:00
296,990,1299,2026-03-18 17:20:00+00:00,956.85,22.1,0.0,978.95,boleto,enviado,False,,2026-03-18 17:20:00+00:00
297,998,1315,2026-04-06 21:30:00+00:00,657.17,25.64,0.0,682.81,cartao_credito,entregue,False,,2026-04-06 21:30:00+00:00
298,1000,926,2026-05-27 12:33:00+00:00,337.58,27.52,0.0,365.1,cartao_credito,entregue,False,,2026-05-27 12:33:00+00:00
299,1002,46,2026-05-08 22:31:00+00:00,507.27,35.21,0.0,542.48,cartao_credito,confirmado,False,,2026-05-08 22:31:00+00:00
300,1004,322,2026-06-05 17:29:00+00:00,260.47,13.07,0.0,273.54,pix,entregue,False,,2026-06-05 17:29:00+00:00
301,1008,936,2026-03-14 03:43:00+00:00,357.12,17.05,0.0,374.17,pix,entregue,False,,2026-03-14 03:43:00+00:00
302,1010,209,2026-04-16 02:56:00+00:00,524.15,13.85,55.6,482.4,cartao_debito,entregue,True,,2026-04-16 02:56:00+00:00
303,1012,315,2026-02-24 19:41:00+00:00,411.23,27.21,0.0,438.44,cartao_credito,enviado,False,,2026-02-24 19:41:00+00:00
304,1013,363,2026-06-02 23:02:00+00:00,81.32,11.77,0.0,93.09,pix,cancelado,True,886,2026-06-02 23:02:00+00:00
305,1014,925,2026-06-28 16:05:00+00:00,528.72,36.39,0.0,565.11,pix,entregue,False,,2026-06-28 16:05:00+00:00
306,1017,112,2026-05-16 00:00:00+00:00,147.32,15.41,20.37,142.36,pix,entregue,True,,2026-05-16 00:00:00+00:00
307,1018,656,2026-06-09 20:13:00+00:00,84.46,19.93,9.39,95.0,pix,entregue,True,,2026-06-09 20:13:00+00:00
308,1028,1364,2026-03-12 21:09:00+00:00,284.55,41.54,0.0,326.09,cartao_credito,entregue,False,,2026-03-12 21:09:00+00:00
309,1030,169,2026-05-04 02:23:00+00:00,71.71,12.2,0.0,83.91,pix,entregue,False,,2026-05-04 02:23:00+00:00
310,1032,545,2026-02-19 00:14:00+00:00,106.98,22.8,0.0,129.78,cartao_debito,entregue,False,,2026-02-19 00:14:00+00:00
311,1034,583,2026-01-27 02:51:00+00:00,991.42,43.98,0.0,1035.4,pix,entregue,False,,2026-01-27 02:51:00+00:00
312,1037,477,2026-05-17 03:43:00+00:00,991.2,34.95,0.0,1026.15,pix,entregue,False,,2026-05-17 03:43:00+00:00
313,1038,739,2026-05-04 17:48:00+00:00,576.05,27.91,0.0,603.96,boleto,enviado,False,,2026-05-04 17:48:00+00:00
314,1040,305,2026-04-22 22:56:00+00:00,825.77,26.22,99.78,752.21,pix,enviado,True,,2026-04-22 22:56:00+00:00
315,1045,181,2026-01-05 21:19:00+00:00,96.24,8.46,0.0,104.7,pix,enviado,False,,2026-01-05 21:19:00+00:00
316,1048,1404,2026-03-24 00:06:00+00:00,326.39,37.42,0.0,363.81,cartao_credito,entregue,False,,2026-03-24 00:06:00+00:00
317,1049,741,2026-06-06 18:38:00+00:00,889.01,21.59,0.0,910.6,pix,entregue,False,,2026-06-06 18:38:00+00:00
318,1051,1068,2026-04-02 17:32:00+00:00,307.93,11.05,43.38,275.6,cartao_credito,entregue,True,,2026-04-02 17:32:00+00:00
319,1052,177,2026-05-22 00:48:00+00:00,194.29,39.67,0.0,233.96,cartao_credito,entregue,False,,2026-05-22 00:48:00+00:00
320,1062,1009,2026-06-10 13:22:00+00:00,224.04,34.61,0.0,258.65,boleto,entregue,False,,2026-06-10 13:22:00+00:00
321,1065,143,2026-04-08 19:29:00+00:00,392.81,14.13,0.0,406.94,cartao_credito,entregue,False,,2026-04-08 19:29:00+00:00
322,1066,1113,2026-02-07 17:34:00+00:00,314.37,30.8,0.0,345.17,boleto,cancelado,True,918,2026-02-07 17:34:00+00:00
323,1069,1118,2026-06-04 15:13:00+00:00,129.8,9.69,0.0,139.49,boleto,enviado,False,,2026-06-04 15:13:00+00:00
324,1075,1264,2026-06-03 23:52:00+00:00,368.82,12.98,0.0,381.8,pix,entregue,False,,2026-06-03 23:52:00+00:00
325,1076,626,2026-01-10 14:13:00+00:00,656.25,23.46,0.0,679.71,pix,confirmado,False,,2026-01-10 14:13:00+00:00
326,1084,341,2026-06-23 19:57:00+00:00,1305.07,26.57,0.0,1331.64,cartao_credito,enviado,False,,2026-06-23 19:57:00+00:00
327,1087,1056,2026-01-02 00:00:00+00:00,710.57,6.4,0.0,716.97,cartao_credito,cancelado,False,,2026-01-02 00:00:00+00:00
328,1088,177,2026-05-07 10:31:00+00:00,125.71,16.94,0.0,142.65,pix,entregue,False,,2026-05-07 10:31:00+00:00
329,1090,77,2026-03-11 10:59:00+00:00,756.45,0.0,0.0,756.45,cartao_credito,entregue,False,,2026-03-11 10:59:00+00:00
330,1094,1133,2026-03-12 21:16:00+00:00,261.99,9.85,0.0,271.84,cartao_credito,entregue,False,,2026-03-12 21:16:00+00:00
331,1095,648,2026-04-28 01:23:00+00:00,158.21,5.99,0.0,164.2,cartao_credito,enviado,False,,2026-04-28 01:23:00+00:00
332,1096,1255,2026-03-08 19:35:00+00:00,32.59,20.88,0.0,53.47,cartao_debito,entregue,False,,2026-03-08 19:35:00+00:00
333,1097,350,2026-05-03 01:57:00+00:00,701.47,36.33,0.0,737.8,boleto,entregue,False,,2026-05-03 01:57:00+00:00
334,1103,999,2026-03-11 18:44:00+00:00,246.73,33.31,0.0,280.04,pix,enviado,False,,2026-03-11 18:44:00+00:00
335,1109,366,2026-01-08 10:27:00+00:00,178.31,36.64,15.55,199.4,pix,enviado,True,,2026-01-08 10:27:00+00:00
336,1113,956,2026-01-22 18:21:00+00:00,219.5,41.79,0.0,261.29,pix,entregue,False,,2026-01-22 18:21:00+00:00
337,1114,688,2026-05-26 19:47:00+00:00,282.41,43.61,0.0,326.02,cartao_credito,entregue,False,,2026-05-26 19:47:00+00:00
338,1127,505,2026-02-19 10:12:00+00:00,478.22,9.19,0.0,487.41,cartao_credito,entregue,False,,2026-02-19 10:12:00+00:00
339,1128,1427,2026-05-28 18:49:00+00:00,858.48,38.23,0.0,896.71,boleto,entregue,False,,2026-05-28 18:49:00+00:00
340,1132,1111,2026-05-22 23:34:00+00:00,406.89,39.46,0.0,446.35,pix,entregue,False,,2026-05-22 23:34:00+00:00
341,1133,952,2026-03-22 03:20:00+00:00,62.32,5.14,0.0,67.46,boleto,entregue,False,,2026-03-22 03:20:00+00:00
342,1136,1395,2026-05-24 15:59:00+00:00,145.58,25.53,0.0,171.11,pix,entregue,False,,2026-05-24 15:59:00+00:00
343,1137,1074,2026-06-06 17:13:00+00:00,63.54,38.84,0.0,102.38,cartao_credito,confirmado,False,,2026-06-06 17:13:00+00:00
344,1140,660,2026-05-22 03:17:00+00:00,45.8,25.18,0.0,70.98,pix,entregue,False,,2026-05-22 03:17:00+00:00
345,1141,555,2026-01-08 22:55:00+00:00,210.17,0.0,0.0,210.17,cartao_credito,entregue,False,,2026-01-08 22:55:00+00:00
346,1152,516,2026-05-20 21:11:00+00:00,58.7,41.02,7.43,92.29,cartao_credito,entregue,True,,2026-05-20 21:11:00+00:00
347,1153,546,2026-02-11 00:37:00+00:00,253.69,20.27,30.5,243.46,cartao_debito,enviado,True,,2026-02-11 00:37:00+00:00
348,1154,1285,2026-04-07 02:04:00+00:00,763.45,26.64,0.0,790.09,cartao_debito,entregue,False,,2026-04-07 02:04:00+00:00
349,1158,1221,2026-03-26 22:20:00+00:00,194.95,35.5,0.0,230.45,boleto,entregue,False,,2026-03-26 22:20:00+00:00
350,1159,718,2026-06-15 13:50:00+00:00,328.42,18.73,0.0,347.15,cartao_credito,enviado,False,,2026-06-15 13:50:00+00:00
351,1161,864,2026-02-07 19:01:00+00:00,304.73,6.62,37.06,274.29,boleto,entregue,True,,2026-02-07 19:01:00+00:00
352,1162,1190,2026-03-11 13:26:00+00:00,73.88,15.46,0.0,89.34,pix,entregue,False,,2026-03-11 13:26:00+00:00
353,1170,1321,2026-01-10 00:17:00+00:00,139.01,33.62,0.0,172.63,cartao_credito,entregue,False,,2026-01-10 00:17:00+00:00
354,1177,692,2026-05-18 16:18:00+00:00,215.94,27.78,0.0,243.72,cartao_credito,entregue,False,,2026-05-18 16:18:00+00:00
355,1179,984,2026-03-09 13:56:00+00:00,191.98,10.43,0.0,202.41,cartao_credito,enviado,False,,2026-03-09 13:56:00+00:00
356,1192,64,2026-04-23 22:38:00+00:00,384.75,31.22,0.0,415.97,pix,confirmado,False,,2026-04-23 22:38:00+00:00
357,1193,791,2026-02-09 19:14:00+00:00,161.48,24.5,0.0,185.98,pix,enviado,False,,2026-02-09 19:14:00+00:00
358,1200,374,2026-01-04 12:58:00+00:00,633.87,26.91,54.74,606.04,pix,entregue,True,,2026-01-04 12:58:00+00:00
359,1204,165,2026-06-26 22:05:00+00:00,540.34,10.26,0.0,550.6,cartao_credito,entregue,False,,2026-06-26 22:05:00+00:00
360,1211,44,2026-03-03 23:06:00+00:00,142.87,28.55,0.0,171.42,cartao_debito,entregue,False,,2026-03-03 23:06:00+00:00
361,1212,880,2026-05-22 10:27:00+00:00,590.05,5.55,0.0,595.6,cartao_credito,entregue,False,,2026-05-22 10:27:00+00:00
362,1216,1257,2026-01-16 17:00:00+00:00,125.33,24.74,16.96,133.11,pix,enviado,True,,2026-01-16 17:00:00+00:00
363,1222,768,2026-01-07 14:26:00+00:00,311.74,12.83,0.0,324.57,cartao_debito,entregue,False,,2026-01-07 14:26:00+00:00
364,1227,1405,2026-05-09 12:40:00+00:00,137.45,26.52,0.0,163.97,boleto,confirmado,False,,2026-05-09 12:40:00+00:00
365,1228,599,2026-02-18 23:05:00+00:00,203.47,40.66,0.0,244.13,cartao_credito,enviado,False,,2026-02-18 23:05:00+00:00
366,1230,947,2026-03-21 19:17:00+00:00,86.28,27.53,0.0,113.81,pix,entregue,False,,2026-03-21 19:17:00+00:00
367,1233,1431,2026-01-21 14:16:00+00:00,88.88,13.63,0.0,102.51,pix,entregue,False,,2026-01-21 14:16:00+00:00
368,1236,427,2026-05-22 03:47:00+00:00,66.99,25.02,0.0,92.01,boleto,entregue,False,,2026-05-22 03:47:00+00:00
369,1237,372,2026-05-02 16:53:00+00:00,238.95,0.0,0.0,238.95,cartao_debito,entregue,False,,2026-05-02 16:53:00+00:00
370,1239,1024,2026-01-10 11:56:00+00:00,105.03,10.04,0.0,115.07,pix,entregue,False,,2026-01-10 11:56:00+00:00
371,1241,1459,2026-03-10 12:56:00+00:00,47.17,21.87,0.0,69.04,boleto,enviado,False,,2026-03-10 12:56:00+00:00
372,1242,1336,2026-04-12 10:01:00+00:00,330.74,35.84,0.0,366.58,cartao_credito,entregue,False,,2026-04-12 10:01:00+00:00
373,1243,975,2026-06-23 11:08:00+00:00,44.26,41.12,0.0,85.38,cartao_debito,enviado,False,,2026-06-23 11:08:00+00:00
374,1246,1459,2026-05-03 20:07:00+00:00,424.73,25.51,0.0,450.24,cartao_credito,cancelado,False,,2026-05-03 20:07:00+00:00
375,1248,314,2026-01-26 02:20:00+00:00,494.58,37.53,0.0,532.11,cartao_credito,enviado,False,,2026-01-26 02:20:00+00:00
376,1249,52,2026-03-23 21:02:00+00:00,246.51,44.18,28.13,262.56,cartao_credito,enviado,True,,2026-03-23 21:02:00+00:00
377,1251,1402,2026-02-10 22:26:00+00:00,461.51,44.23,0.0,505.74,cartao_debito,entregue,False,,2026-02-10 22:26:00+00:00
378,1252,117,2026-03-04 16:05:00+00:00,251.29,25.47,0.0,276.76,cartao_credito,enviado,False,,2026-03-04 16:05:00+00:00
379,1257,1198,2026-05-06 12:54:00+00:00,241.0,36.17,0.0,277.17,boleto,entregue,False,,2026-05-06 12:54:00+00:00
380,1264,1382,2026-01-12 20:32:00+00:00,58.63,15.08,5.76,67.95,boleto,confirmado,True,,2026-01-12 20:32:00+00:00
381,1265,1005,2026-04-22 13:24:00+00:00,96.39,29.58,0.0,125.97,cartao_debito,entregue,False,,2026-04-22 13:24:00+00:00
382,1267,1493,2026-06-06 19:19:00+00:00,340.1,15.98,0.0,356.08,cartao_credito,entregue,False,,2026-06-06 19:19:00+00:00
383,1269,241,2026-05-05 00:15:00+00:00,244.81,28.54,0.0,273.35,cartao_credito,entregue,False,,2026-05-05 00:15:00+00:00
384,1270,755,2026-06-27 22:44:00+00:00,121.79,18.74,15.64,124.89,pix,confirmado,True,,2026-06-27 22:44:00+00:00
385,1271,169,2026-01-15 16:44:00+00:00,261.89,32.34,0.0,294.23,boleto,entregue,False,,2026-01-15 16:44:00+00:00
386,1273,1072,2026-06-02 12:25:00+00:00,827.3,39.37,51.49,815.18,cartao_credito,confirmado,True,,2026-06-02 12:25:00+00:00
387,1274,551,2026-05-09 10:53:00+00:00,182.89,34.57,0.0,217.46,cartao_credito,entregue,False,,2026-05-09 10:53:00+00:00
388,1276,379,2026-01-07 13:19:00+00:00,638.41,44.77,0.0,683.18,cartao_credito,entregue,False,,2026-01-07 13:19:00+00:00
389,1278,1039,2026-03-04 23:02:00+00:00,617.78,26.35,58.4,585.73,pix,entregue,True,,2026-03-04 23:02:00+00:00
390,1282,925,2026-02-02 03:58:00+00:00,422.24,0.0,0.0,422.24,pix,entregue,False,,2026-02-02 03:58:00+00:00
391,1285,369,2026-03-04 14:48:00+00:00,366.06,16.56,0.0,382.62,boleto,enviado,False,,2026-03-04 14:48:00+00:00
392,1286,1360,2026-03-23 14:24:00+00:00,482.37,6.71,0.0,489.08,pix,enviado,False,,2026-03-23 14:24:00+00:00
393,1292,63,2026-05-09 18:49:00+00:00,215.01,34.2,15.49,233.72,cartao_debito,entregue,True,,2026-05-09 18:49:00+00:00
394,1295,798,2026-02-18 00:07:00+00:00,356.21,19.55,0.0,375.76,pix,entregue,False,,2026-02-18 00:07:00+00:00
395,1298,294,2026-04-19 10:16:00+00:00,396.04,9.56,55.71,349.89,cartao_credito,entregue,True,,2026-04-19 10:16:00+00:00
396,1299,1175,2026-05-24 20:16:00+00:00,99.24,43.29,0.0,142.53,cartao_credito,entregue,False,,2026-05-24 20:16:00+00:00
397,1300,1087,2026-02-01 20:47:00+00:00,99.85,36.17,0.0,136.02,pix,entregue,False,,2026-02-01 20:47:00+00:00
398,1303,803,2026-02-23 12:02:00+00:00,37.72,12.3,0.0,50.02,cartao_credito,enviado,False,,2026-02-23 12:02:00+00:00
399,1307,1263,2026-03-07 14:10:00+00:00,247.81,30.53,0.0,278.34,boleto,entregue,False,,2026-03-07 14:10:00+00:00
400,1318,492,2026-01-15 12:19:00+00:00,281.85,11.55,29.81,263.59,cartao_credito,entregue,True,,2026-01-15 12:19:00+00:00
401,1322,240,2026-06-23 23:19:00+00:00,435.01,15.01,0.0,450.02,pix,enviado,False,,2026-06-23 23:19:00+00:00
402,1323,447,2026-01-15 03:15:00+00:00,999.28,29.1,0.0,1028.38,boleto,entregue,False,,2026-01-15 03:15:00+00:00
403,1332,330,2026-02-23 11:56:00+00:00,144.28,31.91,0.0,176.19,cartao_credito,entregue,False,,2026-02-23 11:56:00+00:00
404,1335,593,2026-01-19 22:06:00+00:00,745.94,44.75,0.0,790.69,cartao_debito,enviado,False,,2026-01-19 22:06:00+00:00
405,1337,83,2026-05-01 13:35:00+00:00,147.05,24.89,16.33,155.61,pix,confirmado,True,,2026-05-01 13:35:00+00:00
406,1338,995,2026-01-28 20:45:00+00:00,125.33,19.45,0.0,144.78,pix,entregue,False,,2026-01-28 20:45:00+00:00
407,1340,396,2026-03-01 21:21:00+00:00,442.42,12.35,42.14,412.63,pix,entregue,True,,2026-03-01 21:21:00+00:00
408,1345,979,2026-03-17 23:17:00+00:00,381.67,0.0,0.0,381.67,cartao_credito,entregue,False,,2026-03-17 23:17:00+00:00
409,1346,34,2026-03-02 19:51:00+00:00,192.1,15.74,13.57,194.27,pix,confirmado,True,,2026-03-02 19:51:00+00:00
410,1348,1020,2026-03-19 23:39:00+00:00,197.29,39.56,19.05,217.8,cartao_credito,entregue,True,,2026-03-19 23:39:00+00:00
411,1351,461,2026-06-10 18:01:00+00:00,656.55,42.29,0.0,698.84,cartao_credito,confirmado,False,,2026-06-10 18:01:00+00:00
412,1352,1036,2026-02-06 22:32:00+00:00,46.1,0.0,0.0,46.1,cartao_credito,entregue,False,,2026-02-06 22:32:00+00:00
413,1358,986,2026-01-12 00:31:00+00:00,601.55,41.35,0.0,642.9,pix,entregue,False,,2026-01-12 00:31:00+00:00
414,1361,1193,2026-05-27 16:22:00+00:00,119.77,35.7,17.48,137.99,pix,confirmado,True,,2026-05-27 16:22:00+00:00
415,1366,1321,2026-05-04 17:09:00+00:00,626.2,36.19,0.0,662.39,boleto,entregue,False,,2026-05-04 17:09:00+00:00
416,1371,683,2026-04-09 16:33:00+00:00,366.47,34.73,28.91,372.29,boleto,entregue,True,,2026-04-09 16:33:00+00:00
417,1372,1087,2026-06-18 13:12:00+00:00,589.22,15.92,83.18,521.96,cartao_credito,entregue,True,,2026-06-18 13:12:00+00:00
418,1373,1244,2026-02-21 02:57:00+00:00,144.35,18.56,0.0,162.91,pix,confirmado,True,1154,2026-02-21 02:57:00+00:00
419,1376,609,2026-01-08 13:01:00+00:00,496.53,13.05,0.0,509.58,cartao_debito,entregue,False,,2026-01-08 13:01:00+00:00
420,1380,186,2026-04-29 02:52:00+00:00,80.2,42.38,4.38,118.2,cartao_credito,entregue,True,,2026-04-29 02:52:00+00:00
421,1382,1407,2026-03-04 13:28:00+00:00,633.75,28.11,0.0,661.86,cartao_debito,enviado,False,,2026-03-04 13:28:00+00:00
422,1384,494,2026-02-16 23:56:00+00:00,193.9,32.27,0.0,226.17,pix,entregue,False,,2026-02-16 23:56:00+00:00
423,1387,365,2026-05-05 16:49:00+00:00,682.12,24.03,35.38,670.77,cartao_credito,enviado,True,,2026-05-05 16:49:00+00:00
424,1389,639,2026-02-22 16:08:00+00:00,309.33,44.44,27.19,326.58,pix,entregue,True,,2026-02-22 16:08:00+00:00
425,1394,510,2026-06-24 19:52:00+00:00,469.99,39.28,0.0,509.27,cartao_debito,entregue,False,,2026-06-24 19:52:00+00:00
426,1405,863,2026-06-16 18:19:00+00:00,600.44,18.48,0.0,618.92,pix,entregue,False,,2026-06-16 18:19:00+00:00
427,1408,443,2026-01-19 16:14:00+00:00,551.45,5.3,0.0,556.75,pix,cancelado,False,,2026-01-19 16:14:00+00:00
428,1413,1355,2026-06-12 15:22:00+00:00,166.79,7.11,0.0,173.9,cartao_credito,confirmado,False,,2026-06-12 15:22:00+00:00
429,1416,1392,2026-06-02 17:59:00+00:00,319.52,18.82,0.0,338.34,pix,cancelado,False,,2026-06-02 17:59:00+00:00
430,1424,1074,2026-03-03 12:46:00+00:00,454.02,15.81,0.0,469.83,boleto,entregue,False,,2026-03-03 12:46:00+00:00
431,1430,1337,2026-02-24 15:38:00+00:00,62.01,32.87,0.0,94.88,pix,enviado,False,,2026-02-24 15:38:00+00:00
432,1436,112,2026-06-07 15:05:00+00:00,123.14,42.57,0.0,165.71,boleto,entregue,False,,2026-06-07 15:05:00+00:00
433,1447,994,2026-03-04 15:48:00+00:00,256.11,13.01,0.0,269.12,cartao_debito,confirmado,False,,2026-03-04 15:48:00+00:00
434,1454,688,2026-06-26 03:28:00+00:00,32.28,41.56,0.0,73.84,pix,entregue,False,,2026-06-26 03:28:00+00:00
435,1457,510,2026-03-06 16:31:00+00:00,248.12,18.96,0.0,267.08,boleto,entregue,False,,2026-03-06 16:31:00+00:00
436,1459,1240,2026-05-23 10:49:00+00:00,135.99,24.58,0.0,160.57,boleto,entregue,False,,2026-05-23 10:49:00+00:00
437,1461,1434,2026-05-18 21:42:00+00:00,489.57,44.82,0.0,534.39,pix,entregue,False,,2026-05-18 21:42:00+00:00
438,1468,267,2026-03-18 14:25:00+00:00,194.57,0.0,0.0,194.57,pix,entregue,False,,2026-03-18 14:25:00+00:00
439,1474,1438,2026-05-04 13:05:00+00:00,260.54,33.02,0.0,293.56,pix,enviado,False,,2026-05-04 13:05:00+00:00
440,1475,1103,2026-03-29 02:40:00+00:00,309.04,8.79,0.0,317.83,pix,entregue,False,,2026-03-29 02:40:00+00:00
441,1476,303,2026-04-09 16:15:00+00:00,66.14,18.22,0.0,84.36,cartao_credito,confirmado,False,,2026-04-09 16:15:00+00:00
442,1478,273,2026-01-15 03:26:00+00:00,84.47,12.8,0.0,97.27,pix,entregue,False,,2026-01-15 03:26:00+00:00
443,1479,404,2026-02-25 16:28:00+00:00,1003.27,19.63,0.0,1022.9,boleto,entregue,False,,2026-02-25 16:28:00+00:00
444,1494,598,2026-04-09 16:06:00+00:00,28.76,29.3,0.0,58.06,cartao_credito,entregue,False,,2026-04-09 16:06:00+00:00
445,1497,1125,2026-03-09 19:55:00+00:00,487.52,41.16,0.0,528.68,pix,entregue,False,,2026-03-09 19:55:00+00:00
446,1502,61,2026-03-22 20:51:00+00:00,222.02,30.72,0.0,252.74,cartao_credito,enviado,False,,2026-03-22 20:51:00+00:00
447,1505,550,2026-01-05 00:23:00+00:00,372.0,44.7,0.0,416.7,cartao_debito,entregue,False,,2026-01-05 00:23:00+00:00
448,1506,711,2026-01-01 18:41:00+00:00,498.52,31.09,0.0,529.61,pix,confirmado,False,,2026-01-01 18:41:00+00:00
449,1507,729,2026-03-14 20:33:00+00:00,123.15,11.49,0.0,134.64,boleto,entregue,False,,2026-03-14 20:33:00+00:00
450,1522,1200,2026-02-15 11:47:00+00:00,196.25,6.58,0.0,202.83,cartao_credito,confirmado,False,,2026-02-15 11:47:00+00:00
451,1523,336,2026-05-17 17:20:00+00:00,79.89,7.61,4.43,83.07,pix,entregue,True,,2026-05-17 17:20:00+00:00
452,1526,755,2026-04-17 10:44:00+00:00,224.24,20.95,0.0,245.19,cartao_debito,enviado,False,,2026-04-17 10:44:00+00:00
453,1529,1041,2026-01-11 17:34:00+00:00,260.86,10.04,0.0,270.9,cartao_debito,cancelado,False,,2026-01-11 17:34:00+00:00
454,1531,610,2026-02-02 15:08:00+00:00,333.85,33.06,0.0,366.91,cartao_credito,entregue,False,,2026-02-02 15:08:00+00:00
455,1534,501,2026-05-19 23:47:00+00:00,705.2,0.0,0.0,705.2,pix,enviado,False,,2026-05-19 23:47:00+00:00
456,1535,1280,2026-01-23 12:14:00+00:00,791.38,13.06,0.0,804.44,cartao_credito,entregue,False,,2026-01-23 12:14:00+00:00
457,1536,293,2026-01-08 14:36:00+00:00,265.59,7.12,0.0,272.71,cartao_credito,entregue,False,,2026-01-08 14:36:00+00:00
458,1537,718,2026-06-27 01:44:00+00:00,90.18,30.67,0.0,120.85,pix,entregue,False,,2026-06-27 01:44:00+00:00
459,1540,959,2026-04-10 21:17:00+00:00,384.87,21.15,0.0,406.02,boleto,enviado,False,,2026-04-10 21:17:00+00:00
460,1541,1424,2026-05-05 13:25:00+00:00,116.59,24.29,0.0,140.88,pix,entregue,False,,2026-05-05 13:25:00+00:00
461,1542,1367,2026-01-13 03:51:00+00:00,164.98,36.67,0.0,201.65,cartao_credito,entregue,False,,2026-01-13 03:51:00+00:00
462,1544,739,2026-05-02 22:58:00+00:00,884.76,12.47,0.0,897.23,boleto,entregue,False,,2026-05-02 22:58:00+00:00
463,1546,242,2026-05-11 20:44:00+00:00,147.76,37.11,0.0,184.87,pix,confirmado,False,,2026-05-11 20:44:00+00:00
464,1552,1140,2026-03-24 17:50:00+00:00,93.4,33.0,10.12,116.28,pix,cancelado,True,,2026-03-24 17:50:00+00:00
465,1555,571,2026-01-22 15:48:00+00:00,446.86,11.34,35.52,422.68,cartao_credito,entregue,True,,2026-01-22 15:48:00+00:00
466,1557,465,2026-04-06 02:02:00+00:00,467.72,17.02,0.0,484.74,pix,enviado,False,,2026-04-06 02:02:00+00:00
467,1559,1342,2026-01-19 02:40:00+00:00,966.22,21.09,0.0,987.31,pix,entregue,False,,2026-01-19 02:40:00+00:00
468,1562,1314,2026-03-28 14:54:00+00:00,185.53,18.63,0.0,204.16,cartao_credito,entregue,False,,2026-03-28 14:54:00+00:00
469,1567,1398,2026-06-20 23:36:00+00:00,221.97,10.33,28.39,203.91,boleto,entregue,True,,2026-06-20 23:36:00+00:00
470,1569,1315,2026-03-20 23:19:00+00:00,328.06,37.14,0.0,365.2,cartao_credito,cancelado,False,,2026-03-20 23:19:00+00:00
471,1572,1379,2026-06-06 18:36:00+00:00,205.24,8.46,0.0,213.7,pix,entregue,False,,2026-06-06 18:36:00+00:00
472,1573,179,2026-05-25 21:52:00+00:00,224.13,39.72,0.0,263.85,pix,entregue,False,,2026-05-25 21:52:00+00:00
473,1574,142,2026-04-01 19:26:00+00:00,181.45,43.92,0.0,225.37,cartao_credito,entregue,False,,2026-04-01 19:26:00+00:00
474,1579,1364,2026-01-08 17:12:00+00:00,91.75,30.92,9.45,113.22,cartao_debito,enviado,True,,2026-01-08 17:12:00+00:00
475,1585,458,2026-02-05 23:17:00+00:00,316.03,8.6,0.0,324.63,pix,confirmado,False,,2026-02-05 23:17:00+00:00
476,1590,272,2026-03-15 19:41:00+00:00,94.45,15.97,0.0,110.42,cartao_credito,entregue,False,,2026-03-15 19:41:00+00:00
477,1594,1459,2026-03-08 21:52:00+00:00,198.49,40.43,0.0,238.92,boleto,entregue,False,,2026-03-08 21:52:00+00:00
478,1595,921,2026-06-27 12:32:00+00:00,799.72,14.41,0.0,814.13,pix,entregue,False,,2026-06-27 12:32:00+00:00
479,1596,1307,2026-02-18 23:34:00+00:00,227.65,11.24,0.0,238.89,pix,entregue,False,,2026-02-18 23:34:00+00:00
480,1599,33,2026-06-03 20:33:00+00:00,314.76,20.8,0.0,335.56,cartao_credito,enviado,False,,2026-06-03 20:33:00+00:00
481,1601,1213,2026-01-19 17:11:00+00:00,198.92,31.59,29.73,200.78,pix,confirmado,True,,2026-01-19 17:11:00+00:00
482,1607,380,2026-03-16 18:02:00+00:00,674.94,18.89,0.0,693.83,pix,enviado,False,,2026-03-16 18:02:00+00:00
483,1610,1095,2026-04-28 16:10:00+00:00,787.13,22.31,0.0,809.44,cartao_credito,cancelado,False,,2026-04-28 16:10:00+00:00
484,1611,638,2026-04-07 18:36:00+00:00,507.79,22.84,0.0,530.63,cartao_credito,enviado,False,,2026-04-07 18:36:00+00:00
485,1612,753,2026-02-02 22:21:00+00:00,413.11,6.28,0.0,419.39,pix,entregue,False,,2026-02-02 22:21:00+00:00
486,1617,856,2026-03-14 01:50:00+00:00,647.5,44.41,0.0,691.91,boleto,confirmado,False,,2026-03-14 01:50:00+00:00
487,1622,677,2026-06-09 21:08:00+00:00,455.51,21.46,0.0,476.97,pix,entregue,False,,2026-06-09 21:08:00+00:00
488,1641,1424,2026-02-20 11:12:00+00:00,110.16,25.49,0.0,135.65,pix,confirmado,False,,2026-02-20 11:12:00+00:00
489,1649,169,2026-01-21 16:27:00+00:00,299.6,10.41,0.0,310.01,cartao_debito,cancelado,False,,2026-01-21 16:27:00+00:00
490,1652,1080,2026-06-26 22:44:00+00:00,113.08,33.3,0.0,146.38,cartao_debito,confirmado,False,,2026-06-26 22:44:00+00:00
491,1653,549,2026-03-07 23:00:00+00:00,906.78,15.07,0.0,921.85,cartao_debito,entregue,False,,2026-03-07 23:00:00+00:00
492,1657,1177,2026-03-29 03:11:00+00:00,488.37,27.67,0.0,516.04,pix,entregue,False,,2026-03-29 03:11:00+00:00
493,1658,214,2026-01-12 15:04:00+00:00,156.59,10.08,0.0,166.67,cartao_debito,enviado,False,,2026-01-12 15:04:00+00:00
494,1664,928,2026-06-08 03:03:00+00:00,1040.16,33.6,0.0,1073.76,cartao_debito,cancelado,False,,2026-06-08 03:03:00+00:00
495,1665,1231,2026-02-15 18:12:00+00:00,19.57,37.51,2.11,54.97,boleto,entregue,True,,2026-02-15 18:12:00+00:00
496,1673,60,2026-05-03 20:38:00+00:00,328.32,38.74,0.0,367.06,pix,confirmado,False,,2026-05-03 20:38:00+00:00
497,1674,251,2026-06-07 16:41:00+00:00,219.01,19.18,0.0,238.19,pix,confirmado,False,,2026-06-07 16:41:00+00:00
498,1688,1148,2026-03-17 00:29:00+00:00,31.39,13.56,0.0,44.95,cartao_credito,entregue,False,,2026-03-17 00:29:00+00:00
499,1692,1342,2026-03-16 22:32:00+00:00,1063.25,32.25,0.0,1095.5,pix,enviado,False,,2026-03-16 22:32:00+00:00
500,1696,528,2026-02-14 00:32:00+00:00,635.64,26.71,0.0,662.35,cartao_credito,confirmado,False,,2026-02-14 00:32:00+00:00
501,1698,83,2026-02-27 01:11:00+00:00,540.14,32.85,0.0,572.99,cartao_credito,enviado,False,,2026-02-27 01:11:00+00:00
502,1703,881,2026-01-28 15:01:00+00:00,545.13,11.25,0.0,556.38,boleto,entregue,False,,2026-01-28 15:01:00+00:00
503,1704,301,2026-04-29 04:01:00+00:00,269.16,35.31,0.0,304.47,cartao_credito,entregue,False,,2026-04-29 04:01:00+00:00
504,1707,893,2026-03-18 01:06:00+00:00,247.57,36.61,0.0,284.18,cartao_credito,entregue,False,,2026-03-18 01:06:00+00:00
505,1711,1351,2026-05-08 18:03:00+00:00,389.57,16.73,0.0,406.3,cartao_debito,entregue,False,,2026-05-08 18:03:00+00:00
506,1718,1436,2026-05-18 12:58:00+00:00,619.11,36.39,0.0,655.5,cartao_debito,entregue,False,,2026-05-18 12:58:00+00:00
507,1719,234,2026-02-27 02:47:00+00:00,186.53,15.8,0.0,202.33,boleto,entregue,False,,2026-02-27 02:47:00+00:00
508,1721,1222,2026-04-17 21:00:00+00:00,188.98,36.64,0.0,225.62,cartao_credito,entregue,False,,2026-04-17 21:00:00+00:00
509,1725,767,2026-03-19 15:31:00+00:00,26.17,40.88,0.0,67.05,cartao_debito,entregue,False,,2026-03-19 15:31:00+00:00
510,1732,1325,2026-01-09 03:40:00+00:00,208.08,14.7,0.0,222.78,cartao_credito,enviado,False,,2026-01-09 03:40:00+00:00
511,1733,1062,2026-04-25 14:00:00+00:00,439.33,35.85,0.0,475.18,pix,entregue,False,,2026-04-25 14:00:00+00:00
512,1737,1064,2026-02-12 11:21:00+00:00,212.66,10.47,0.0,223.13,cartao_debito,enviado,False,,2026-02-12 11:21:00+00:00
513,1740,632,2026-04-23 00:16:00+00:00,63.48,40.39,0.0,103.87,cartao_credito,confirmado,False,,2026-04-23 00:16:00+00:00
514,1745,1021,2026-02-14 15:24:00+00:00,253.13,14.06,14.48,252.71,cartao_credito,entregue,True,,2026-02-14 15:24:00+00:00
515,1746,1221,2026-05-04 09:19:00+00:00,182.05,15.92,23.98,173.99,cartao_credito,entregue,True,,2026-05-04 09:19:00+00:00
516,1747,1478,2026-01-28 21:44:00+00:00,750.13,40.87,0.0,791.0,cartao_credito,confirmado,False,,2026-01-28 21:44:00+00:00
517,1748,625,2026-04-08 14:28:00+00:00,710.98,34.89,0.0,745.87,pix,entregue,False,,2026-04-08 14:28:00+00:00
518,1750,1469,2026-03-14 19:16:00+00:00,297.72,26.15,0.0,323.87,pix,confirmado,False,,2026-03-14 19:16:00+00:00
519,1758,405,2026-05-17 10:44:00+00:00,219.32,16.55,0.0,235.87,cartao_credito,entregue,False,,2026-05-17 10:44:00+00:00
520,1761,658,2026-04-02 11:52:00+00:00,242.19,11.9,0.0,254.09,cartao_credito,entregue,False,,2026-04-02 11:52:00+00:00
521,1764,565,2026-03-11 10:36:00+00:00,98.03,28.04,9.26,116.81,cartao_credito,enviado,True,,2026-03-11 10:36:00+00:00
522,1775,207,2026-06-27 01:56:00+00:00,891.74,28.13,64.18,855.69,pix,entregue,True,,2026-06-27 01:56:00+00:00
523,1777,1346,2026-04-13 13:45:00+00:00,33.11,7.92,0.0,41.03,cartao_debito,cancelado,False,,2026-04-13 13:45:00+00:00
524,1779,606,2026-03-26 12:28:00+00:00,233.77,31.84,0.0,265.61,cartao_credito,enviado,False,,2026-03-26 12:28:00+00:00
525,1782,240,2026-02-12 01:54:00+00:00,540.59,7.92,0.0,548.51,pix,enviado,False,,2026-02-12 01:54:00+00:00
526,1786,887,2026-06-04 17:22:00+00:00,74.45,42.39,0.0,116.84,cartao_debito,enviado,False,,2026-06-04 17:22:00+00:00
527,1787,906,2026-03-26 03:21:00+00:00,275.09,27.09,37.81,264.37,pix,entregue,True,,2026-03-26 03:21:00+00:00
528,1799,711,2026-02-23 01:00:00+00:00,406.87,0.0,0.0,406.87,cartao_credito,enviado,False,,2026-02-23 01:00:00+00:00
529,1800,537,2026-03-04 17:21:00+00:00,330.05,37.33,0.0,367.38,pix,enviado,False,,2026-03-04 17:21:00+00:00
530,1803,328,2026-04-12 12:47:00+00:00,334.63,36.49,0.0,371.12,pix,confirmado,False,,2026-04-12 12:47:00+00:00
531,1804,945,2026-04-06 19:26:00+00:00,834.31,17.75,97.54,754.52,cartao_credito,entregue,True,,2026-04-06 19:26:00+00:00
532,1806,1364,2026-03-21 17:08:00+00:00,499.94,32.54,0.0,532.48,pix,entregue,False,,2026-03-21 17:08:00+00:00
533,1808,22,2026-04-17 21:34:00+00:00,312.88,7.57,0.0,320.45,pix,cancelado,False,,2026-04-17 21:34:00+00:00
534,1811,745,2026-05-22 17:20:00+00:00,228.4,30.92,23.35,235.97,boleto,entregue,True,,2026-05-22 17:20:00+00:00
535,1812,779,2026-03-12 00:41:00+00:00,17.9,24.09,2.56,39.43,boleto,entregue,True,,2026-03-12 00:41:00+00:00
536,1815,475,2026-04-01 12:05:00+00:00,455.05,13.52,0.0,468.57,pix,confirmado,False,,2026-04-01 12:05:00+00:00
537,1816,1134,2026-05-06 19:46:00+00:00,401.39,37.76,0.0,439.15,pix,entregue,False,,2026-05-06 19:46:00+00:00
538,1818,911,2026-05-25 14:44:00+00:00,284.71,12.07,0.0,296.78,cartao_credito,entregue,False,,2026-05-25 14:44:00+00:00
539,1822,1415,2026-04-06 15:25:00+00:00,18.39,43.98,0.0,62.37,pix,entregue,False,,2026-04-06 15:25:00+00:00
540,1823,1145,2026-04-20 19:04:00+00:00,294.92,43.7,0.0,338.62,cartao_debito,enviado,False,,2026-04-20 19:04:00+00:00
541,1824,1249,2026-01-02 03:02:00+00:00,723.73,40.91,0.0,764.64,cartao_credito,entregue,False,,2026-01-02 03:02:00+00:00
542,1834,1246,2026-06-08 02:16:00+00:00,787.1,24.76,0.0,811.86,boleto,entregue,False,,2026-06-08 02:16:00+00:00
543,1842,1448,2026-05-22 16:22:00+00:00,590.11,19.62,0.0,609.73,cartao_debito,cancelado,False,,2026-05-22 16:22:00+00:00
544,1844,952,2026-05-28 18:35:00+00:00,685.72,20.23,82.31,623.64,cartao_credito,entregue,True,,2026-05-28 18:35:00+00:00
545,1850,1249,2026-02-27 13:00:00+00:00,39.2,37.93,3.5,73.63,pix,enviado,True,,2026-02-27 13:00:00+00:00
546,1856,915,2026-01-22 22:52:00+00:00,618.4,35.31,0.0,653.71,cartao_credito,entregue,False,,2026-01-22 22:52:00+00:00
547,1859,1361,2026-03-01 18:59:00+00:00,765.81,29.85,0.0,795.66,cartao_credito,entregue,False,,2026-03-01 18:59:00+00:00
548,1860,703,2026-05-25 15:02:00+00:00,127.25,30.59,0.0,157.84,cartao_credito,entregue,False,,2026-05-25 15:02:00+00:00
549,1863,779,2026-02-06 18:00:00+00:00,504.17,28.89,46.24,486.82,pix,enviado,True,,2026-02-06 18:00:00+00:00
550,1873,1338,2026-06-11 18:27:00+00:00,210.32,38.05,0.0,248.37,cartao_credito,entregue,False,,2026-06-11 18:27:00+00:00
551,1878,175,2026-06-12 02:14:00+00:00,12.11,17.92,1.18,28.85,cartao_credito,entregue,True,,2026-06-12 02:14:00+00:00
552,1881,190,2026-06-01 15:55:00+00:00,898.09,22.32,0.0,920.41,cartao_credito,entregue,False,,2026-06-01 15:55:00+00:00
553,1883,335,2026-04-03 02:29:00+00:00,353.3,5.21,39.86,318.65,cartao_credito,cancelado,True,,2026-04-03 02:29:00+00:00
554,1885,1021,2026-04-16 10:13:00+00:00,193.65,19.95,17.06,196.54,cartao_credito,enviado,True,,2026-04-16 10:13:00+00:00
555,1897,1065,2026-05-27 18:10:00+00:00,336.42,24.45,0.0,360.87,pix,entregue,False,,2026-05-27 18:10:00+00:00
556,1899,1199,2026-03-01 12:54:00+00:00,637.6,29.94,0.0,667.54,cartao_credito,confirmado,False,,2026-03-01 12:54:00+00:00
557,1900,846,2026-03-02 16:44:00+00:00,205.1,21.64,0.0,226.74,cartao_credito,entregue,False,,2026-03-02 16:44:00+00:00
558,1906,1430,2026-05-18 00:02:00+00:00,447.01,18.91,0.0,465.92,cartao_credito,cancelado,False,,2026-05-18 00:02:00+00:00
559,1907,296,2026-02-07 12:20:00+00:00,319.76,21.82,30.51,311.07,cartao_credito,entregue,True,,2026-02-07 12:20:00+00:00
560,1908,540,2026-01-27 02:37:00+00:00,967.57,24.9,0.0,992.47,cartao_credito,enviado,False,,2026-01-27 02:37:00+00:00
561,1910,1204,2026-01-08 18:32:00+00:00,90.62,0.0,0.0,90.62,pix,entregue,False,,2026-01-08 18:32:00+00:00
562,1912,1410,2026-03-05 03:42:00+00:00,25.7,27.72,0.0,53.42,cartao_credito,entregue,False,,2026-03-05 03:42:00+00:00
563,1917,988,2026-04-11 15:27:00+00:00,591.24,16.98,0.0,608.22,pix,entregue,False,,2026-04-11 15:27:00+00:00
564,1920,146,2026-06-25 20:47:00+00:00,799.75,7.71,0.0,807.46,cartao_credito,entregue,False,,2026-06-25 20:47:00+00:00
565,1927,1447,2026-05-24 04:16:00+00:00,920.31,37.25,0.0,957.56,boleto,entregue,False,,2026-05-24 04:16:00+00:00
566,1928,528,2026-06-12 19:11:00+00:00,165.09,38.95,0.0,204.04,pix,entregue,False,,2026-06-12 19:11:00+00:00
567,1930,1361,2026-03-09 19:42:00+00:00,83.66,15.05,0.0,98.71,pix,entregue,False,,2026-03-09 19:42:00+00:00
568,1933,1238,2026-02-05 13:17:00+00:00,507.25,42.11,0.0,549.36,cartao_debito,entregue,False,,2026-02-05 13:17:00+00:00
569,1934,203,2026-03-08 22:38:00+00:00,30.74,44.39,0.0,75.13,boleto,enviado,False,,2026-03-08 22:38:00+00:00
570,1939,103,2026-02-18 18:19:00+00:00,296.7,34.91,21.15,310.46,boleto,entregue,True,,2026-02-18 18:19:00+00:00
571,1942,257,2026-04-19 19:42:00+00:00,260.21,8.6,0.0,268.81,cartao_credito,entregue,False,,2026-04-19 19:42:00+00:00
572,1945,294,2026-04-24 00:18:00+00:00,902.15,7.94,0.0,910.09,cartao_credito,enviado,False,,2026-04-24 00:18:00+00:00
573,1946,1356,2026-05-21 02:40:00+00:00,99.95,27.83,0.0,127.78,boleto,enviado,False,,2026-05-21 02:40:00+00:00
574,1947,1298,2026-04-11 01:16:00+00:00,337.19,30.93,0.0,368.12,pix,entregue,False,,2026-04-11 01:16:00+00:00
575,1948,46,2026-03-12 19:05:00+00:00,547.26,20.27,0.0,567.53,boleto,confirmado,False,,2026-03-12 19:05:00+00:00
576,1949,184,2026-02-02 15:15:00+00:00,178.6,18.53,25.66,171.47,boleto,enviado,True,,2026-02-02 15:15:00+00:00
577,1953,812,2026-01-07 02:33:00+00:00,22.2,6.75,0.0,28.95,pix,entregue,False,,2026-01-07 02:33:00+00:00
578,1954,974,2026-04-23 12:05:00+00:00,136.66,22.74,0.0,159.4,boleto,enviado,False,,2026-04-23 12:05:00+00:00
579,1957,654,2026-02-02 00:30:00+00:00,411.06,18.88,0.0,429.94,cartao_credito,entregue,False,,2026-02-02 00:30:00+00:00
580,1965,1061,2026-03-29 02:44:00+00:00,248.94,18.14,0.0,267.08,pix,entregue,False,,2026-03-29 02:44:00+00:00
581,1966,352,2026-03-04 10:01:00+00:00,385.65,14.78,0.0,400.43,pix,confirmado,False,,2026-03-04 10:01:00+00:00
582,1969,913,2026-03-11 01:19:00+00:00,157.38,14.22,0.0,171.6,cartao_credito,enviado,False,,2026-03-11 01:19:00+00:00
583,1975,1468,2026-06-04 00:00:00+00:00,824.27,39.87,0.0,864.14,cartao_credito,entregue,False,,2026-06-04 00:00:00+00:00
584,1977,47,2026-03-16 15:40:00+00:00,110.28,39.66,0.0,149.94,cartao_credito,entregue,False,,2026-03-16 15:40:00+00:00
585,1981,534,2026-05-18 18:08:00+00:00,107.79,18.42,9.07,117.14,cartao_debito,confirmado,True,,2026-05-18 18:08:00+00:00
586,1982,135,2026-06-21 23:49:00+00:00,447.97,23.55,0.0,471.52,pix,enviado,False,,2026-06-21 23:49:00+00:00
587,1983,579,2026-03-06 19:54:00+00:00,364.62,29.07,0.0,393.69,cartao_credito,entregue,False,,2026-03-06 19:54:00+00:00
588,1985,939,2026-05-19 12:08:00+00:00,215.22,19.06,0.0,234.28,cartao_credito,entregue,False,,2026-05-19 12:08:00+00:00
589,1986,1321,2026-06-21 14:30:00+00:00,543.4,19.97,73.98,489.39,cartao_credito,entregue,True,,2026-06-21 14:30:00+00:00
590,1987,193,2026-03-13 23:41:00+00:00,48.37,12.12,0.0,60.49,boleto,entregue,False,,2026-03-13 23:41:00+00:00
591,1994,787,2026-01-26 18:54:00+00:00,77.32,13.38,0.0,90.7,pix,enviado,False,,2026-01-26 18:54:00+00:00
592,1995,1114,2026-05-17 11:06:00+00:00,690.34,26.8,0.0,717.14,cartao_credito,enviado,False,,2026-05-17 11:06:00+00:00
593,1996,246,2026-05-13 21:40:00+00:00,379.83,38.25,51.82,366.26,pix,entregue,True,,2026-05-13 21:40:00+00:00
594,1997,1155,2026-02-28 12:49:00+00:00,58.69,27.28,0.0,85.97,pix,entregue,False,,2026-02-28 12:49:00+00:00
595,2003,1052,2026-05-20 15:10:00+00:00,374.82,10.02,0.0,384.84,boleto,enviado,False,,2026-05-20 15:10:00+00:00
596,2005,1023,2026-04-28 01:52:00+00:00,537.74,34.69,0.0,572.43,pix,entregue,False,,2026-04-28 01:52:00+00:00
597,2012,266,2026-05-26 16:31:00+00:00,64.45,17.47,0.0,81.92,cartao_credito,entregue,False,,2026-05-26 16:31:00+00:00
598,2016,186,2026-06-25 16:30:00+00:00,344.97,35.64,0.0,380.61,pix,entregue,False,,2026-06-25 16:30:00+00:00
599,2020,566,2026-06-04 22:46:00+00:00,315.33,20.26,17.54,318.05,cartao_credito,enviado,True,,2026-06-04 22:46:00+00:00
600,2022,1188,2026-01-05 15:25:00+00:00,530.61,6.9,62.68,474.83,cartao_credito,entregue,True,,2026-01-05 15:25:00+00:00
601,2023,986,2026-01-02 13:10:00+00:00,356.54,10.5,51.96,315.08,pix,entregue,True,,2026-01-02 13:10:00+00:00
602,2027,908,2026-01-05 11:59:00+00:00,59.29,18.03,0.0,77.32,cartao_credito,entregue,False,,2026-01-05 11:59:00+00:00
603,2028,1069,2026-01-13 21:41:00+00:00,30.91,7.61,0.0,38.52,cartao_credito,confirmado,False,,2026-01-13 21:41:00+00:00
604,2033,1241,2026-01-21 11:04:00+00:00,52.94,36.99,0.0,89.93,cartao_credito,entregue,False,,2026-01-21 11:04:00+00:00
605,2035,1427,2026-05-22 10:20:00+00:00,99.59,30.61,0.0,130.2,cartao_credito,entregue,False,,2026-05-22 10:20:00+00:00
606,2050,765,2026-01-01 20:54:00+00:00,788.24,24.03,61.65,750.62,pix,entregue,True,,2026-01-01 20:54:00+00:00
607,2054,1257,2026-05-10 23:09:00+00:00,195.96,37.43,0.0,233.39,cartao_credito,entregue,False,,2026-05-10 23:09:00+00:00
608,2055,27,2026-04-05 18:59:00+00:00,136.47,24.27,0.0,160.74,pix,confirmado,False,,2026-04-05 18:59:00+00:00
609,2065,214,2026-04-25 13:01:00+00:00,98.71,30.53,0.0,129.24,cartao_credito,entregue,False,,2026-04-25 13:01:00+00:00
610,2069,390,2026-06-13 17:23:00+00:00,450.27,0.0,24.1,426.17,cartao_credito,entregue,True,,2026-06-13 17:23:00+00:00
611,2074,268,2026-01-03 18:18:00+00:00,261.11,40.25,0.0,301.36,pix,enviado,False,,2026-01-03 18:18:00+00:00
612,2076,572,2026-02-19 12:39:00+00:00,319.99,27.99,0.0,347.98,cartao_credito,entregue,False,,2026-02-19 12:39:00+00:00
613,2077,941,2026-06-17 00:14:00+00:00,209.4,7.24,28.62,188.02,cartao_credito,entregue,True,,2026-06-17 00:14:00+00:00
614,2082,372,2026-01-10 23:12:00+00:00,49.69,35.44,4.4,80.73,boleto,entregue,True,,2026-01-10 23:12:00+00:00
615,2083,1384,2026-04-12 21:07:00+00:00,219.99,12.23,0.0,232.22,pix,entregue,False,,2026-04-12 21:07:00+00:00
616,2096,144,2026-03-06 23:01:00+00:00,527.37,9.44,0.0,536.81,cartao_debito,enviado,False,,2026-03-06 23:01:00+00:00
617,2099,58,2026-04-25 13:36:00+00:00,239.75,20.34,0.0,260.09,boleto,entregue,False,,2026-04-25 13:36:00+00:00
618,2101,231,2026-05-09 00:59:00+00:00,586.5,37.34,69.2,554.64,pix,entregue,True,,2026-05-09 00:59:00+00:00
619,2102,1262,2026-04-25 20:36:00+00:00,308.48,30.39,0.0,338.87,pix,cancelado,False,,2026-04-25 20:36:00+00:00
620,2105,250,2026-01-05 13:11:00+00:00,377.47,36.67,47.71,366.43,cartao_credito,entregue,True,,2026-01-05 13:11:00+00:00
621,2109,908,2026-06-14 23:06:00+00:00,338.01,32.1,0.0,370.11,cartao_credito,entregue,False,,2026-06-14 23:06:00+00:00
622,2111,1310,2026-05-03 17:12:00+00:00,549.45,33.57,0.0,583.02,boleto,enviado,False,,2026-05-03 17:12:00+00:00
623,2113,304,2026-06-21 01:09:00+00:00,418.05,19.61,0.0,437.66,pix,entregue,False,,2026-06-21 01:09:00+00:00
624,2116,485,2026-03-05 00:41:00+00:00,495.28,39.99,0.0,535.27,cartao_credito,entregue,False,,2026-03-05 00:41:00+00:00
625,2118,765,2026-06-11 18:46:00+00:00,415.56,25.46,0.0,441.02,pix,entregue,False,,2026-06-11 18:46:00+00:00
626,2123,192,2026-06-22 17:09:00+00:00,135.29,23.02,11.15,147.16,pix,enviado,True,,2026-06-22 17:09:00+00:00
627,2131,1243,2026-03-21 16:00:00+00:00,227.48,41.5,0.0,268.98,cartao_debito,entregue,True,1813,2026-03-21 16:00:00+00:00
628,2132,365,2026-05-17 02:13:00+00:00,629.51,36.08,0.0,665.59,pix,entregue,False,,2026-05-17 02:13:00+00:00
629,2137,1206,2026-04-08 23:24:00+00:00,640.86,12.32,49.04,604.14,pix,entregue,True,,2026-04-08 23:24:00+00:00
630,2138,104,2026-05-20 16:16:00+00:00,552.31,19.87,79.26,492.92,pix,entregue,True,,2026-05-20 16:16:00+00:00
631,2139,530,2026-05-08 12:03:00+00:00,275.44,37.76,0.0,313.2,pix,entregue,False,,2026-05-08 12:03:00+00:00
632,2141,666,2026-05-12 02:56:00+00:00,141.21,12.1,0.0,153.31,pix,enviado,False,,2026-05-12 02:56:00+00:00
633,2142,1465,2026-02-09 20:14:00+00:00,680.67,11.18,0.0,691.85,pix,entregue,False,,2026-02-09 20:14:00+00:00
634,2150,1087,2026-04-06 12:25:00+00:00,321.83,5.58,33.51,293.9,cartao_credito,entregue,True,,2026-04-06 12:25:00+00:00
635,2154,464,2026-03-14 03:18:00+00:00,268.93,29.59,0.0,298.52,cartao_credito,confirmado,False,,2026-03-14 03:18:00+00:00
636,2158,1090,2026-04-10 14:41:00+00:00,80.04,6.19,0.0,86.23,cartao_debito,enviado,False,,2026-04-10 14:41:00+00:00
637,2159,311,2026-03-05 02:03:00+00:00,248.32,39.99,32.08,256.23,cartao_credito,entregue,True,,2026-03-05 02:03:00+00:00
638,2161,949,2026-06-06 11:43:00+00:00,56.07,43.31,0.0,99.38,pix,confirmado,False,,2026-06-06 11:43:00+00:00
639,2169,58,2026-01-26 14:49:00+00:00,718.77,12.04,0.0,730.81,cartao_credito,entregue,False,,2026-01-26 14:49:00+00:00
640,2172,127,2026-01-27 00:18:00+00:00,104.46,20.12,0.0,124.58,boleto,enviado,False,,2026-01-27 00:18:00+00:00
641,2182,1483,2026-04-04 19:42:00+00:00,63.95,22.57,7.52,79.0,pix,enviado,True,,2026-04-04 19:42:00+00:00
642,2185,350,2026-02-27 16:48:00+00:00,763.6,8.23,0.0,771.83,cartao_debito,entregue,False,,2026-02-27 16:48:00+00:00
643,2187,1211,2026-03-08 23:40:00+00:00,485.34,41.12,42.8,483.66,cartao_credito,entregue,True,,2026-03-08 23:40:00+00:00
644,2188,1181,2026-02-03 15:11:00+00:00,609.8,33.65,0.0,643.45,cartao_credito,entregue,False,,2026-02-03 15:11:00+00:00
645,2189,1249,2026-04-24 15:36:00+00:00,362.62,11.6,22.06,352.16,boleto,entregue,True,,2026-04-24 15:36:00+00:00
646,2190,158,2026-05-12 10:59:00+00:00,504.93,29.49,0.0,534.42,pix,enviado,False,,2026-05-12 10:59:00+00:00
647,2195,1157,2026-02-01 17:39:00+00:00,768.62,25.87,107.83,686.66,pix,entregue,True,,2026-02-01 17:39:00+00:00
648,2197,949,2026-04-04 16:03:00+00:00,458.81,39.99,0.0,498.8,cartao_credito,cancelado,False,,2026-04-04 16:03:00+00:00
649,2198,1331,2026-01-21 17:58:00+00:00,304.94,28.58,36.41,297.11,cartao_debito,enviado,True,,2026-01-21 17:58:00+00:00
650,2207,971,2026-01-06 18:41:00+00:00,513.11,30.16,0.0,543.27,pix,entregue,False,,2026-01-06 18:41:00+00:00
651,2209,494,2026-03-12 16:57:00+00:00,491.42,9.04,72.72,427.74,pix,enviado,True,,2026-03-12 16:57:00+00:00
652,2210,1393,2026-06-06 12:49:00+00:00,316.81,40.47,0.0,357.28,cartao_credito,entregue,False,,2026-06-06 12:49:00+00:00
653,2212,514,2026-01-10 15:49:00+00:00,273.0,13.2,0.0,286.2,cartao_credito,enviado,False,,2026-01-10 15:49:00+00:00
654,2213,1482,2026-02-20 14:16:00+00:00,215.59,33.36,0.0,248.95,boleto,entregue,False,,2026-02-20 14:16:00+00:00
655,2217,367,2026-02-12 17:33:00+00:00,249.01,27.84,22.03,254.82,cartao_credito,entregue,True,,2026-02-12 17:33:00+00:00
656,2219,656,2026-04-07 12:44:00+00:00,645.07,43.27,96.02,592.32,boleto,entregue,True,,2026-04-07 12:44:00+00:00
657,2221,520,2026-03-09 20:39:00+00:00,424.85,21.7,24.97,421.58,pix,enviado,True,,2026-03-09 20:39:00+00:00
658,2224,1063,2026-03-15 15:07:00+00:00,340.65,7.76,0.0,348.41,pix,confirmado,False,,2026-03-15 15:07:00+00:00
659,2225,1139,2026-06-18 02:33:00+00:00,69.15,26.06,0.0,95.21,cartao_credito,entregue,True,1880,2026-06-18 02:33:00+00:00
660,2227,975,2026-01-25 20:07:00+00:00,657.09,22.76,0.0,679.85,pix,entregue,False,,2026-01-25 20:07:00+00:00
661,2229,750,2026-06-27 12:08:00+00:00,42.42,18.08,0.0,60.5,cartao_credito,cancelado,False,,2026-06-27 12:08:00+00:00
662,2233,1016,2026-01-25 15:48:00+00:00,260.4,20.92,0.0,281.32,cartao_credito,entregue,False,,2026-01-25 15:48:00+00:00
663,2235,1270,2026-01-13 14:27:00+00:00,661.17,11.78,0.0,672.95,boleto,entregue,False,,2026-01-13 14:27:00+00:00
664,2237,270,2026-06-29 02:21:00+00:00,1022.6,35.75,132.87,925.48,cartao_credito,entregue,True,,2026-06-29 02:21:00+00:00
665,2238,472,2026-05-02 14:23:00+00:00,489.65,37.62,27.64,499.63,pix,enviado,True,,2026-05-02 14:23:00+00:00
666,2244,1164,2026-02-19 14:19:00+00:00,165.12,12.74,0.0,177.86,boleto,entregue,False,,2026-02-19 14:19:00+00:00
667,2248,751,2026-03-12 04:03:00+00:00,178.82,39.33,0.0,218.15,cartao_credito,cancelado,False,,2026-03-12 04:03:00+00:00
668,2250,569,2026-04-15 22:37:00+00:00,84.85,31.82,8.08,108.59,pix,entregue,True,,2026-04-15 22:37:00+00:00
669,2255,636,2026-05-27 20:04:00+00:00,489.17,27.54,0.0,516.71,cartao_credito,entregue,False,,2026-05-27 20:04:00+00:00
670,2265,801,2026-02-16 21:16:00+00:00,166.39,28.14,0.0,194.53,pix,confirmado,False,,2026-02-16 21:16:00+00:00
671,2266,837,2026-04-28 16:21:00+00:00,245.4,0.0,0.0,245.4,cartao_credito,enviado,False,,2026-04-28 16:21:00+00:00
672,2278,1341,2026-03-02 21:27:00+00:00,727.23,20.75,0.0,747.98,boleto,confirmado,False,,2026-03-02 21:27:00+00:00
673,2279,907,2026-06-08 13:54:00+00:00,72.31,17.53,0.0,89.84,cartao_credito,cancelado,False,,2026-06-08 13:54:00+00:00
674,2280,1464,2026-02-13 15:55:00+00:00,100.52,13.48,6.9,107.1,cartao_credito,entregue,True,,2026-02-13 15:55:00+00:00
675,2287,1199,2026-04-01 10:10:00+00:00,27.83,31.53,0.0,59.36,pix,entregue,False,,2026-04-01 10:10:00+00:00
676,2292,845,2026-06-17 10:17:00+00:00,72.0,28.17,0.0,100.17,pix,entregue,False,,2026-06-17 10:17:00+00:00
677,2301,353,2026-05-17 20:25:00+00:00,933.72,26.54,0.0,960.26,pix,enviado,False,,2026-05-17 20:25:00+00:00
678,2305,1144,2026-05-10 18:33:00+00:00,116.78,15.81,0.0,132.59,pix,entregue,False,,2026-05-10 18:33:00+00:00
679,2308,684,2026-04-24 14:01:00+00:00,489.37,18.87,0.0,508.24,cartao_credito,entregue,False,,2026-04-24 14:01:00+00:00
680,2310,662,2026-02-20 22:29:00+00:00,79.26,24.81,0.0,104.07,cartao_debito,entregue,False,,2026-02-20 22:29:00+00:00
681,2314,219,2026-03-15 16:36:00+00:00,734.03,26.27,0.0,760.3,cartao_credito,entregue,False,,2026-03-15 16:36:00+00:00
682,2316,68,2026-06-17 18:55:00+00:00,279.59,31.9,0.0,311.49,boleto,entregue,False,,2026-06-17 18:55:00+00:00
683,2319,1313,2026-04-15 00:48:00+00:00,257.9,12.3,0.0,270.2,cartao_credito,cancelado,False,,2026-04-15 00:48:00+00:00
684,2321,362,2026-06-09 01:21:00+00:00,156.38,42.1,12.83,185.65,cartao_debito,enviado,True,,2026-06-09 01:21:00+00:00
685,2322,1354,2026-02-16 16:18:00+00:00,900.2,14.85,0.0,915.05,cartao_credito,entregue,False,,2026-02-16 16:18:00+00:00
686,2338,203,2026-05-27 23:46:00+00:00,265.02,30.8,0.0,295.82,cartao_credito,entregue,False,,2026-05-27 23:46:00+00:00
687,2340,199,2026-02-12 18:56:00+00:00,662.51,15.35,64.71,613.15,pix,enviado,True,,2026-02-12 18:56:00+00:00
688,2341,1057,2026-02-24 14:28:00+00:00,46.83,12.14,0.0,58.97,cartao_credito,confirmado,False,,2026-02-24 14:28:00+00:00
689,2348,1341,2026-05-22 02:29:00+00:00,99.03,35.34,0.0,134.37,boleto,entregue,False,,2026-05-22 02:29:00+00:00
690,2349,1351,2026-06-13 13:30:00+00:00,546.74,18.73,79.96,485.51,pix,entregue,True,,2026-06-13 13:30:00+00:00
691,2353,175,2026-05-19 17:47:00+00:00,340.92,38.07,0.0,378.99,cartao_credito,confirmado,False,,2026-05-19 17:47:00+00:00
692,2354,1014,2026-01-28 23:05:00+00:00,57.98,41.26,0.0,99.24,cartao_debito,enviado,False,,2026-01-28 23:05:00+00:00
693,2360,638,2026-03-16 18:06:00+00:00,479.79,5.46,0.0,485.25,cartao_credito,entregue,False,,2026-03-16 18:06:00+00:00
694,2364,662,2026-05-20 02:31:00+00:00,430.78,24.41,0.0,455.19,boleto,cancelado,False,,2026-05-20 02:31:00+00:00
695,2365,212,2026-05-14 00:11:00+00:00,265.6,39.04,0.0,304.64,boleto,confirmado,False,,2026-05-14 00:11:00+00:00
696,2373,861,2026-04-03 11:14:00+00:00,882.78,20.95,59.75,843.98,pix,entregue,True,,2026-04-03 11:14:00+00:00
697,2378,1138,2026-02-08 20:51:00+00:00,631.76,26.39,0.0,658.15,boleto,cancelado,False,,2026-02-08 20:51:00+00:00
698,2380,33,2026-02-23 22:41:00+00:00,689.88,6.48,0.0,696.36,cartao_credito,entregue,False,,2026-02-23 22:41:00+00:00
699,2381,758,2026-05-23 12:22:00+00:00,181.07,21.7,0.0,202.77,pix,entregue,False,,2026-05-23 12:22:00+00:00
700,2384,1077,2026-05-15 14:26:00+00:00,183.54,37.76,26.45,194.85,pix,enviado,True,,2026-05-15 14:26:00+00:00
701,2388,971,2026-02-02 02:22:00+00:00,266.4,42.21,38.67,269.94,cartao_credito,entregue,True,,2026-02-02 02:22:00+00:00
702,2389,227,2026-03-20 02:21:00+00:00,217.41,6.47,16.21,207.67,pix,entregue,True,,2026-03-20 02:21:00+00:00
703,2392,554,2026-05-13 12:37:00+00:00,456.76,15.97,56.0,416.73,pix,entregue,True,,2026-05-13 12:37:00+00:00
704,2395,732,2026-06-22 21:59:00+00:00,97.56,25.34,0.0,122.9,cartao_credito,entregue,False,,2026-06-22 21:59:00+00:00
705,2397,1062,2026-06-06 22:49:00+00:00,711.29,43.51,0.0,754.8,pix,enviado,False,,2026-06-06 22:49:00+00:00
706,2400,68,2026-03-22 12:39:00+00:00,263.88,18.11,0.0,281.99,boleto,entregue,False,,2026-03-22 12:39:00+00:00
707,2401,602,2026-02-19 12:47:00+00:00,197.15,42.53,0.0,239.68,cartao_credito,confirmado,False,,2026-02-19 12:47:00+00:00
708,2404,1428,2026-03-11 17:30:00+00:00,460.23,23.38,0.0,483.61,boleto,enviado,False,,2026-03-11 17:30:00+00:00
709,2405,1153,2026-01-16 10:09:00+00:00,259.26,16.19,0.0,275.45,pix,entregue,False,,2026-01-16 10:09:00+00:00
710,2408,323,2026-01-18 23:29:00+00:00,139.38,22.56,0.0,161.94,boleto,entregue,False,,2026-01-18 23:29:00+00:00
711,2411,819,2026-03-13 11:15:00+00:00,316.18,34.68,0.0,350.86,cartao_credito,entregue,False,,2026-03-13 11:15:00+00:00
712,2418,850,2026-05-23 14:05:00+00:00,376.4,42.73,0.0,419.13,pix,entregue,False,,2026-05-23 14:05:00+00:00
713,2429,84,2026-05-28 22:26:00+00:00,921.01,38.99,0.0,960.0,cartao_credito,cancelado,False,,2026-05-28 22:26:00+00:00
714,2431,540,2026-06-10 18:59:00+00:00,32.91,13.36,0.0,46.27,cartao_debito,entregue,False,,2026-06-10 18:59:00+00:00
715,2437,217,2026-01-04 00:34:00+00:00,796.22,39.41,0.0,835.63,pix,entregue,False,,2026-01-04 00:34:00+00:00
716,2443,1035,2026-04-16 15:39:00+00:00,177.41,36.78,17.06,197.13,pix,entregue,True,,2026-04-16 15:39:00+00:00
717,2452,363,2026-01-09 22:15:00+00:00,101.46,11.82,0.0,113.28,cartao_credito,entregue,False,,2026-01-09 22:15:00+00:00
718,2456,1464,2026-03-07 20:25:00+00:00,1046.11,8.86,0.0,1054.97,cartao_debito,entregue,False,,2026-03-07 20:25:00+00:00
719,2463,853,2026-03-24 04:07:00+00:00,165.44,22.09,0.0,187.53,pix,entregue,False,,2026-03-24 04:07:00+00:00
720,2465,848,2026-05-25 21:16:00+00:00,34.6,41.88,2.24,74.24,pix,enviado,True,,2026-05-25 21:16:00+00:00
721,2466,1148,2026-06-03 16:51:00+00:00,644.43,25.78,46.82,623.39,cartao_credito,entregue,True,,2026-06-03 16:51:00+00:00
722,2471,1293,2026-03-25 05:39:00+00:00,101.44,41.39,0.0,142.83,boleto,entregue,True,2107,2026-03-25 05:39:00+00:00
723,2473,1234,2026-03-26 00:23:00+00:00,405.18,12.55,0.0,417.73,cartao_credito,entregue,False,,2026-03-26 00:23:00+00:00
724,2480,756,2026-02-11 23:26:00+00:00,47.24,31.07,0.0,78.31,cartao_credito,entregue,True,2121,2026-02-11 23:26:00+00:00
725,2483,1485,2026-02-13 23:03:00+00:00,145.09,7.77,0.0,152.86,cartao_credito,entregue,False,,2026-02-13 23:03:00+00:00
726,2484,956,2026-04-20 01:02:00+00:00,114.76,31.65,0.0,146.41,boleto,enviado,False,,2026-04-20 01:02:00+00:00
727,2488,349,2026-03-21 14:53:00+00:00,126.66,39.41,7.26,158.81,cartao_debito,entregue,True,,2026-03-21 14:53:00+00:00
728,2491,851,2026-01-05 20:57:00+00:00,577.06,22.49,85.18,514.37,cartao_credito,entregue,True,,2026-01-05 20:57:00+00:00
729,2492,1008,2026-05-07 01:59:00+00:00,343.74,44.04,46.04,341.74,cartao_debito,entregue,True,,2026-05-07 01:59:00+00:00
730,2497,1152,2026-03-26 17:35:00+00:00,286.07,40.11,0.0,326.18,pix,entregue,False,,2026-03-26 17:35:00+00:00
731,2504,1220,2026-05-23 12:37:00+00:00,226.26,44.6,0.0,270.86,cartao_debito,confirmado,False,,2026-05-23 12:37:00+00:00
732,2507,699,2026-06-16 13:14:00+00:00,136.98,31.47,0.0,168.45,cartao_credito,confirmado,False,,2026-06-16 13:14:00+00:00
733,2508,776,2026-04-13 23:39:00+00:00,128.95,34.86,0.0,163.81,pix,entregue,False,,2026-04-13 23:39:00+00:00
734,2510,324,2026-04-15 11:08:00+00:00,250.8,44.35,0.0,295.15,cartao_credito,entregue,False,,2026-04-15 11:08:00+00:00
735,2511,325,2026-02-18 13:06:00+00:00,403.05,5.24,0.0,408.29,boleto,entregue,False,,2026-02-18 13:06:00+00:00
736,2514,956,2026-05-26 21:27:00+00:00,717.13,13.78,0.0,730.91,cartao_credito,entregue,False,,2026-05-26 21:27:00+00:00
737,2515,568,2026-02-28 00:32:00+00:00,699.04,43.44,0.0,742.48,boleto,confirmado,False,,2026-02-28 00:32:00+00:00
738,2517,1426,2026-01-06 16:30:00+00:00,296.47,8.52,42.8,262.19,pix,entregue,True,,2026-01-06 16:30:00+00:00
739,2519,1190,2026-03-11 12:51:00+00:00,381.96,22.47,0.0,404.43,cartao_credito,confirmado,False,,2026-03-11 12:51:00+00:00
740,2520,650,2026-03-11 23:58:00+00:00,379.17,6.3,0.0,385.47,cartao_debito,enviado,False,,2026-03-11 23:58:00+00:00
741,2521,1004,2026-02-16 14:03:00+00:00,677.96,42.07,41.66,678.37,cartao_credito,enviado,True,,2026-02-16 14:03:00+00:00
742,2524,307,2026-06-22 15:16:00+00:00,67.19,14.42,0.0,81.61,cartao_credito,entregue,False,,2026-06-22 15:16:00+00:00
743,2533,951,2026-04-18 13:32:00+00:00,32.96,39.41,0.0,72.37,pix,confirmado,False,,2026-04-18 13:32:00+00:00
744,2535,482,2026-05-22 01:05:00+00:00,60.65,27.63,0.0,88.28,pix,enviado,False,,2026-05-22 01:05:00+00:00
745,2536,996,2026-05-20 12:44:00+00:00,696.8,19.07,0.0,715.87,cartao_credito,entregue,False,,2026-05-20 12:44:00+00:00
746,2539,711,2026-06-28 16:41:00+00:00,204.56,9.07,0.0,213.63,cartao_credito,enviado,False,,2026-06-28 16:41:00+00:00
747,2545,1065,2026-04-29 00:15:00+00:00,111.7,23.32,0.0,135.02,boleto,confirmado,False,,2026-04-29 00:15:00+00:00
748,2547,1029,2026-04-11 23:14:00+00:00,508.57,29.17,0.0,537.74,pix,enviado,False,,2026-04-11 23:14:00+00:00
749,2548,884,2026-04-15 11:53:00+00:00,16.99,26.36,0.0,43.35,boleto,entregue,False,,2026-04-15 11:53:00+00:00
750,2550,299,2026-04-14 16:52:00+00:00,724.14,28.89,0.0,753.03,cartao_credito,cancelado,False,,2026-04-14 16:52:00+00:00
751,2555,248,2026-05-13 23:52:00+00:00,768.07,14.53,40.37,742.23,boleto,entregue,True,,2026-05-13 23:52:00+00:00
752,2556,858,2026-05-17 21:13:00+00:00,393.65,5.08,30.48,368.25,pix,confirmado,True,,2026-05-17 21:13:00+00:00
753,2560,1331,2026-05-09 09:53:00+00:00,538.14,44.03,76.23,505.94,cartao_credito,entregue,True,,2026-05-09 09:53:00+00:00
754,2564,1186,2026-02-08 09:29:00+00:00,537.55,32.4,0.0,569.95,cartao_credito,enviado,False,,2026-02-08 09:29:00+00:00
755,2572,686,2026-04-17 13:58:00+00:00,664.48,16.42,52.81,628.09,cartao_debito,entregue,True,,2026-04-17 13:58:00+00:00
756,2574,924,2026-06-18 17:24:00+00:00,16.54,19.43,1.4,34.57,cartao_credito,enviado,True,,2026-06-18 17:24:00+00:00
757,2575,1338,2026-01-27 20:18:00+00:00,106.51,42.34,0.0,148.85,cartao_credito,enviado,False,,2026-01-27 20:18:00+00:00
758,2576,417,2026-01-24 21:40:00+00:00,432.68,10.6,0.0,443.28,pix,cancelado,False,,2026-01-24 21:40:00+00:00
759,2583,612,2026-02-23 18:42:00+00:00,187.91,9.63,17.21,180.33,pix,entregue,True,,2026-02-23 18:42:00+00:00
760,2591,1161,2026-06-24 20:39:00+00:00,120.8,30.46,16.81,134.45,pix,confirmado,True,,2026-06-24 20:39:00+00:00
761,2592,1441,2026-03-14 15:39:00+00:00,510.06,30.75,0.0,540.81,cartao_credito,entregue,False,,2026-03-14 15:39:00+00:00
762,2594,991,2026-02-20 22:46:00+00:00,338.46,41.31,29.33,350.44,boleto,entregue,True,,2026-02-20 22:46:00+00:00
763,2595,337,2026-05-21 22:16:00+00:00,624.35,33.8,0.0,658.15,cartao_credito,entregue,False,,2026-05-21 22:16:00+00:00
764,2599,1260,2026-05-06 22:42:00+00:00,267.58,18.55,31.78,254.35,cartao_credito,entregue,True,,2026-05-06 22:42:00+00:00
765,2602,1245,2026-05-04 03:54:00+00:00,17.03,40.41,0.0,57.44,pix,entregue,False,,2026-05-04 03:54:00+00:00
766,2607,982,2026-06-06 11:27:00+00:00,298.95,18.85,0.0,317.8,pix,cancelado,False,,2026-06-06 11:27:00+00:00
767,2613,835,2026-02-09 01:52:00+00:00,845.43,0.0,0.0,845.43,pix,entregue,False,,2026-02-09 01:52:00+00:00
768,2618,1417,2026-01-17 23:36:00+00:00,756.66,40.7,0.0,797.36,boleto,confirmado,False,,2026-01-17 23:36:00+00:00
769,2627,86,2026-04-22 14:45:00+00:00,765.28,22.15,0.0,787.43,cartao_credito,entregue,False,,2026-04-22 14:45:00+00:00
770,2629,291,2026-06-11 16:41:00+00:00,557.76,12.84,0.0,570.6,cartao_credito,entregue,False,,2026-06-11 16:41:00+00:00
771,2630,1281,2026-02-02 09:43:00+00:00,14.12,31.82,0.0,45.94,cartao_credito,entregue,False,,2026-02-02 09:43:00+00:00
772,2631,1437,2026-05-19 18:47:00+00:00,147.99,9.01,0.0,157.0,cartao_credito,enviado,False,,2026-05-19 18:47:00+00:00
773,2636,940,2026-03-04 10:52:00+00:00,151.24,11.84,0.0,163.08,cartao_credito,enviado,False,,2026-03-04 10:52:00+00:00
774,2638,996,2026-06-22 21:28:00+00:00,329.99,17.11,0.0,347.1,boleto,entregue,False,,2026-06-22 21:28:00+00:00
775,2639,1069,2026-03-08 16:58:00+00:00,204.37,27.26,0.0,231.63,pix,entregue,False,,2026-03-08 16:58:00+00:00
776,2644,1358,2026-06-13 15:58:00+00:00,204.01,41.39,0.0,245.4,pix,entregue,False,,2026-06-13 15:58:00+00:00
777,2647,963,2026-04-24 10:38:00+00:00,681.02,5.2,65.24,620.98,boleto,entregue,True,,2026-04-24 10:38:00+00:00
778,2649,207,2026-03-02 00:09:00+00:00,236.01,39.59,0.0,275.6,boleto,entregue,False,,2026-03-02 00:09:00+00:00
779,2653,735,2026-03-22 21:48:00+00:00,111.49,32.85,0.0,144.34,pix,confirmado,False,,2026-03-22 21:48:00+00:00
780,2654,722,2026-05-05 00:49:00+00:00,767.77,22.47,0.0,790.24,pix,entregue,False,,2026-05-05 00:49:00+00:00
781,2658,437,2026-05-09 03:42:00+00:00,144.35,38.38,0.0,182.73,cartao_credito,entregue,False,,2026-05-09 03:42:00+00:00
782,2660,351,2026-05-22 00:20:00+00:00,309.95,27.77,0.0,337.72,pix,enviado,False,,2026-05-22 00:20:00+00:00
783,2665,57,2026-05-06 01:27:00+00:00,185.09,31.76,0.0,216.85,cartao_debito,entregue,False,,2026-05-06 01:27:00+00:00
784,2675,95,2026-04-02 14:03:00+00:00,183.6,43.86,0.0,227.46,pix,entregue,False,,2026-04-02 14:03:00+00:00
785,2677,174,2026-06-10 13:02:00+00:00,179.07,18.27,0.0,197.34,boleto,entregue,False,,2026-06-10 13:02:00+00:00
786,2682,457,2026-03-27 10:22:00+00:00,381.46,42.15,0.0,423.61,cartao_credito,confirmado,False,,2026-03-27 10:22:00+00:00
787,2684,910,2026-03-28 15:48:00+00:00,916.52,44.92,0.0,961.44,cartao_debito,entregue,False,,2026-03-28 15:48:00+00:00
788,2685,857,2026-03-26 10:15:00+00:00,298.99,19.87,0.0,318.86,pix,entregue,False,,2026-03-26 10:15:00+00:00
789,2686,1399,2026-02-27 16:22:00+00:00,356.17,34.63,0.0,390.8,cartao_debito,enviado,False,,2026-02-27 16:22:00+00:00
790,2689,986,2026-02-21 18:18:00+00:00,365.62,21.47,45.64,341.45,pix,entregue,True,,2026-02-21 18:18:00+00:00
791,2692,334,2026-02-23 13:18:00+00:00,167.95,8.59,18.57,157.97,cartao_debito,cancelado,True,,2026-02-23 13:18:00+00:00
792,2703,1094,2026-03-21 14:16:00+00:00,425.88,19.71,0.0,445.59,cartao_credito,entregue,False,,2026-03-21 14:16:00+00:00
793,2711,492,2026-02-02 22:31:00+00:00,272.32,43.42,0.0,315.74,cartao_debito,entregue,False,,2026-02-02 22:31:00+00:00
794,2712,1419,2026-04-17 23:44:00+00:00,957.48,41.01,99.87,898.62,cartao_credito,entregue,True,,2026-04-17 23:44:00+00:00
795,2721,1094,2026-06-29 01:49:00+00:00,496.61,27.12,0.0,523.73,cartao_credito,entregue,False,,2026-06-29 01:49:00+00:00
796,2726,1336,2026-03-18 17:18:00+00:00,526.99,26.89,0.0,553.88,pix,confirmado,False,,2026-03-18 17:18:00+00:00
797,2727,1314,2026-06-27 10:40:00+00:00,208.89,37.33,0.0,246.22,boleto,entregue,False,,2026-06-27 10:40:00+00:00
798,2728,1334,2026-03-27 22:52:00+00:00,618.75,9.62,0.0,628.37,cartao_credito,entregue,False,,2026-03-27 22:52:00+00:00
799,2741,602,2026-04-05 21:16:00+00:00,442.62,0.0,0.0,442.62,boleto,enviado,False,,2026-04-05 21:16:00+00:00
800,2743,719,2026-06-14 03:38:00+00:00,531.51,16.07,0.0,547.58,cartao_credito,confirmado,False,,2026-06-14 03:38:00+00:00
801,2744,596,2026-06-20 19:35:00+00:00,543.71,6.08,0.0,549.79,cartao_credito,entregue,False,,2026-06-20 19:35:00+00:00
802,2746,1477,2026-05-14 14:43:00+00:00,147.98,30.12,0.0,178.1,cartao_credito,entregue,False,,2026-05-14 14:43:00+00:00
803,2749,1216,2026-04-10 20:48:00+00:00,220.59,42.6,0.0,263.19,pix,entregue,False,,2026-04-10 20:48:00+00:00
804,2757,939,2026-02-17 12:50:00+00:00,459.24,40.82,0.0,500.06,pix,entregue,False,,2026-02-17 12:50:00+00:00
805,2762,977,2026-05-24 12:31:00+00:00,63.26,18.2,0.0,81.46,pix,cancelado,False,,2026-05-24 12:31:00+00:00
806,2763,1427,2026-04-22 11:53:00+00:00,652.99,5.31,81.28,577.02,pix,entregue,True,,2026-04-22 11:53:00+00:00
807,2765,715,2026-02-08 21:31:00+00:00,151.42,10.86,8.83,153.45,cartao_debito,confirmado,True,,2026-02-08 21:31:00+00:00
808,2770,1268,2026-01-09 20:23:00+00:00,295.6,6.09,0.0,301.69,pix,cancelado,False,,2026-01-09 20:23:00+00:00
809,2771,1436,2026-05-19 20:59:00+00:00,454.19,29.47,0.0,483.66,cartao_credito,entregue,False,,2026-05-19 20:59:00+00:00
810,2772,682,2026-03-22 16:23:00+00:00,503.38,22.19,0.0,525.57,boleto,confirmado,False,,2026-03-22 16:23:00+00:00
811,2777,784,2026-02-05 14:44:00+00:00,515.47,6.23,0.0,521.7,cartao_debito,enviado,False,,2026-02-05 14:44:00+00:00
812,2780,645,2026-02-04 12:33:00+00:00,181.44,23.87,0.0,205.31,boleto,entregue,False,,2026-02-04 12:33:00+00:00
813,2784,1158,2026-06-28 12:23:00+00:00,452.54,14.79,40.22,427.11,boleto,enviado,True,,2026-06-28 12:23:00+00:00
814,2785,822,2026-01-14 00:04:00+00:00,507.75,24.06,75.34,456.47,boleto,enviado,True,,2026-01-14 00:04:00+00:00
815,2786,1312,2026-02-19 19:44:00+00:00,257.96,33.5,0.0,291.46,boleto,entregue,False,,2026-02-19 19:44:00+00:00
816,2791,63,2026-02-25 01:01:00+00:00,906.95,28.26,0.0,935.21,cartao_credito,enviado,False,,2026-02-25 01:01:00+00:00
817,2795,295,2026-05-23 22:50:00+00:00,268.79,16.98,0.0,285.77,cartao_credito,enviado,False,,2026-05-23 22:50:00+00:00
818,2796,236,2026-03-25 16:58:00+00:00,683.33,15.6,0.0,698.93,boleto,entregue,False,,2026-03-25 16:58:00+00:00
819,2797,1246,2026-06-16 11:28:00+00:00,690.3,41.68,0.0,731.98,pix,enviado,False,,2026-06-16 11:28:00+00:00
820,2807,1302,2026-02-08 18:29:00+00:00,531.08,21.78,45.22,507.64,cartao_credito,entregue,True,,2026-02-08 18:29:00+00:00
821,2809,1065,2026-02-08 10:32:00+00:00,979.72,23.98,0.0,1003.7,pix,entregue,False,,2026-02-08 10:32:00+00:00
822,2812,521,2026-02-19 11:27:00+00:00,1051.27,15.55,0.0,1066.82,boleto,entregue,False,,2026-02-19 11:27:00+00:00
823,2814,943,2026-03-18 00:44:00+00:00,568.22,39.63,0.0,607.85,cartao_debito,entregue,False,,2026-03-18 00:44:00+00:00
824,2818,246,2026-05-28 10:27:00+00:00,573.98,7.31,0.0,581.29,cartao_credito,entregue,False,,2026-05-28 10:27:00+00:00
825,2820,54,2026-05-20 14:33:00+00:00,42.74,34.72,0.0,77.46,cartao_credito,confirmado,False,,2026-05-20 14:33:00+00:00
826,2823,1438,2026-05-10 02:15:00+00:00,324.56,25.53,0.0,350.09,cartao_credito,entregue,False,,2026-05-10 02:15:00+00:00
827,2824,672,2026-03-23 00:52:00+00:00,75.98,32.14,0.0,108.12,cartao_debito,entregue,False,,2026-03-23 00:52:00+00:00
828,2827,376,2026-04-06 19:40:00+00:00,767.34,44.38,0.0,811.72,cartao_credito,entregue,False,,2026-04-06 19:40:00+00:00
829,2829,251,2026-02-02 12:48:00+00:00,154.02,7.13,0.0,161.15,pix,confirmado,False,,2026-02-02 12:48:00+00:00
830,2832,349,2026-03-05 11:37:00+00:00,247.05,35.19,0.0,282.24,cartao_credito,entregue,False,,2026-03-05 11:37:00+00:00
831,2834,448,2026-05-13 21:54:00+00:00,167.73,33.3,11.87,189.16,cartao_credito,entregue,True,,2026-05-13 21:54:00+00:00
832,2837,934,2026-03-02 18:57:00+00:00,24.2,31.51,1.99,53.72,cartao_credito,enviado,True,,2026-03-02 18:57:00+00:00
833,2840,1100,2026-02-04 11:33:00+00:00,388.75,12.36,0.0,401.11,boleto,entregue,False,,2026-02-04 11:33:00+00:00
834,2843,309,2026-01-20 01:14:00+00:00,28.65,31.73,3.98,56.4,cartao_credito,entregue,True,,2026-01-20 01:14:00+00:00
835,2850,872,2026-01-10 11:54:00+00:00,483.48,37.83,36.32,484.99,cartao_credito,entregue,True,,2026-01-10 11:54:00+00:00
836,2863,472,2026-06-13 22:53:00+00:00,468.57,7.87,0.0,476.44,cartao_credito,enviado,False,,2026-06-13 22:53:00+00:00
837,2869,975,2026-05-27 14:18:00+00:00,322.62,38.8,0.0,361.42,pix,entregue,False,,2026-05-27 14:18:00+00:00
838,2870,350,2026-01-10 12:29:00+00:00,160.93,10.83,23.88,147.88,pix,confirmado,True,,2026-01-10 12:29:00+00:00
839,2872,1026,2026-06-07 01:03:00+00:00,63.3,13.64,0.0,76.94,pix,enviado,False,,2026-06-07 01:03:00+00:00
840,2875,1351,2026-02-14 04:07:00+00:00,205.85,41.91,0.0,247.76,boleto,entregue,False,,2026-02-14 04:07:00+00:00
841,2876,628,2026-02-25 03:27:00+00:00,157.59,0.0,0.0,157.59,pix,entregue,False,,2026-02-25 03:27:00+00:00
842,2877,298,2026-02-19 19:24:00+00:00,178.55,13.3,0.0,191.85,cartao_credito,confirmado,False,,2026-02-19 19:24:00+00:00
843,2880,842,2026-06-04 23:53:00+00:00,876.9,26.34,57.2,846.04,cartao_credito,entregue,True,,2026-06-04 23:53:00+00:00
844,2882,626,2026-01-23 21:15:00+00:00,81.61,10.76,0.0,92.37,cartao_credito,confirmado,False,,2026-01-23 21:15:00+00:00
845,2889,494,2026-03-11 02:52:00+00:00,113.8,36.53,12.62,137.71,pix,entregue,True,,2026-03-11 02:52:00+00:00
846,2891,1284,2026-04-13 19:24:00+00:00,616.21,14.08,0.0,630.29,pix,entregue,False,,2026-04-13 19:24:00+00:00
847,2892,1103,2026-03-21 14:30:00+00:00,79.3,0.0,0.0,79.3,boleto,confirmado,False,,2026-03-21 14:30:00+00:00
848,2893,45,2026-04-28 17:15:00+00:00,299.25,7.17,0.0,306.42,pix,entregue,False,,2026-04-28 17:15:00+00:00
849,2894,1081,2026-05-12 18:47:00+00:00,527.9,0.0,0.0,527.9,pix,entregue,False,,2026-05-12 18:47:00+00:00
850,2895,1482,2026-04-07 22:07:00+00:00,31.59,31.96,2.73,60.82,cartao_debito,entregue,True,,2026-04-07 22:07:00+00:00
851,2902,492,2026-06-26 22:40:00+00:00,451.82,34.38,0.0,486.2,pix,entregue,False,,2026-06-26 22:40:00+00:00
852,2907,1419,2026-06-25 17:58:00+00:00,492.7,0.0,0.0,492.7,pix,entregue,False,,2026-06-25 17:58:00+00:00
853,2909,1204,2026-05-06 01:39:00+00:00,326.15,36.29,0.0,362.44,boleto,entregue,False,,2026-05-06 01:39:00+00:00
854,2910,1180,2026-01-18 01:25:00+00:00,338.69,23.71,17.85,344.55,pix,enviado,True,,2026-01-18 01:25:00+00:00
855,2921,282,2026-06-14 01:01:00+00:00,216.91,21.74,0.0,238.65,boleto,enviado,False,,2026-06-14 01:01:00+00:00
856,2926,1195,2026-06-24 18:40:00+00:00,223.7,20.44,0.0,244.14,cartao_credito,confirmado,False,,2026-06-24 18:40:00+00:00
857,2928,1221,2026-04-28 19:29:00+00:00,83.77,6.16,0.0,89.93,boleto,enviado,False,,2026-04-28 19:29:00+00:00
858,2936,385,2026-03-18 10:02:00+00:00,66.75,0.0,0.0,66.75,cartao_credito,entregue,False,,2026-03-18 10:02:00+00:00
859,2946,1217,2026-05-22 11:42:00+00:00,466.25,24.41,0.0,490.66,cartao_credito,confirmado,False,,2026-05-22 11:42:00+00:00
860,2948,971,2026-05-27 11:11:00+00:00,24.37,14.95,2.62,36.7,pix,cancelado,True,,2026-05-27 11:11:00+00:00
861,2949,1159,2026-06-17 12:15:00+00:00,237.81,40.3,0.0,278.11,boleto,entregue,False,,2026-06-17 12:15:00+00:00
862,2950,16,2026-04-29 02:25:00+00:00,90.79,25.12,12.54,103.37,cartao_credito,entregue,True,,2026-04-29 02:25:00+00:00
863,2955,792,2026-06-12 03:30:00+00:00,230.62,15.46,0.0,246.08,cartao_credito,entregue,False,,2026-06-12 03:30:00+00:00
864,2959,593,2026-01-09 20:04:00+00:00,706.68,7.76,0.0,714.44,boleto,entregue,False,,2026-01-09 20:04:00+00:00
865,2960,811,2026-05-02 19:26:00+00:00,360.41,36.77,0.0,397.18,boleto,entregue,False,,2026-05-02 19:26:00+00:00
866,2961,1235,2026-02-21 15:25:00+00:00,320.28,15.12,32.4,303.0,pix,entregue,True,,2026-02-21 15:25:00+00:00
867,2968,1039,2026-05-24 14:11:00+00:00,99.39,27.33,0.0,126.72,boleto,entregue,False,,2026-05-24 14:11:00+00:00
868,2975,259,2026-03-07 19:53:00+00:00,121.57,10.11,0.0,131.68,cartao_debito,entregue,False,,2026-03-07 19:53:00+00:00
869,2977,251,2026-06-12 00:18:00+00:00,190.48,6.44,0.0,196.92,cartao_credito,confirmado,False,,2026-06-12 00:18:00+00:00
870,2978,79,2026-01-26 14:21:00+00:00,23.55,31.48,0.0,55.03,cartao_credito,entregue,False,,2026-01-26 14:21:00+00:00
871,2981,57,2026-06-19 15:02:00+00:00,728.28,36.48,0.0,764.76,cartao_credito,entregue,False,,2026-06-19 15:02:00+00:00
872,2983,1434,2026-03-26 12:49:00+00:00,153.48,40.63,0.0,194.11,pix,entregue,False,,2026-03-26 12:49:00+00:00
873,2990,1455,2026-05-26 19:04:00+00:00,473.3,31.16,0.0,504.46,boleto,entregue,False,,2026-05-26 19:04:00+00:00
874,2991,1095,2026-06-13 21:17:00+00:00,155.86,36.61,0.0,192.47,cartao_credito,entregue,False,,2026-06-13 21:17:00+00:00
875,2994,394,2026-05-25 03:40:00+00:00,947.09,5.98,0.0,953.07,cartao_credito,entregue,False,,2026-05-25 03:40:00+00:00
876,3003,1266,2026-02-22 03:30:00+00:00,172.61,6.4,0.0,179.01,cartao_credito,cancelado,False,,2026-02-22 03:30:00+00:00
877,3008,946,2026-03-16 11:51:00+00:00,65.84,35.06,0.0,100.9,pix,entregue,False,,2026-03-16 11:51:00+00:00
878,3010,121,2026-02-02 01:50:00+00:00,410.46,0.0,39.06,371.4,cartao_credito,entregue,True,,2026-02-02 01:50:00+00:00
879,3011,480,2026-02-02 01:52:00+00:00,465.81,17.81,0.0,483.62,cartao_debito,entregue,False,,2026-02-02 01:52:00+00:00
880,3012,808,2026-05-11 10:41:00+00:00,1220.35,28.19,0.0,1248.54,pix,entregue,False,,2026-05-11 10:41:00+00:00
881,3020,739,2026-06-12 14:53:00+00:00,28.06,10.5,0.0,38.56,pix,entregue,False,,2026-06-12 14:53:00+00:00
882,3026,289,2026-06-16 17:13:00+00:00,33.39,30.69,0.0,64.08,pix,entregue,False,,2026-06-16 17:13:00+00:00
883,3030,1449,2026-02-25 00:45:00+00:00,93.14,34.9,6.75,121.29,cartao_credito,entregue,True,,2026-02-25 00:45:00+00:00
884,3033,1313,2026-02-02 14:21:00+00:00,40.74,9.29,0.0,50.03,boleto,entregue,False,,2026-02-02 14:21:00+00:00
885,3040,881,2026-01-08 17:48:00+00:00,219.19,8.78,24.28,203.69,pix,entregue,True,,2026-01-08 17:48:00+00:00
886,3042,545,2026-03-02 20:50:00+00:00,560.97,8.9,0.0,569.87,pix,entregue,False,,2026-03-02 20:50:00+00:00
887,3044,1116,2026-03-26 11:33:00+00:00,331.68,44.25,49.58,326.35,pix,enviado,True,,2026-03-26 11:33:00+00:00
888,3045,1185,2026-04-23 22:09:00+00:00,206.61,40.79,27.04,220.36,pix,entregue,True,,2026-04-23 22:09:00+00:00
889,3048,115,2026-05-19 20:06:00+00:00,335.63,21.82,36.67,320.78,cartao_debito,entregue,True,,2026-05-19 20:06:00+00:00
890,3049,285,2026-01-04 13:44:00+00:00,156.5,11.36,0.0,167.86,cartao_credito,enviado,False,,2026-01-04 13:44:00+00:00
891,3050,1306,2026-04-20 20:50:00+00:00,704.76,23.52,0.0,728.28,cartao_credito,entregue,False,,2026-04-20 20:50:00+00:00
892,3052,591,2026-02-02 21:10:00+00:00,145.75,15.73,0.0,161.48,cartao_credito,entregue,False,,2026-02-02 21:10:00+00:00
893,3060,374,2026-03-15 17:23:00+00:00,111.28,11.75,0.0,123.03,cartao_credito,entregue,False,,2026-03-15 17:23:00+00:00
894,3065,379,2026-01-07 21:25:00+00:00,320.67,40.52,31.9,329.29,cartao_credito,confirmado,True,,2026-01-07 21:25:00+00:00
895,3076,354,2026-02-09 18:41:00+00:00,76.23,8.75,0.0,84.98,pix,entregue,False,,2026-02-09 18:41:00+00:00
896,3079,1002,2026-02-22 14:16:00+00:00,655.02,11.56,0.0,666.58,pix,enviado,False,,2026-02-22 14:16:00+00:00
897,3080,1217,2026-06-10 10:03:00+00:00,350.23,33.82,0.0,384.05,boleto,entregue,False,,2026-06-10 10:03:00+00:00
898,3082,1447,2026-02-15 14:43:00+00:00,414.96,29.96,0.0,444.92,cartao_credito,entregue,False,,2026-02-15 14:43:00+00:00
899,3086,444,2026-03-25 18:13:00+00:00,473.26,12.14,0.0,485.4,pix,entregue,False,,2026-03-25 18:13:00+00:00
900,3088,1113,2026-01-23 23:37:00+00:00,209.64,29.84,18.64,220.84,cartao_credito,entregue,True,,2026-01-23 23:37:00+00:00
901,3091,601,2026-04-05 00:48:00+00:00,617.94,12.16,0.0,630.1,boleto,entregue,False,,2026-04-05 00:48:00+00:00
902,3095,322,2026-03-08 20:44:00+00:00,141.77,0.0,0.0,141.77,cartao_credito,enviado,False,,2026-03-08 20:44:00+00:00
903,3096,1256,2026-02-18 13:31:00+00:00,402.33,37.36,46.66,393.03,cartao_credito,entregue,True,,2026-02-18 13:31:00+00:00
904,3098,539,2026-02-24 03:19:00+00:00,64.49,38.52,0.0,103.01,cartao_credito,entregue,False,,2026-02-24 03:19:00+00:00
905,3101,817,2026-05-10 01:28:00+00:00,162.21,34.4,8.14,188.47,cartao_debito,entregue,True,,2026-05-10 01:28:00+00:00
906,3102,1320,2026-02-18 10:25:00+00:00,911.91,42.31,0.0,954.22,cartao_debito,entregue,True,2696,2026-02-18 10:25:00+00:00
907,3103,135,2026-02-12 22:18:00+00:00,528.81,11.42,69.83,470.4,boleto,enviado,True,,2026-02-12 22:18:00+00:00
908,3107,69,2026-01-25 02:31:00+00:00,205.62,42.99,0.0,248.61,cartao_credito,entregue,False,,2026-01-25 02:31:00+00:00
909,3109,798,2026-03-28 01:45:00+00:00,42.88,12.9,0.0,55.78,cartao_debito,cancelado,False,,2026-03-28 01:45:00+00:00
910,3113,1296,2026-05-16 17:38:00+00:00,21.46,15.01,0.0,36.47,cartao_debito,entregue,False,,2026-05-16 17:38:00+00:00
911,3115,5,2026-02-26 13:51:00+00:00,510.33,41.61,66.69,485.25,cartao_credito,entregue,True,,2026-02-26 13:51:00+00:00
912,3120,583,2026-03-27 15:10:00+00:00,714.93,37.78,0.0,752.71,cartao_credito,entregue,False,,2026-03-27 15:10:00+00:00
913,3121,549,2026-06-26 15:32:00+00:00,685.12,19.92,0.0,705.04,cartao_credito,entregue,False,,2026-06-26 15:32:00+00:00
914,3123,480,2026-05-08 23:00:00+00:00,347.54,0.0,0.0,347.54,cartao_credito,entregue,False,,2026-05-08 23:00:00+00:00
915,3128,4,2026-03-20 10:00:00+00:00,803.88,29.54,0.0,833.42,pix,entregue,False,,2026-03-20 10:00:00+00:00
916,3129,955,2026-06-06 16:19:00+00:00,216.53,36.32,0.0,252.85,cartao_credito,entregue,False,,2026-06-06 16:19:00+00:00
917,3132,19,2026-02-23 17:38:00+00:00,778.87,9.58,0.0,788.45,cartao_debito,entregue,False,,2026-02-23 17:38:00+00:00
918,3134,1185,2026-03-09 03:18:00+00:00,319.29,0.0,0.0,319.29,boleto,cancelado,False,,2026-03-09 03:18:00+00:00
919,3135,1357,2026-06-20 16:27:00+00:00,201.85,0.0,0.0,201.85,pix,entregue,False,,2026-06-20 16:27:00+00:00
920,3136,874,2026-03-12 14:41:00+00:00,323.52,15.53,0.0,339.05,cartao_credito,confirmado,False,,2026-03-12 14:41:00+00:00
921,3140,1052,2026-02-09 10:38:00+00:00,34.08,24.98,0.0,59.06,cartao_credito,entregue,False,,2026-02-09 10:38:00+00:00
922,3143,573,2026-03-25 17:14:00+00:00,569.92,35.2,0.0,605.12,cartao_credito,entregue,False,,2026-03-25 17:14:00+00:00
923,3144,909,2026-06-12 00:37:00+00:00,103.43,0.0,0.0,103.43,pix,enviado,False,,2026-06-12 00:37:00+00:00
924,3145,1336,2026-03-23 12:31:00+00:00,365.69,17.49,0.0,383.18,cartao_credito,entregue,False,,2026-03-23 12:31:00+00:00
925,3149,487,2026-05-06 23:02:00+00:00,369.22,18.67,30.18,357.71,cartao_credito,enviado,True,,2026-05-06 23:02:00+00:00
926,3158,546,2026-03-01 20:40:00+00:00,690.6,0.0,0.0,690.6,cartao_credito,entregue,False,,2026-03-01 20:40:00+00:00
927,3159,276,2026-02-09 12:26:00+00:00,85.2,40.18,7.66,117.72,pix,enviado,True,,2026-02-09 12:26:00+00:00
928,3160,1423,2026-03-07 22:41:00+00:00,599.62,17.56,0.0,617.18,pix,entregue,False,,2026-03-07 22:41:00+00:00
929,3164,1397,2026-04-27 22:43:00+00:00,689.37,23.24,0.0,712.61,boleto,entregue,False,,2026-04-27 22:43:00+00:00
930,3169,842,2026-06-19 10:19:00+00:00,169.44,43.87,0.0,213.31,pix,entregue,False,,2026-06-19 10:19:00+00:00
931,3171,668,2026-02-17 22:22:00+00:00,404.41,36.77,0.0,441.18,pix,entregue,False,,2026-02-17 22:22:00+00:00
932,3172,658,2026-05-23 23:50:00+00:00,239.61,6.66,0.0,246.27,cartao_credito,entregue,False,,2026-05-23 23:50:00+00:00
933,3173,1203,2026-02-15 10:20:00+00:00,563.43,30.76,0.0,594.19,pix,enviado,False,,2026-02-15 10:20:00+00:00
934,3174,352,2026-06-05 00:02:00+00:00,714.88,0.0,0.0,714.88,boleto,enviado,False,,2026-06-05 00:02:00+00:00
935,3178,446,2026-04-23 22:10:00+00:00,315.92,19.31,19.45,315.78,cartao_credito,entregue,True,,2026-04-23 22:10:00+00:00
936,3184,216,2026-02-02 10:36:00+00:00,436.38,19.34,0.0,455.72,cartao_debito,cancelado,False,,2026-02-02 10:36:00+00:00
937,3186,855,2026-04-07 15:43:00+00:00,343.59,44.17,44.81,342.95,cartao_debito,confirmado,True,,2026-04-07 15:43:00+00:00
938,3189,633,2026-06-03 19:53:00+00:00,736.98,14.27,0.0,751.25,pix,entregue,False,,2026-06-03 19:53:00+00:00
939,3190,1464,2026-03-25 17:33:00+00:00,113.63,19.06,6.69,126.0,pix,entregue,True,,2026-03-25 17:33:00+00:00
940,3191,1362,2026-02-02 15:00:00+00:00,373.97,12.14,22.21,363.9,cartao_credito,enviado,True,,2026-02-02 15:00:00+00:00
941,3196,1110,2026-05-06 11:03:00+00:00,442.81,28.82,0.0,471.63,cartao_debito,entregue,False,,2026-05-06 11:03:00+00:00
942,3199,1290,2026-01-17 20:30:00+00:00,711.57,29.0,0.0,740.57,cartao_debito,entregue,False,,2026-01-17 20:30:00+00:00
943,3205,1022,2026-02-20 15:17:00+00:00,460.09,41.02,55.58,445.53,pix,enviado,True,,2026-02-20 15:17:00+00:00
944,3212,383,2026-03-28 21:15:00+00:00,226.3,23.23,0.0,249.53,cartao_credito,entregue,False,,2026-03-28 21:15:00+00:00
945,3219,954,2026-02-01 15:34:00+00:00,163.85,11.1,0.0,174.95,cartao_credito,confirmado,False,,2026-02-01 15:34:00+00:00
946,3223,641,2026-05-20 02:07:00+00:00,252.2,12.89,0.0,265.09,pix,entregue,False,,2026-05-20 02:07:00+00:00
947,3227,1054,2026-06-03 21:53:00+00:00,28.77,30.47,0.0,59.24,cartao_credito,entregue,False,,2026-06-03 21:53:00+00:00
948,3241,749,2026-03-20 18:20:00+00:00,110.22,20.63,12.5,118.35,cartao_credito,entregue,True,,2026-03-20 18:20:00+00:00
949,3243,1139,2026-03-03 12:41:00+00:00,130.19,5.03,0.0,135.22,cartao_credito,entregue,False,,2026-03-03 12:41:00+00:00
950,3244,99,2026-02-26 15:43:00+00:00,125.73,35.53,0.0,161.26,cartao_credito,entregue,False,,2026-02-26 15:43:00+00:00
951,3247,1075,2026-02-28 12:52:00+00:00,147.28,30.0,0.0,177.28,pix,enviado,False,,2026-02-28 12:52:00+00:00
952,3250,120,2026-04-23 11:58:00+00:00,192.88,33.46,0.0,226.34,cartao_credito,entregue,False,,2026-04-23 11:58:00+00:00
953,3258,1035,2026-03-22 20:43:00+00:00,667.73,5.05,0.0,672.78,cartao_credito,enviado,False,,2026-03-22 20:43:00+00:00
954,3265,953,2026-05-08 09:35:00+00:00,107.99,27.69,0.0,135.68,pix,enviado,False,,2026-05-08 09:35:00+00:00
955,3266,1376,2026-06-17 23:49:00+00:00,306.59,0.0,30.4,276.19,pix,enviado,True,,2026-06-17 23:49:00+00:00
956,3268,1092,2026-03-14 22:53:00+00:00,183.58,42.43,0.0,226.01,pix,entregue,False,,2026-03-14 22:53:00+00:00
957,3269,449,2026-03-13 22:01:00+00:00,51.31,30.32,5.5,76.13,pix,entregue,True,,2026-03-13 22:01:00+00:00
958,3271,631,2026-05-20 18:45:00+00:00,335.8,8.41,0.0,344.21,pix,entregue,False,,2026-05-20 18:45:00+00:00
959,3272,1015,2026-03-18 22:40:00+00:00,401.86,21.39,0.0,423.25,boleto,confirmado,False,,2026-03-18 22:40:00+00:00
960,3273,1398,2026-01-01 20:09:00+00:00,318.41,37.58,0.0,355.99,pix,entregue,False,,2026-01-01 20:09:00+00:00
961,3274,1371,2026-04-26 03:06:00+00:00,371.82,37.31,0.0,409.13,cartao_credito,entregue,False,,2026-04-26 03:06:00+00:00
962,3278,490,2026-04-09 19:24:00+00:00,556.69,7.45,0.0,564.14,cartao_debito,entregue,False,,2026-04-09 19:24:00+00:00
963,3289,799,2026-04-28 13:45:00+00:00,247.0,30.31,0.0,277.31,cartao_credito,cancelado,False,,2026-04-28 13:45:00+00:00
964,3290,1265,2026-02-14 13:02:00+00:00,234.77,25.52,0.0,260.29,pix,confirmado,False,,2026-02-14 13:02:00+00:00
965,3297,1172,2026-05-17 22:58:00+00:00,305.98,27.53,0.0,333.51,cartao_debito,entregue,False,,2026-05-17 22:58:00+00:00
966,3301,4,2026-06-24 09:28:00+00:00,143.44,17.06,0.0,160.5,cartao_credito,entregue,False,,2026-06-24 09:28:00+00:00
967,3306,173,2026-01-03 01:55:00+00:00,481.23,21.81,0.0,503.04,cartao_credito,enviado,False,,2026-01-03 01:55:00+00:00
968,3309,392,2026-03-16 23:47:00+00:00,186.78,16.45,0.0,203.23,cartao_debito,entregue,False,,2026-03-16 23:47:00+00:00
969,3311,187,2026-04-12 20:47:00+00:00,590.81,28.52,61.29,558.04,pix,entregue,True,,2026-04-12 20:47:00+00:00
970,3313,1047,2026-04-22 10:27:00+00:00,87.18,13.85,0.0,101.03,cartao_credito,confirmado,False,,2026-04-22 10:27:00+00:00
971,3315,376,2026-05-03 17:01:00+00:00,87.16,21.55,0.0,108.71,pix,enviado,False,,2026-05-03 17:01:00+00:00
972,3322,1184,2026-01-28 20:09:00+00:00,246.48,31.59,0.0,278.07,cartao_debito,enviado,False,,2026-01-28 20:09:00+00:00
973,3325,1106,2026-05-05 02:35:00+00:00,432.03,26.26,0.0,458.29,cartao_debito,entregue,False,,2026-05-05 02:35:00+00:00
974,3329,986,2026-03-19 22:53:00+00:00,50.58,15.17,0.0,65.75,pix,enviado,False,,2026-03-19 22:53:00+00:00
975,3330,553,2026-03-09 12:46:00+00:00,420.18,27.67,0.0,447.85,pix,entregue,False,,2026-03-09 12:46:00+00:00
976,3333,434,2026-06-13 14:20:00+00:00,311.58,35.14,0.0,346.72,cartao_debito,confirmado,False,,2026-06-13 14:20:00+00:00
977,3335,1354,2026-04-15 03:13:00+00:00,50.9,13.61,0.0,64.51,pix,entregue,False,,2026-04-15 03:13:00+00:00
978,3339,856,2026-05-08 03:50:00+00:00,250.73,39.99,0.0,290.72,boleto,enviado,False,,2026-05-08 03:50:00+00:00
979,3340,623,2026-02-27 02:26:00+00:00,695.15,26.41,0.0,721.56,pix,confirmado,False,,2026-02-27 02:26:00+00:00
980,3342,835,2026-01-24 17:55:00+00:00,226.04,31.49,0.0,257.53,cartao_credito,enviado,False,,2026-01-24 17:55:00+00:00
981,3354,544,2026-02-14 18:28:00+00:00,664.51,40.11,67.42,637.2,boleto,enviado,True,,2026-02-14 18:28:00+00:00
982,3367,285,2026-03-07 12:45:00+00:00,502.84,21.83,0.0,524.67,boleto,confirmado,False,,2026-03-07 12:45:00+00:00
983,3371,310,2026-03-14 20:25:00+00:00,1173.82,41.3,0.0,1215.12,cartao_debito,entregue,False,,2026-03-14 20:25:00+00:00
984,3373,731,2026-04-09 19:18:00+00:00,395.99,33.24,0.0,429.23,boleto,entregue,False,,2026-04-09 19:18:00+00:00
985,3374,1110,2026-05-13 02:57:00+00:00,22.34,34.1,1.26,55.18,boleto,entregue,True,,2026-05-13 02:57:00+00:00
986,3375,83,2026-05-02 21:43:00+00:00,796.06,23.25,0.0,819.31,pix,entregue,False,,2026-05-02 21:43:00+00:00
987,3376,383,2026-05-27 10:11:00+00:00,291.95,43.45,0.0,335.4,cartao_credito,entregue,False,,2026-05-27 10:11:00+00:00
988,3377,85,2026-01-08 13:07:00+00:00,690.69,24.39,0.0,715.08,cartao_credito,enviado,False,,2026-01-08 13:07:00+00:00
989,3381,978,2026-01-25 13:01:00+00:00,201.42,35.05,0.0,236.47,cartao_credito,confirmado,False,,2026-01-25 13:01:00+00:00
990,3383,583,2026-03-09 02:17:00+00:00,158.83,17.25,0.0,176.08,boleto,entregue,False,,2026-03-09 02:17:00+00:00
991,3387,695,2026-06-15 21:22:00+00:00,805.38,35.93,0.0,841.31,pix,entregue,False,,2026-06-15 21:22:00+00:00
992,3396,367,2026-05-25 23:24:00+00:00,513.24,25.24,39.07,499.41,boleto,confirmado,True,,2026-05-25 23:24:00+00:00
993,3401,255,2026-03-29 02:15:00+00:00,134.1,25.1,18.82,140.38,pix,entregue,True,,2026-03-29 02:15:00+00:00
994,3402,1336,2026-05-27 23:21:00+00:00,278.96,8.01,0.0,286.97,pix,enviado,False,,2026-05-27 23:21:00+00:00
995,3405,10,2026-06-17 20:49:00+00:00,125.46,7.01,0.0,132.47,pix,entregue,False,,2026-06-17 20:49:00+00:00
996,3406,1013,2026-02-03 01:50:00+00:00,501.12,18.46,0.0,519.58,pix,entregue,False,,2026-02-03 01:50:00+00:00
997,3409,1392,2026-06-01 15:04:00+00:00,532.06,14.28,0.0,546.34,boleto,enviado,False,,2026-06-01 15:04:00+00:00
998,3410,1400,2026-04-14 01:59:00+00:00,518.35,36.88,0.0,555.23,cartao_credito,confirmado,False,,2026-04-14 01:59:00+00:00
999,3412,822,2026-01-01 14:59:00+00:00,51.38,33.82,0.0,85.2,boleto,enviado,False,,2026-01-01 14:59:00+00:00
1000,3414,1178,2026-02-07 03:25:00+00:00,373.19,7.8,0.0,380.99,cartao_debito,entregue,False,,2026-02-07 03:25:00+00:00
1001,3415,700,2026-02-26 16:01:00+00:00,69.1,24.43,9.48,84.05,cartao_credito,entregue,True,,2026-02-26 16:01:00+00:00
1002,3428,972,2026-06-25 15:26:00+00:00,41.19,32.41,0.0,73.6,cartao_debito,confirmado,False,,2026-06-25 15:26:00+00:00
1003,3433,490,2026-03-04 23:18:00+00:00,286.25,26.62,0.0,312.87,boleto,confirmado,False,,2026-03-04 23:18:00+00:00
1004,3437,1081,2026-03-12 14:02:00+00:00,140.51,33.85,0.0,174.36,pix,enviado,False,,2026-03-12 14:02:00+00:00
1005,3441,1086,2026-06-11 16:16:00+00:00,202.26,34.41,0.0,236.67,pix,confirmado,False,,2026-06-11 16:16:00+00:00
1006,3442,1470,2026-01-18 12:03:00+00:00,245.65,6.85,0.0,252.5,boleto,confirmado,False,,2026-01-18 12:03:00+00:00
1007,3455,679,2026-04-13 01:15:00+00:00,353.76,27.53,17.91,363.38,cartao_debito,entregue,True,,2026-04-13 01:15:00+00:00
1008,3465,456,2026-04-02 02:32:00+00:00,555.85,0.0,0.0,555.85,pix,confirmado,False,,2026-04-02 02:32:00+00:00
1009,3470,169,2026-05-15 10:34:00+00:00,165.08,18.18,0.0,183.26,boleto,entregue,False,,2026-05-15 10:34:00+00:00
1010,3475,699,2026-03-28 21:24:00+00:00,68.42,37.62,0.0,106.04,pix,entregue,False,,2026-03-28 21:24:00+00:00
1011,3480,1379,2026-01-14 14:23:00+00:00,286.4,42.83,21.26,307.97,cartao_credito,entregue,True,,2026-01-14 14:23:00+00:00
1012,3485,476,2026-02-15 11:41:00+00:00,173.79,35.19,0.0,208.98,pix,entregue,False,,2026-02-15 11:41:00+00:00
1013,3486,1030,2026-04-01 15:10:00+00:00,541.68,13.74,0.0,555.42,boleto,entregue,False,,2026-04-01 15:10:00+00:00
1014,3492,278,2026-06-10 02:27:00+00:00,503.35,15.96,0.0,519.31,pix,cancelado,False,,2026-06-10 02:27:00+00:00
1015,3496,769,2026-04-12 17:35:00+00:00,361.07,11.52,0.0,372.59,cartao_credito,entregue,False,,2026-04-12 17:35:00+00:00
1016,3499,1091,2026-02-22 07:08:00+00:00,434.41,24.32,0.0,458.73,boleto,entregue,True,3042,2026-02-22 07:08:00+00:00
1017,3503,594,2026-01-02 18:59:00+00:00,256.92,42.41,0.0,299.33,boleto,entregue,False,,2026-01-02 18:59:00+00:00
1018,3505,286,2026-06-26 13:43:00+00:00,430.27,41.47,0.0,471.74,cartao_credito,confirmado,False,,2026-06-26 13:43:00+00:00
1019,3508,1096,2026-01-26 23:00:00+00:00,671.78,32.08,0.0,703.86,pix,confirmado,False,,2026-01-26 23:00:00+00:00
1020,3510,670,2026-04-21 00:30:00+00:00,362.85,18.27,27.79,353.33,pix,enviado,True,,2026-04-21 00:30:00+00:00
1021,3511,444,2026-04-19 20:30:00+00:00,217.29,35.85,0.0,253.14,pix,entregue,False,,2026-04-19 20:30:00+00:00
1022,3512,1380,2026-05-22 20:24:00+00:00,776.68,10.81,106.19,681.3,cartao_debito,confirmado,True,,2026-05-22 20:24:00+00:00
1023,3519,335,2026-05-15 16:37:00+00:00,436.37,27.68,0.0,464.05,cartao_debito,confirmado,False,,2026-05-15 16:37:00+00:00
1024,3521,377,2026-04-17 19:11:00+00:00,343.26,10.63,33.9,319.99,cartao_credito,entregue,True,,2026-04-17 19:11:00+00:00
1025,3522,861,2026-03-14 13:52:00+00:00,945.62,8.13,120.82,832.93,cartao_debito,entregue,True,,2026-03-14 13:52:00+00:00
1026,3523,697,2026-05-19 03:03:00+00:00,246.39,12.23,0.0,258.62,pix,entregue,False,,2026-05-19 03:03:00+00:00
1027,3526,144,2026-01-11 01:54:00+00:00,637.39,11.18,0.0,648.57,pix,entregue,False,,2026-01-11 01:54:00+00:00
1028,3527,277,2026-03-04 21:38:00+00:00,1027.57,44.67,0.0,1072.24,boleto,confirmado,False,,2026-03-04 21:38:00+00:00
1029,3530,140,2026-04-06 13:16:00+00:00,164.13,13.72,9.25,168.6,cartao_credito,entregue,True,,2026-04-06 13:16:00+00:00
1030,3532,1362,2026-05-16 17:33:00+00:00,251.95,12.9,0.0,264.85,boleto,entregue,False,,2026-05-16 17:33:00+00:00
1031,3536,1281,2026-03-10 22:55:00+00:00,130.28,14.64,0.0,144.92,cartao_credito,enviado,False,,2026-03-10 22:55:00+00:00
1032,3537,66,2026-02-02 20:29:00+00:00,735.1,36.87,83.78,688.19,cartao_credito,entregue,True,,2026-02-02 20:29:00+00:00
1033,3538,1402,2026-03-10 19:32:00+00:00,293.95,19.31,0.0,313.26,cartao_credito,entregue,False,,2026-03-10 19:32:00+00:00
1034,3544,361,2026-01-24 13:20:00+00:00,351.77,36.52,0.0,388.29,pix,enviado,False,,2026-01-24 13:20:00+00:00
1035,3553,919,2026-02-20 10:17:00+00:00,361.67,28.99,0.0,390.66,cartao_credito,entregue,False,,2026-02-20 10:17:00+00:00
1036,3554,628,2026-05-14 00:38:00+00:00,713.87,0.0,94.76,619.11,cartao_credito,entregue,True,,2026-05-14 00:38:00+00:00
1037,3556,689,2026-03-07 10:16:00+00:00,574.8,34.46,0.0,609.26,cartao_credito,enviado,False,,2026-03-07 10:16:00+00:00
1038,3566,1032,2026-05-19 13:31:00+00:00,247.41,9.99,0.0,257.4,cartao_credito,enviado,False,,2026-05-19 13:31:00+00:00
1039,3568,1308,2026-05-06 20:25:00+00:00,298.17,8.6,0.0,306.77,pix,confirmado,False,,2026-05-06 20:25:00+00:00
1040,3569,83,2026-03-21 00:15:00+00:00,63.18,16.27,7.69,71.76,cartao_credito,entregue,True,,2026-03-21 00:15:00+00:00
1041,3571,1197,2026-01-11 11:10:00+00:00,199.39,27.77,0.0,227.16,pix,entregue,False,,2026-01-11 11:10:00+00:00
1042,3583,986,2026-01-23 20:03:00+00:00,463.04,19.19,0.0,482.23,cartao_credito,entregue,False,,2026-01-23 20:03:00+00:00
1043,3589,1339,2026-01-15 11:30:00+00:00,140.15,40.14,0.0,180.29,cartao_credito,entregue,False,,2026-01-15 11:30:00+00:00
1044,3592,600,2026-06-19 20:40:00+00:00,930.21,42.89,114.19,858.91,boleto,entregue,True,,2026-06-19 20:40:00+00:00
1045,3593,34,2026-04-24 00:40:00+00:00,407.44,34.9,27.22,415.12,cartao_credito,entregue,True,,2026-04-24 00:40:00+00:00
1046,3598,658,2026-01-20 03:01:00+00:00,66.37,43.94,0.0,110.31,pix,entregue,False,,2026-01-20 03:01:00+00:00
1047,3600,701,2026-01-02 23:17:00+00:00,498.83,9.82,0.0,508.65,pix,entregue,False,,2026-01-02 23:17:00+00:00
1048,3601,607,2026-01-27 21:30:00+00:00,280.23,33.88,14.04,300.07,pix,cancelado,True,,2026-01-27 21:30:00+00:00
1049,3607,1170,2026-02-24 21:33:00+00:00,335.13,29.94,0.0,365.07,cartao_credito,cancelado,False,,2026-02-24 21:33:00+00:00
1050,3608,869,2026-01-21 19:19:00+00:00,275.21,25.76,0.0,300.97,pix,entregue,False,,2026-01-21 19:19:00+00:00
1051,3609,1096,2026-05-08 19:40:00+00:00,69.41,24.67,0.0,94.08,boleto,entregue,False,,2026-05-08 19:40:00+00:00
1052,3616,613,2026-06-29 02:50:00+00:00,254.25,5.24,0.0,259.49,cartao_credito,entregue,False,,2026-06-29 02:50:00+00:00
1053,3619,1066,2026-06-16 23:58:00+00:00,472.67,34.26,0.0,506.93,cartao_debito,entregue,False,,2026-06-16 23:58:00+00:00
1054,3622,838,2026-05-04 15:47:00+00:00,679.59,7.08,39.06,647.61,boleto,cancelado,True,,2026-05-04 15:47:00+00:00
1055,3623,71,2026-06-03 17:09:00+00:00,444.5,43.67,0.0,488.17,pix,entregue,False,,2026-06-03 17:09:00+00:00
1056,3629,252,2026-01-23 14:02:00+00:00,179.92,19.71,0.0,199.63,cartao_credito,confirmado,False,,2026-01-23 14:02:00+00:00
1057,3631,649,2026-02-06 14:48:00+00:00,97.77,32.11,12.24,117.64,boleto,entregue,True,,2026-02-06 14:48:00+00:00
1058,3632,86,2026-03-03 02:51:00+00:00,230.72,15.85,24.76,221.81,pix,confirmado,True,,2026-03-03 02:51:00+00:00
1059,3633,709,2026-05-19 01:27:00+00:00,207.13,27.25,28.94,205.44,cartao_credito,enviado,True,,2026-05-19 01:27:00+00:00
1060,3637,311,2026-04-27 18:13:00+00:00,651.46,30.67,0.0,682.13,cartao_debito,confirmado,False,,2026-04-27 18:13:00+00:00
1061,3638,699,2026-02-16 14:11:00+00:00,168.12,43.87,0.0,211.99,cartao_debito,enviado,False,,2026-02-16 14:11:00+00:00
1062,3650,1371,2026-02-25 20:45:00+00:00,201.05,40.6,26.77,214.88,cartao_credito,confirmado,True,,2026-02-25 20:45:00+00:00
1063,3659,979,2026-04-25 10:44:00+00:00,226.62,40.47,0.0,267.09,pix,confirmado,False,,2026-04-25 10:44:00+00:00
1064,3660,695,2026-05-22 15:09:00+00:00,768.36,35.16,0.0,803.52,pix,enviado,False,,2026-05-22 15:09:00+00:00
1065,3661,1094,2026-05-28 14:38:00+00:00,72.64,42.39,6.54,108.49,boleto,entregue,True,,2026-05-28 14:38:00+00:00
1066,3665,1145,2026-06-08 10:49:00+00:00,400.58,35.95,0.0,436.53,cartao_debito,enviado,False,,2026-06-08 10:49:00+00:00
1067,3666,847,2026-04-14 15:46:00+00:00,114.7,20.38,0.0,135.08,cartao_debito,entregue,False,,2026-04-14 15:46:00+00:00
1068,3668,349,2026-03-26 02:38:00+00:00,269.92,30.15,0.0,300.07,cartao_debito,enviado,False,,2026-03-26 02:38:00+00:00
1069,3670,418,2026-02-10 13:16:00+00:00,350.81,10.42,0.0,361.23,pix,enviado,False,,2026-02-10 13:16:00+00:00
1070,3671,388,2026-06-01 12:08:00+00:00,208.06,6.49,13.8,200.75,pix,entregue,True,,2026-06-01 12:08:00+00:00
1071,3674,245,2026-05-09 16:36:00+00:00,275.49,27.76,19.37,283.88,pix,entregue,True,,2026-05-09 16:36:00+00:00
1072,3678,394,2026-03-24 13:53:00+00:00,793.27,29.68,0.0,822.95,cartao_credito,entregue,False,,2026-03-24 13:53:00+00:00
1073,3680,488,2026-04-12 23:45:00+00:00,70.68,5.92,0.0,76.6,boleto,entregue,False,,2026-04-12 23:45:00+00:00
1074,3682,146,2026-05-02 19:45:00+00:00,657.26,14.18,0.0,671.44,cartao_credito,enviado,False,,2026-05-02 19:45:00+00:00
1075,3686,1088,2026-03-25 12:26:00+00:00,422.77,15.07,43.53,394.31,boleto,entregue,True,,2026-03-25 12:26:00+00:00
1076,3687,279,2026-03-12 10:48:00+00:00,143.2,42.9,0.0,186.1,cartao_credito,enviado,False,,2026-03-12 10:48:00+00:00
1077,3692,851,2026-06-08 16:57:00+00:00,220.61,41.54,16.69,245.46,cartao_credito,cancelado,True,,2026-06-08 16:57:00+00:00
1078,3693,406,2026-06-05 11:50:00+00:00,764.44,19.92,0.0,784.36,cartao_credito,entregue,False,,2026-06-05 11:50:00+00:00
1079,3694,1235,2026-05-03 19:42:00+00:00,611.52,29.71,0.0,641.23,cartao_credito,entregue,False,,2026-05-03 19:42:00+00:00
1080,3695,565,2026-02-14 15:51:00+00:00,596.77,28.15,0.0,624.92,cartao_credito,entregue,False,,2026-02-14 15:51:00+00:00
1081,3697,836,2026-05-03 21:18:00+00:00,296.54,31.99,0.0,328.53,cartao_credito,enviado,False,,2026-05-03 21:18:00+00:00
1082,3701,907,2026-04-07 16:39:00+00:00,152.54,37.08,21.67,167.95,pix,entregue,True,,2026-04-07 16:39:00+00:00
1083,3706,901,2026-03-16 14:23:00+00:00,759.73,44.35,0.0,804.08,pix,entregue,False,,2026-03-16 14:23:00+00:00
1084,3707,14,2026-05-03 21:06:00+00:00,110.28,39.34,0.0,149.62,cartao_debito,entregue,False,,2026-05-03 21:06:00+00:00
1085,3711,968,2026-04-09 23:34:00+00:00,112.18,42.33,0.0,154.51,cartao_credito,confirmado,False,,2026-04-09 23:34:00+00:00
1086,3712,150,2026-01-13 17:19:00+00:00,41.13,0.0,0.0,41.13,cartao_credito,entregue,False,,2026-01-13 17:19:00+00:00
1087,3713,777,2026-03-28 22:56:00+00:00,427.84,39.32,54.7,412.46,cartao_credito,entregue,True,,2026-03-28 22:56:00+00:00
1088,3715,157,2026-01-03 11:22:00+00:00,126.52,18.61,0.0,145.13,boleto,entregue,False,,2026-01-03 11:22:00+00:00
1089,3716,56,2026-03-20 16:53:00+00:00,351.4,24.65,0.0,376.05,cartao_credito,entregue,False,,2026-03-20 16:53:00+00:00
1090,3718,799,2026-06-07 19:21:00+00:00,216.91,35.73,0.0,252.64,boleto,confirmado,False,,2026-06-07 19:21:00+00:00
1091,3721,109,2026-06-15 16:17:00+00:00,172.59,0.0,0.0,172.59,pix,entregue,False,,2026-06-15 16:17:00+00:00
1092,3723,706,2026-02-16 15:17:00+00:00,337.72,42.2,0.0,379.92,pix,entregue,False,,2026-02-16 15:17:00+00:00
1093,3730,212,2026-04-14 14:18:00+00:00,85.93,20.07,0.0,106.0,boleto,entregue,False,,2026-04-14 14:18:00+00:00
1094,3731,68,2026-02-22 18:03:00+00:00,86.12,44.01,0.0,130.13,pix,entregue,False,,2026-02-22 18:03:00+00:00
1095,3733,259,2026-06-08 02:09:00+00:00,506.22,27.38,0.0,533.6,cartao_credito,entregue,False,,2026-06-08 02:09:00+00:00
1096,3747,1480,2026-06-21 00:19:00+00:00,109.12,35.92,10.52,134.52,cartao_credito,confirmado,True,,2026-06-21 00:19:00+00:00
1097,3750,1495,2026-04-19 16:55:00+00:00,101.75,29.61,0.0,131.36,cartao_credito,confirmado,False,,2026-04-19 16:55:00+00:00
1098,3751,894,2026-04-18 11:51:00+00:00,102.05,13.34,0.0,115.39,pix,entregue,False,,2026-04-18 11:51:00+00:00
1099,3752,877,2026-03-23 03:52:00+00:00,222.04,13.62,0.0,235.66,pix,entregue,False,,2026-03-23 03:52:00+00:00
1100,3757,408,2026-05-02 16:59:00+00:00,67.77,24.34,0.0,92.11,boleto,confirmado,False,,2026-05-02 16:59:00+00:00
1101,3758,425,2026-06-11 17:12:00+00:00,65.13,19.55,0.0,84.68,pix,entregue,False,,2026-06-11 17:12:00+00:00
1102,3760,1284,2026-05-17 11:53:00+00:00,29.52,6.25,0.0,35.77,pix,entregue,False,,2026-05-17 11:53:00+00:00
1103,3761,1074,2026-06-16 16:27:00+00:00,151.58,27.76,0.0,179.34,cartao_credito,entregue,False,,2026-06-16 16:27:00+00:00
1104,3767,1437,2026-04-03 20:00:00+00:00,141.92,30.45,0.0,172.37,cartao_credito,entregue,False,,2026-04-03 20:00:00+00:00
1105,3768,289,2026-04-23 12:56:00+00:00,250.99,14.71,0.0,265.7,boleto,enviado,False,,2026-04-23 12:56:00+00:00
1106,3773,328,2026-02-19 10:08:00+00:00,28.61,27.98,3.51,53.08,cartao_debito,confirmado,True,,2026-02-19 10:08:00+00:00
1107,3775,884,2026-06-06 18:11:00+00:00,164.25,27.33,0.0,191.58,cartao_debito,entregue,False,,2026-06-06 18:11:00+00:00
1108,3783,807,2026-03-05 18:31:00+00:00,151.11,33.66,0.0,184.77,cartao_credito,confirmado,False,,2026-03-05 18:31:00+00:00
1109,3785,965,2026-03-19 18:12:00+00:00,405.49,43.87,0.0,449.36,pix,entregue,False,,2026-03-19 18:12:00+00:00
1110,3786,589,2026-06-21 02:16:00+00:00,38.22,30.06,2.71,65.57,boleto,entregue,True,,2026-06-21 02:16:00+00:00
1111,3788,964,2026-04-20 02:19:00+00:00,107.43,19.38,0.0,126.81,cartao_credito,entregue,False,,2026-04-20 02:19:00+00:00
1112,3794,195,2026-05-28 18:08:00+00:00,766.64,16.26,46.9,736.0,cartao_debito,entregue,True,,2026-05-28 18:08:00+00:00
1113,3797,919,2026-06-16 00:04:00+00:00,461.25,41.56,0.0,502.81,pix,entregue,False,,2026-06-16 00:04:00+00:00
1114,3804,742,2026-04-16 10:41:00+00:00,1192.23,0.0,0.0,1192.23,cartao_credito,enviado,False,,2026-04-16 10:41:00+00:00
1115,3807,1000,2026-03-25 14:34:00+00:00,15.08,34.75,0.0,49.83,cartao_credito,entregue,False,,2026-03-25 14:34:00+00:00
1116,3817,698,2026-05-22 20:14:00+00:00,405.92,23.33,53.41,375.84,pix,confirmado,True,,2026-05-22 20:14:00+00:00
1117,3819,368,2026-06-13 09:49:00+00:00,150.4,16.94,0.0,167.34,pix,entregue,False,,2026-06-13 09:49:00+00:00
1118,3825,450,2026-06-11 13:15:00+00:00,584.77,19.08,87.68,516.17,cartao_credito,entregue,True,,2026-06-11 13:15:00+00:00
1119,3829,990,2026-05-21 13:53:00+00:00,111.89,6.91,0.0,118.8,cartao_credito,enviado,False,,2026-05-21 13:53:00+00:00
1120,3836,1000,2026-02-07 22:01:00+00:00,262.42,42.02,0.0,304.44,cartao_credito,entregue,True,3351,2026-02-07 22:01:00+00:00
1121,3837,1308,2026-01-03 13:07:00+00:00,109.93,13.8,0.0,123.73,boleto,confirmado,False,,2026-01-03 13:07:00+00:00
1122,3845,743,2026-06-06 11:45:00+00:00,585.06,15.55,84.1,516.51,pix,entregue,True,,2026-06-06 11:45:00+00:00
1123,3857,266,2026-02-02 17:40:00+00:00,213.35,30.38,0.0,243.73,cartao_credito,entregue,False,,2026-02-02 17:40:00+00:00
1124,3858,485,2026-05-19 12:54:00+00:00,830.0,32.08,0.0,862.08,boleto,entregue,False,,2026-05-19 12:54:00+00:00
1125,3860,906,2026-06-17 17:23:00+00:00,559.98,8.92,70.31,498.59,pix,enviado,True,,2026-06-17 17:23:00+00:00
1126,3861,659,2026-05-13 21:57:00+00:00,480.45,29.84,0.0,510.29,pix,enviado,False,,2026-05-13 21:57:00+00:00
1127,3867,184,2026-05-26 15:22:00+00:00,658.47,37.36,0.0,695.83,cartao_credito,enviado,False,,2026-05-26 15:22:00+00:00
1128,3870,326,2026-04-11 12:44:00+00:00,327.34,27.22,0.0,354.56,cartao_credito,confirmado,False,,2026-04-11 12:44:00+00:00
1129,3877,436,2026-05-11 23:04:00+00:00,176.18,38.19,0.0,214.37,pix,entregue,False,,2026-05-11 23:04:00+00:00
1130,3878,947,2026-01-21 10:25:00+00:00,112.24,36.64,0.0,148.88,cartao_credito,entregue,False,,2026-01-21 10:25:00+00:00
1131,3879,931,2026-03-17 23:40:00+00:00,779.6,34.58,0.0,814.18,pix,entregue,False,,2026-03-17 23:40:00+00:00
1132,3880,884,2026-06-20 02:38:00+00:00,965.05,38.39,0.0,1003.44,boleto,entregue,False,,2026-06-20 02:38:00+00:00
1133,3883,1456,2026-05-16 12:02:00+00:00,173.6,12.94,0.0,186.54,pix,entregue,False,,2026-05-16 12:02:00+00:00
1134,3884,264,2026-03-08 22:55:00+00:00,33.48,15.1,1.86,46.72,pix,entregue,True,,2026-03-08 22:55:00+00:00
1135,3887,1280,2026-05-06 02:46:00+00:00,190.54,38.27,0.0,228.81,cartao_credito,entregue,False,,2026-05-06 02:46:00+00:00
1136,3890,324,2026-03-12 21:13:00+00:00,188.55,25.7,0.0,214.25,boleto,entregue,False,,2026-03-12 21:13:00+00:00
1137,3898,487,2026-01-24 09:28:00+00:00,592.44,17.35,0.0,609.79,cartao_debito,enviado,False,,2026-01-24 09:28:00+00:00
1138,3906,1447,2026-02-03 09:53:00+00:00,273.83,42.08,18.32,297.59,cartao_credito,confirmado,True,,2026-02-03 09:53:00+00:00
1139,3910,1314,2026-05-19 17:06:00+00:00,139.25,36.81,15.01,161.05,cartao_credito,cancelado,True,,2026-05-19 17:06:00+00:00
1140,3912,847,2026-06-10 19:30:00+00:00,209.58,23.09,0.0,232.67,boleto,entregue,True,3424,2026-06-10 19:30:00+00:00
1141,3913,1449,2026-04-03 10:29:00+00:00,261.78,30.02,20.03,271.77,cartao_credito,enviado,True,,2026-04-03 10:29:00+00:00
1142,3916,479,2026-05-25 14:17:00+00:00,61.21,34.54,0.0,95.75,cartao_debito,enviado,True,3427,2026-05-25 14:17:00+00:00
1143,3917,561,2026-01-14 16:42:00+00:00,476.32,5.72,0.0,482.04,pix,enviado,False,,2026-01-14 16:42:00+00:00
1144,3931,757,2026-04-19 12:05:00+00:00,348.08,11.9,0.0,359.98,cartao_credito,confirmado,False,,2026-04-19 12:05:00+00:00
1145,3934,1253,2026-01-20 03:53:00+00:00,255.62,26.31,0.0,281.93,cartao_credito,entregue,False,,2026-01-20 03:53:00+00:00
1146,3941,669,2026-03-28 02:19:00+00:00,398.41,17.57,0.0,415.98,pix,entregue,False,,2026-03-28 02:19:00+00:00
1147,3944,933,2026-04-18 15:14:00+00:00,322.43,19.3,0.0,341.73,cartao_debito,entregue,False,,2026-04-18 15:14:00+00:00
1148,3947,795,2026-03-07 19:33:00+00:00,432.63,11.37,32.12,411.88,cartao_credito,entregue,True,,2026-03-07 19:33:00+00:00
1149,3948,1309,2026-04-13 10:27:00+00:00,750.22,35.21,0.0,785.43,pix,entregue,False,,2026-04-13 10:27:00+00:00
1150,3952,747,2026-04-06 00:00:00+00:00,342.14,24.19,0.0,366.33,cartao_credito,entregue,False,,2026-04-06 00:00:00+00:00
1151,3953,463,2026-06-21 10:23:00+00:00,258.68,41.5,0.0,300.18,boleto,entregue,False,,2026-06-21 10:23:00+00:00
1152,3954,616,2026-04-11 13:30:00+00:00,429.63,24.36,0.0,453.99,pix,entregue,False,,2026-04-11 13:30:00+00:00
1153,3959,1400,2026-01-20 21:39:00+00:00,731.64,24.15,54.2,701.59,cartao_credito,enviado,True,,2026-01-20 21:39:00+00:00
1154,3960,1416,2026-04-26 22:58:00+00:00,798.94,20.08,74.41,744.61,cartao_credito,entregue,True,,2026-04-26 22:58:00+00:00
1155,3961,1343,2026-06-21 01:01:00+00:00,169.01,27.92,13.99,182.94,pix,entregue,True,,2026-06-21 01:01:00+00:00
1156,3965,304,2026-05-18 02:47:00+00:00,86.11,0.0,0.0,86.11,pix,entregue,False,,2026-05-18 02:47:00+00:00
1157,3969,583,2026-04-05 13:37:00+00:00,482.26,0.0,55.97,426.29,cartao_debito,entregue,True,,2026-04-05 13:37:00+00:00
1158,3976,225,2026-05-13 22:46:00+00:00,193.99,44.23,16.4,221.82,pix,entregue,True,,2026-05-13 22:46:00+00:00
1159,3977,1412,2026-04-24 01:10:00+00:00,371.09,7.14,0.0,378.23,boleto,entregue,False,,2026-04-24 01:10:00+00:00
1160,3978,988,2026-05-09 10:30:00+00:00,918.91,10.81,0.0,929.72,boleto,entregue,False,,2026-05-09 10:30:00+00:00
1161,3980,1487,2026-01-10 12:04:00+00:00,529.98,23.32,0.0,553.3,cartao_credito,cancelado,False,,2026-01-10 12:04:00+00:00
1162,3982,1362,2026-02-15 17:51:00+00:00,189.14,32.2,0.0,221.34,cartao_credito,confirmado,False,,2026-02-15 17:51:00+00:00
1163,3987,914,2026-02-20 11:23:00+00:00,176.06,43.33,17.52,201.87,cartao_credito,entregue,True,,2026-02-20 11:23:00+00:00
1164,3995,1296,2026-03-02 16:00:00+00:00,247.28,15.73,0.0,263.01,pix,entregue,False,,2026-03-02 16:00:00+00:00
1165,4000,276,2026-03-16 19:48:00+00:00,587.14,44.68,0.0,631.82,pix,entregue,False,,2026-03-16 19:48:00+00:00
1166,4002,1104,2026-05-22 15:36:00+00:00,306.64,29.03,0.0,335.67,cartao_credito,enviado,False,,2026-05-22 15:36:00+00:00
1167,4010,586,2026-05-12 11:05:00+00:00,350.61,36.5,0.0,387.11,pix,entregue,False,,2026-05-12 11:05:00+00:00
1168,4013,1283,2026-06-23 23:38:00+00:00,140.14,13.78,0.0,153.92,boleto,entregue,False,,2026-06-23 23:38:00+00:00
1169,4021,409,2026-03-23 23:58:00+00:00,266.83,25.75,0.0,292.58,cartao_credito,entregue,False,,2026-03-23 23:58:00+00:00
1170,4025,1483,2026-04-22 18:29:00+00:00,127.31,33.03,0.0,160.34,pix,entregue,False,,2026-04-22 18:29:00+00:00
1171,4031,132,2026-06-12 19:56:00+00:00,326.56,14.91,0.0,341.47,boleto,entregue,False,,2026-06-12 19:56:00+00:00
1172,4037,1287,2026-05-07 01:01:00+00:00,401.97,39.13,51.29,389.81,cartao_credito,cancelado,True,,2026-05-07 01:01:00+00:00
1173,4040,403,2026-05-11 00:40:00+00:00,251.33,17.04,0.0,268.37,cartao_credito,enviado,False,,2026-05-11 00:40:00+00:00
1174,4041,538,2026-01-12 21:21:00+00:00,741.64,16.64,0.0,758.28,boleto,entregue,False,,2026-01-12 21:21:00+00:00
1175,4042,318,2026-05-24 14:19:00+00:00,482.76,39.99,0.0,522.75,pix,entregue,False,,2026-05-24 14:19:00+00:00
1176,4050,178,2026-06-12 19:54:00+00:00,14.08,30.91,0.0,44.99,cartao_credito,entregue,False,,2026-06-12 19:54:00+00:00
1177,4053,1435,2026-05-22 12:17:00+00:00,214.64,8.22,0.0,222.86,cartao_debito,entregue,False,,2026-05-22 12:17:00+00:00
1178,4054,780,2026-05-19 15:27:00+00:00,161.64,31.16,0.0,192.8,boleto,entregue,False,,2026-05-19 15:27:00+00:00
1179,4058,74,2026-05-16 12:05:00+00:00,391.16,8.79,0.0,399.95,pix,enviado,False,,2026-05-16 12:05:00+00:00
1180,4064,225,2026-01-17 13:32:00+00:00,132.66,6.74,0.0,139.4,cartao_credito,entregue,False,,2026-01-17 13:32:00+00:00
1181,4065,429,2026-03-22 03:00:00+00:00,884.96,27.13,0.0,912.09,pix,entregue,False,,2026-03-22 03:00:00+00:00
1182,4066,157,2026-06-15 19:29:00+00:00,412.45,20.9,0.0,433.35,cartao_credito,entregue,False,,2026-06-15 19:29:00+00:00
1183,4075,345,2026-02-26 20:27:00+00:00,212.38,14.77,0.0,227.15,cartao_debito,entregue,False,,2026-02-26 20:27:00+00:00
1184,4077,1392,2026-06-01 18:35:00+00:00,473.35,11.36,28.67,456.04,cartao_credito,confirmado,True,,2026-06-01 18:35:00+00:00
1185,4083,35,2026-06-05 22:23:00+00:00,941.12,21.4,102.97,859.55,cartao_debito,cancelado,True,,2026-06-05 22:23:00+00:00
1186,4084,920,2026-03-11 18:27:00+00:00,249.49,17.8,0.0,267.29,pix,entregue,False,,2026-03-11 18:27:00+00:00
1187,4090,964,2026-03-20 16:42:00+00:00,184.96,10.39,0.0,195.35,pix,confirmado,False,,2026-03-20 16:42:00+00:00
1188,4091,362,2026-03-02 11:51:00+00:00,358.35,14.27,0.0,372.62,cartao_credito,entregue,False,,2026-03-02 11:51:00+00:00
1189,4093,1136,2026-06-22 12:27:00+00:00,465.17,22.87,0.0,488.04,cartao_credito,entregue,False,,2026-06-22 12:27:00+00:00
1190,4099,59,2026-06-22 12:27:00+00:00,104.21,40.83,0.0,145.04,pix,entregue,False,,2026-06-22 12:27:00+00:00
1191,4100,722,2026-02-23 19:24:00+00:00,52.78,39.48,0.0,92.26,cartao_credito,entregue,False,,2026-02-23 19:24:00+00:00
1192,4105,98,2026-06-20 13:16:00+00:00,258.19,25.57,0.0,283.76,cartao_debito,entregue,False,,2026-06-20 13:16:00+00:00
1193,4108,498,2026-01-06 19:11:00+00:00,417.88,38.72,22.5,434.1,cartao_credito,cancelado,True,,2026-01-06 19:11:00+00:00
1194,4109,20,2026-02-24 23:32:00+00:00,116.9,9.24,0.0,126.14,cartao_credito,entregue,False,,2026-02-24 23:32:00+00:00
1195,4110,61,2026-01-23 11:11:00+00:00,387.96,14.96,0.0,402.92,pix,entregue,False,,2026-01-23 11:11:00+00:00
1196,4111,1026,2026-01-04 21:03:00+00:00,629.65,32.53,87.42,574.76,cartao_credito,entregue,True,,2026-01-04 21:03:00+00:00
1197,4112,84,2026-05-17 02:10:00+00:00,251.1,13.72,0.0,264.82,cartao_credito,entregue,False,,2026-05-17 02:10:00+00:00
1198,4115,510,2026-01-05 23:25:00+00:00,291.27,21.9,0.0,313.17,pix,entregue,False,,2026-01-05 23:25:00+00:00
1199,4123,174,2026-01-14 18:34:00+00:00,851.66,24.28,0.0,875.94,pix,entregue,False,,2026-01-14 18:34:00+00:00
1200,4127,1279,2026-04-04 01:13:00+00:00,157.74,24.35,0.0,182.09,cartao_credito,entregue,False,,2026-04-04 01:13:00+00:00
1201,4130,383,2026-05-14 09:51:00+00:00,152.4,42.2,0.0,194.6,cartao_credito,enviado,False,,2026-05-14 09:51:00+00:00
1202,4134,148,2026-03-26 13:31:00+00:00,59.5,18.11,0.0,77.61,cartao_debito,entregue,False,,2026-03-26 13:31:00+00:00
1203,4136,95,2026-03-09 20:53:00+00:00,143.24,21.49,0.0,164.73,cartao_credito,entregue,False,,2026-03-09 20:53:00+00:00
1204,4139,380,2026-06-02 23:41:00+00:00,258.73,28.29,0.0,287.02,pix,enviado,False,,2026-06-02 23:41:00+00:00
1205,4142,1260,2026-05-22 17:36:00+00:00,213.2,9.17,0.0,222.37,boleto,entregue,False,,2026-05-22 17:36:00+00:00
1206,4148,360,2026-06-15 18:05:00+00:00,277.35,5.25,0.0,282.6,cartao_credito,entregue,False,,2026-06-15 18:05:00+00:00
1207,4152,224,2026-03-18 00:51:00+00:00,187.26,15.9,0.0,203.16,cartao_debito,confirmado,False,,2026-03-18 00:51:00+00:00
1208,4153,953,2026-01-07 14:47:00+00:00,1269.65,18.06,162.01,1125.7,cartao_credito,entregue,True,,2026-01-07 14:47:00+00:00
1209,4155,1289,2026-01-02 18:30:00+00:00,345.12,7.88,0.0,353.0,cartao_credito,entregue,False,,2026-01-02 18:30:00+00:00
1210,4156,1053,2026-06-21 10:26:00+00:00,1040.05,27.7,0.0,1067.75,cartao_credito,entregue,False,,2026-06-21 10:26:00+00:00
1211,4162,1123,2026-03-18 19:02:00+00:00,742.32,24.11,0.0,766.43,pix,enviado,False,,2026-03-18 19:02:00+00:00
1212,4164,661,2026-05-27 11:06:00+00:00,1324.47,13.67,149.64,1188.5,boleto,enviado,True,,2026-05-27 11:06:00+00:00
1213,4167,447,2026-05-15 02:46:00+00:00,163.68,24.22,0.0,187.9,boleto,entregue,False,,2026-05-15 02:46:00+00:00
1214,4171,476,2026-03-09 16:58:00+00:00,122.05,23.06,9.99,135.12,boleto,entregue,True,,2026-03-09 16:58:00+00:00
1215,4175,118,2026-06-10 22:23:00+00:00,600.93,27.98,79.73,549.18,cartao_credito,entregue,True,,2026-06-10 22:23:00+00:00
1216,4177,298,2026-06-02 18:47:00+00:00,183.92,39.15,0.0,223.07,pix,entregue,False,,2026-06-02 18:47:00+00:00
1217,4182,1004,2026-02-18 18:45:00+00:00,624.51,41.07,0.0,665.58,cartao_debito,enviado,False,,2026-02-18 18:45:00+00:00
1218,4183,860,2026-04-26 01:14:00+00:00,170.21,7.4,0.0,177.61,pix,entregue,False,,2026-04-26 01:14:00+00:00
1219,4185,1232,2026-03-22 03:29:00+00:00,435.09,37.56,60.1,412.55,cartao_credito,enviado,True,,2026-03-22 03:29:00+00:00
1220,4189,1235,2026-02-05 23:19:00+00:00,136.54,36.64,8.63,164.55,cartao_credito,entregue,True,,2026-02-05 23:19:00+00:00
1221,4193,1090,2026-06-22 23:48:00+00:00,515.25,31.57,0.0,546.82,cartao_credito,entregue,False,,2026-06-22 23:48:00+00:00
1222,4195,1260,2026-05-19 18:17:00+00:00,215.9,5.22,0.0,221.12,cartao_credito,entregue,False,,2026-05-19 18:17:00+00:00
1223,4196,149,2026-02-28 00:30:00+00:00,22.83,38.76,0.0,61.59,boleto,enviado,False,,2026-02-28 00:30:00+00:00
1224,4198,1488,2026-06-02 09:41:00+00:00,348.64,34.71,0.0,383.35,cartao_credito,entregue,False,,2026-06-02 09:41:00+00:00
1225,4199,429,2026-01-28 13:13:00+00:00,268.43,23.55,0.0,291.98,cartao_credito,entregue,False,,2026-01-28 13:13:00+00:00
1226,4200,1001,2026-02-12 14:46:00+00:00,56.12,27.15,7.85,75.42,cartao_credito,entregue,True,,2026-02-12 14:46:00+00:00
1227,4201,400,2026-06-19 00:32:00+00:00,690.23,16.37,0.0,706.6,cartao_credito,entregue,False,,2026-06-19 00:32:00+00:00
1228,4202,1119,2026-03-24 18:47:00+00:00,872.6,36.69,0.0,909.29,cartao_credito,entregue,False,,2026-03-24 18:47:00+00:00
1229,4206,684,2026-01-23 02:01:00+00:00,633.3,19.07,0.0,652.37,cartao_credito,confirmado,False,,2026-01-23 02:01:00+00:00
1230,4207,373,2026-04-11 12:05:00+00:00,505.36,9.33,0.0,514.69,cartao_credito,confirmado,False,,2026-04-11 12:05:00+00:00
1231,4210,845,2026-01-07 02:32:00+00:00,519.76,33.24,0.0,553.0,pix,entregue,False,,2026-01-07 02:32:00+00:00
1232,4211,1415,2026-01-02 20:05:00+00:00,225.42,13.2,0.0,238.62,boleto,entregue,True,3682,2026-01-02 20:05:00+00:00
1233,4212,395,2026-06-22 19:36:00+00:00,716.8,19.07,0.0,735.87,boleto,enviado,False,,2026-06-22 19:36:00+00:00
1234,4216,309,2026-04-12 15:32:00+00:00,532.55,33.1,0.0,565.65,pix,entregue,False,,2026-04-12 15:32:00+00:00
1235,4218,1323,2026-03-11 23:18:00+00:00,10.57,22.77,1.01,32.33,pix,entregue,True,,2026-03-11 23:18:00+00:00
1236,4219,965,2026-02-03 14:37:00+00:00,162.3,13.87,0.0,176.17,cartao_credito,enviado,False,,2026-02-03 14:37:00+00:00
1237,4224,140,2026-05-22 11:12:00+00:00,124.24,8.68,0.0,132.92,cartao_credito,enviado,False,,2026-05-22 11:12:00+00:00
1238,4230,226,2026-05-28 03:21:00+00:00,745.16,25.93,0.0,771.09,cartao_debito,confirmado,False,,2026-05-28 03:21:00+00:00
1239,4235,455,2026-01-08 18:43:00+00:00,808.18,43.46,0.0,851.64,pix,entregue,False,,2026-01-08 18:43:00+00:00
1240,4239,1058,2026-02-24 21:16:00+00:00,165.49,0.0,0.0,165.49,cartao_credito,entregue,True,3701,2026-02-24 21:16:00+00:00
1241,4242,499,2026-06-26 02:48:00+00:00,685.44,24.92,0.0,710.36,boleto,entregue,False,,2026-06-26 02:48:00+00:00
1242,4246,680,2026-04-01 17:04:00+00:00,605.13,30.54,0.0,635.67,cartao_credito,enviado,False,,2026-04-01 17:04:00+00:00
1243,4249,100,2026-03-09 11:38:00+00:00,898.46,13.86,0.0,912.32,boleto,enviado,False,,2026-03-09 11:38:00+00:00
1244,4250,21,2026-02-22 20:26:00+00:00,182.32,10.9,0.0,193.22,boleto,confirmado,False,,2026-02-22 20:26:00+00:00
1245,4255,814,2026-06-22 03:17:00+00:00,484.03,14.35,0.0,498.38,pix,entregue,False,,2026-06-22 03:17:00+00:00
1246,4256,512,2026-02-13 00:35:00+00:00,54.73,19.38,0.0,74.11,cartao_credito,entregue,False,,2026-02-13 00:35:00+00:00
1247,4258,691,2026-01-08 21:44:00+00:00,356.23,37.04,31.06,362.21,cartao_credito,enviado,True,,2026-01-08 21:44:00+00:00
1248,4259,368,2026-06-12 17:03:00+00:00,139.56,30.69,0.0,170.25,boleto,entregue,False,,2026-06-12 17:03:00+00:00
1249,4260,129,2026-03-15 00:29:00+00:00,770.69,20.95,0.0,791.64,cartao_credito,cancelado,False,,2026-03-15 00:29:00+00:00
1250,4262,713,2026-05-04 01:57:00+00:00,297.53,38.06,0.0,335.59,pix,enviado,False,,2026-05-04 01:57:00+00:00
1251,4265,3,2026-01-17 00:10:00+00:00,144.89,6.11,0.0,151.0,boleto,entregue,False,,2026-01-17 00:10:00+00:00
1252,4272,777,2026-05-23 00:57:00+00:00,259.09,44.08,0.0,303.17,pix,enviado,False,,2026-05-23 00:57:00+00:00
1253,4275,1423,2026-06-02 15:34:00+00:00,457.11,10.52,30.68,436.95,cartao_credito,entregue,True,,2026-06-02 15:34:00+00:00
1254,4278,1228,2026-02-05 10:48:00+00:00,900.48,7.34,0.0,907.82,boleto,entregue,False,,2026-02-05 10:48:00+00:00
1255,4280,1344,2026-05-04 22:20:00+00:00,85.91,28.22,10.79,103.34,boleto,confirmado,True,,2026-05-04 22:20:00+00:00
1256,4281,1053,2026-02-11 18:29:00+00:00,186.78,40.4,0.0,227.18,boleto,entregue,False,,2026-02-11 18:29:00+00:00
1257,4284,56,2026-05-09 13:19:00+00:00,136.47,36.38,16.62,156.23,pix,enviado,True,,2026-05-09 13:19:00+00:00
1258,4286,558,2026-02-25 15:27:00+00:00,215.48,12.02,0.0,227.5,boleto,entregue,False,,2026-02-25 15:27:00+00:00
1259,4287,221,2026-04-03 16:06:00+00:00,472.45,38.16,0.0,510.61,pix,entregue,False,,2026-04-03 16:06:00+00:00
1260,4291,32,2026-04-03 16:00:00+00:00,849.71,20.95,0.0,870.66,cartao_credito,entregue,False,,2026-04-03 16:00:00+00:00
1261,4292,192,2026-02-25 01:05:00+00:00,258.29,6.77,0.0,265.06,cartao_debito,confirmado,False,,2026-02-25 01:05:00+00:00
1262,4293,93,2026-02-05 00:29:00+00:00,143.36,8.74,20.22,131.88,pix,entregue,True,,2026-02-05 00:29:00+00:00
1263,4294,395,2026-06-20 03:49:00+00:00,92.64,21.57,0.0,114.21,cartao_credito,entregue,False,,2026-06-20 03:49:00+00:00
1264,4296,67,2026-03-10 12:59:00+00:00,64.7,44.28,0.0,108.98,cartao_credito,entregue,False,,2026-03-10 12:59:00+00:00
1265,4303,458,2026-03-25 11:25:00+00:00,44.38,20.35,0.0,64.73,cartao_credito,entregue,False,,2026-03-25 11:25:00+00:00
1266,4304,846,2026-05-16 19:41:00+00:00,260.22,31.82,0.0,292.04,boleto,entregue,False,,2026-05-16 19:41:00+00:00
1267,4305,1209,2026-06-11 17:54:00+00:00,135.22,32.16,0.0,167.38,boleto,enviado,False,,2026-06-11 17:54:00+00:00
1268,4308,1224,2026-01-11 21:14:00+00:00,219.19,21.31,0.0,240.5,cartao_credito,entregue,False,,2026-01-11 21:14:00+00:00
1269,4309,291,2026-01-20 10:38:00+00:00,133.96,0.0,7.97,125.99,boleto,entregue,True,,2026-01-20 10:38:00+00:00
1270,4310,56,2026-02-10 13:46:00+00:00,275.79,23.69,26.87,272.61,pix,enviado,True,,2026-02-10 13:46:00+00:00
1271,4313,965,2026-03-25 12:22:00+00:00,1235.42,35.12,0.0,1270.54,boleto,entregue,False,,2026-03-25 12:22:00+00:00
1272,4319,913,2026-01-22 12:45:00+00:00,305.6,34.51,0.0,340.11,cartao_credito,entregue,False,,2026-01-22 12:45:00+00:00
1273,4322,1433,2026-06-24 23:44:00+00:00,21.3,32.79,2.59,51.5,cartao_credito,entregue,True,,2026-06-24 23:44:00+00:00
1274,4324,176,2026-04-18 19:26:00+00:00,276.91,8.72,24.12,261.51,pix,entregue,True,,2026-04-18 19:26:00+00:00
1275,4326,836,2026-05-09 02:46:00+00:00,270.75,33.66,0.0,304.41,pix,entregue,False,,2026-05-09 02:46:00+00:00
1276,4333,962,2026-03-11 14:48:00+00:00,625.54,12.0,0.0,637.54,boleto,cancelado,False,,2026-03-11 14:48:00+00:00
1277,4337,852,2026-03-05 19:19:00+00:00,440.77,24.32,0.0,465.09,cartao_credito,enviado,False,,2026-03-05 19:19:00+00:00
1278,4345,1399,2026-03-04 15:21:00+00:00,341.14,19.89,0.0,361.03,boleto,enviado,False,,2026-03-04 15:21:00+00:00
1279,4346,571,2026-01-24 01:35:00+00:00,63.89,33.81,0.0,97.7,pix,entregue,False,,2026-01-24 01:35:00+00:00
1280,4354,1176,2026-04-24 14:42:00+00:00,643.94,35.55,0.0,679.49,cartao_credito,entregue,False,,2026-04-24 14:42:00+00:00
1281,4359,634,2026-05-14 10:22:00+00:00,674.72,14.23,68.99,619.96,pix,entregue,True,,2026-05-14 10:22:00+00:00
1282,4361,349,2026-06-08 16:15:00+00:00,100.33,9.75,0.0,110.08,pix,entregue,False,,2026-06-08 16:15:00+00:00
1283,4366,994,2026-02-12 14:59:00+00:00,22.7,9.56,0.0,32.26,cartao_credito,confirmado,False,,2026-02-12 14:59:00+00:00
1284,4370,1008,2026-04-02 17:06:00+00:00,492.96,37.75,0.0,530.71,cartao_credito,confirmado,False,,2026-04-02 17:06:00+00:00
1285,4378,196,2026-06-06 15:39:00+00:00,54.95,43.15,4.95,93.15,pix,entregue,True,,2026-06-06 15:39:00+00:00
1286,4380,790,2026-02-15 16:22:00+00:00,223.4,37.01,0.0,260.41,cartao_credito,entregue,False,,2026-02-15 16:22:00+00:00
1287,4382,824,2026-03-08 20:58:00+00:00,260.5,16.34,17.18,259.66,cartao_credito,cancelado,True,,2026-03-08 20:58:00+00:00
1288,4390,992,2026-05-29 13:31:00+00:00,79.49,13.72,0.0,93.21,cartao_debito,entregue,True,3843,2026-05-29 13:31:00+00:00
1289,4391,422,2026-06-05 09:40:00+00:00,246.38,8.86,18.25,236.99,boleto,entregue,True,,2026-06-05 09:40:00+00:00
1290,4401,1046,2026-03-04 20:25:00+00:00,471.46,34.94,0.0,506.4,pix,entregue,False,,2026-03-04 20:25:00+00:00
1291,4403,656,2026-06-02 11:01:00+00:00,196.05,41.48,13.54,223.99,boleto,entregue,True,,2026-06-02 11:01:00+00:00
1292,4404,787,2026-03-14 18:27:00+00:00,277.92,32.66,0.0,310.58,pix,confirmado,False,,2026-03-14 18:27:00+00:00
1293,4405,1406,2026-03-28 20:51:00+00:00,229.69,23.43,0.0,253.12,cartao_credito,confirmado,False,,2026-03-28 20:51:00+00:00
1294,4408,1390,2026-03-17 22:03:00+00:00,688.71,38.6,0.0,727.31,cartao_credito,confirmado,False,,2026-03-17 22:03:00+00:00
1295,4415,814,2026-04-17 15:29:00+00:00,137.59,22.29,0.0,159.88,cartao_credito,entregue,False,,2026-04-17 15:29:00+00:00
1296,4419,859,2026-01-28 12:15:00+00:00,1079.89,18.91,0.0,1098.8,pix,entregue,False,,2026-01-28 12:15:00+00:00
1297,4427,122,2026-04-23 20:47:00+00:00,983.03,12.69,0.0,995.72,cartao_debito,entregue,False,,2026-04-23 20:47:00+00:00
1298,4430,1003,2026-03-10 11:00:00+00:00,74.86,23.83,0.0,98.69,cartao_credito,entregue,False,,2026-03-10 11:00:00+00:00
1299,4432,410,2026-01-08 16:12:00+00:00,430.23,27.05,0.0,457.28,boleto,entregue,False,,2026-01-08 16:12:00+00:00
1300,4433,630,2026-06-21 16:41:00+00:00,444.97,34.5,30.98,448.49,pix,entregue,True,,2026-06-21 16:41:00+00:00
1301,4434,119,2026-01-10 22:33:00+00:00,984.45,32.05,0.0,1016.5,pix,enviado,False,,2026-01-10 22:33:00+00:00
1302,4435,663,2026-05-10 20:43:00+00:00,697.44,37.9,0.0,735.34,cartao_debito,entregue,True,3880,2026-05-10 20:43:00+00:00
1303,4436,974,2026-05-19 11:37:00+00:00,119.15,44.35,0.0,163.5,pix,entregue,False,,2026-05-19 11:37:00+00:00
1304,4441,154,2026-03-04 19:20:00+00:00,634.16,19.71,0.0,653.87,cartao_credito,entregue,False,,2026-03-04 19:20:00+00:00
1305,4443,825,2026-05-09 13:37:00+00:00,409.24,34.28,35.33,408.19,pix,entregue,True,,2026-05-09 13:37:00+00:00
1306,4444,1086,2026-04-26 13:13:00+00:00,753.16,23.56,69.98,706.74,cartao_credito,entregue,True,,2026-04-26 13:13:00+00:00
1307,4445,191,2026-01-11 22:37:00+00:00,84.53,32.99,0.0,117.52,cartao_credito,entregue,False,,2026-01-11 22:37:00+00:00
1308,4446,440,2026-03-22 15:28:00+00:00,509.68,21.62,0.0,531.3,pix,entregue,False,,2026-03-22 15:28:00+00:00
1309,4447,381,2026-03-01 23:04:00+00:00,45.56,42.06,0.0,87.62,cartao_credito,entregue,False,,2026-03-01 23:04:00+00:00
1310,4450,61,2026-04-26 22:59:00+00:00,76.57,15.91,0.0,92.48,cartao_credito,enviado,False,,2026-04-26 22:59:00+00:00
1311,4451,1200,2026-06-23 18:34:00+00:00,354.24,44.22,0.0,398.46,cartao_credito,entregue,False,,2026-06-23 18:34:00+00:00
1312,4454,543,2026-04-12 22:36:00+00:00,466.01,44.66,0.0,510.67,pix,entregue,False,,2026-04-12 22:36:00+00:00
1313,4463,283,2026-02-06 20:35:00+00:00,502.93,31.69,0.0,534.62,pix,entregue,False,,2026-02-06 20:35:00+00:00
1314,4471,243,2026-02-26 19:02:00+00:00,124.63,43.18,0.0,167.81,pix,entregue,False,,2026-02-26 19:02:00+00:00
1315,4474,1198,2026-01-15 16:57:00+00:00,721.51,44.06,55.01,710.56,boleto,entregue,True,,2026-01-15 16:57:00+00:00
1316,4476,557,2026-03-12 08:47:00+00:00,47.02,0.0,0.0,47.02,cartao_credito,enviado,True,3915,2026-03-12 08:47:00+00:00
1317,4482,1435,2026-04-06 02:19:00+00:00,823.72,25.01,0.0,848.73,boleto,entregue,False,,2026-04-06 02:19:00+00:00
1318,4484,1196,2026-01-07 13:02:00+00:00,485.49,29.72,0.0,515.21,cartao_credito,cancelado,False,,2026-01-07 13:02:00+00:00
1319,4490,484,2026-01-06 20:30:00+00:00,239.75,17.49,0.0,257.24,boleto,entregue,False,,2026-01-06 20:30:00+00:00
1320,4491,1411,2026-03-01 17:51:00+00:00,550.59,28.28,34.74,544.13,boleto,entregue,True,,2026-03-01 17:51:00+00:00
1321,4492,933,2026-05-26 20:27:00+00:00,207.57,16.11,0.0,223.68,cartao_credito,entregue,False,,2026-05-26 20:27:00+00:00
1322,4497,232,2026-02-10 01:47:00+00:00,289.39,44.44,0.0,333.83,pix,entregue,False,,2026-02-10 01:47:00+00:00
1323,4498,1103,2026-02-16 04:09:00+00:00,985.99,18.4,0.0,1004.39,cartao_credito,enviado,False,,2026-02-16 04:09:00+00:00
1324,4499,223,2026-05-24 22:03:00+00:00,681.13,37.98,0.0,719.11,cartao_credito,enviado,False,,2026-05-24 22:03:00+00:00
1325,4500,605,2026-05-22 16:56:00+00:00,63.05,26.91,0.0,89.96,boleto,confirmado,False,,2026-05-22 16:56:00+00:00
1326,4501,635,2026-02-13 14:39:00+00:00,627.07,39.05,0.0,666.12,pix,entregue,False,,2026-02-13 14:39:00+00:00
1327,4507,616,2026-04-12 01:24:00+00:00,244.72,20.35,26.98,238.09,cartao_debito,entregue,True,,2026-04-12 01:24:00+00:00
1328,4514,433,2026-04-09 19:50:00+00:00,341.55,0.0,0.0,341.55,cartao_credito,enviado,False,,2026-04-09 19:50:00+00:00
1329,4515,303,2026-02-12 10:30:00+00:00,1066.31,7.46,144.04,929.73,cartao_credito,entregue,True,,2026-02-12 10:30:00+00:00
1330,4516,580,2026-06-27 15:55:00+00:00,730.56,9.71,107.06,633.21,cartao_credito,enviado,True,,2026-06-27 15:55:00+00:00
1331,4520,1157,2026-05-16 21:50:00+00:00,205.85,16.86,0.0,222.71,pix,enviado,False,,2026-05-16 21:50:00+00:00
1332,4523,599,2026-04-18 14:19:00+00:00,87.11,21.79,0.0,108.9,pix,enviado,False,,2026-04-18 14:19:00+00:00
1333,4526,167,2026-05-05 11:18:00+00:00,543.31,28.33,0.0,571.64,pix,cancelado,False,,2026-05-05 11:18:00+00:00
1334,4529,502,2026-01-19 09:31:00+00:00,608.87,5.49,0.0,614.36,cartao_credito,enviado,False,,2026-01-19 09:31:00+00:00
1335,4534,1433,2026-05-14 21:12:00+00:00,155.63,13.52,0.0,169.15,pix,entregue,False,,2026-05-14 21:12:00+00:00
1336,4540,1427,2026-06-25 09:27:00+00:00,715.8,38.44,0.0,754.24,cartao_credito,entregue,False,,2026-06-25 09:27:00+00:00
1337,4542,838,2026-05-14 16:45:00+00:00,295.83,40.94,0.0,336.77,cartao_debito,confirmado,False,,2026-05-14 16:45:00+00:00
1338,4547,766,2026-06-19 11:30:00+00:00,1049.01,37.27,103.63,982.65,pix,confirmado,True,,2026-06-19 11:30:00+00:00
1339,4550,1071,2026-02-16 11:18:00+00:00,677.36,23.48,0.0,700.84,cartao_credito,entregue,False,,2026-02-16 11:18:00+00:00
1340,4551,569,2026-04-12 18:52:00+00:00,231.17,18.89,0.0,250.06,cartao_credito,entregue,False,,2026-04-12 18:52:00+00:00
1341,4553,136,2026-05-17 12:23:00+00:00,159.18,39.13,0.0,198.31,pix,entregue,False,,2026-05-17 12:23:00+00:00
1342,4556,373,2026-05-15 13:45:00+00:00,375.32,22.25,0.0,397.57,pix,entregue,False,,2026-05-15 13:45:00+00:00
1343,4562,550,2026-02-13 18:13:00+00:00,381.43,18.54,0.0,399.97,cartao_credito,enviado,False,,2026-02-13 18:13:00+00:00
1344,4563,913,2026-01-22 23:36:00+00:00,473.34,15.4,0.0,488.74,cartao_credito,cancelado,False,,2026-01-22 23:36:00+00:00
1345,4568,669,2026-02-20 12:06:00+00:00,106.87,42.67,0.0,149.54,cartao_credito,entregue,False,,2026-02-20 12:06:00+00:00
1346,4569,1285,2026-04-04 01:50:00+00:00,170.84,0.0,13.64,157.2,cartao_credito,entregue,True,,2026-04-04 01:50:00+00:00
1347,4570,230,2026-01-07 16:18:00+00:00,649.73,21.52,0.0,671.25,cartao_credito,confirmado,False,,2026-01-07 16:18:00+00:00
1348,4577,1237,2026-05-08 02:36:00+00:00,1135.88,0.0,146.09,989.79,cartao_credito,entregue,True,,2026-05-08 02:36:00+00:00
1349,4580,516,2026-04-17 02:25:00+00:00,45.44,16.63,0.0,62.07,cartao_credito,entregue,False,,2026-04-17 02:25:00+00:00
1350,4581,140,2026-06-21 19:01:00+00:00,304.86,14.38,0.0,319.24,cartao_credito,entregue,False,,2026-06-21 19:01:00+00:00
1351,4585,1261,2026-04-23 22:45:00+00:00,129.46,27.96,0.0,157.42,pix,confirmado,False,,2026-04-23 22:45:00+00:00
1352,4587,162,2026-06-06 20:02:00+00:00,335.53,35.75,0.0,371.28,cartao_credito,enviado,False,,2026-06-06 20:02:00+00:00
1353,4589,355,2026-05-29 03:00:00+00:00,271.53,14.24,0.0,285.77,boleto,entregue,False,,2026-05-29 03:00:00+00:00
1354,4593,361,2026-06-23 15:18:00+00:00,137.55,41.92,0.0,179.47,pix,cancelado,False,,2026-06-23 15:18:00+00:00
1355,4594,1359,2026-04-20 20:03:00+00:00,482.35,13.45,29.15,466.65,pix,entregue,True,,2026-04-20 20:03:00+00:00
1356,4595,1335,2026-02-22 19:18:00+00:00,488.58,28.19,0.0,516.77,pix,entregue,False,,2026-02-22 19:18:00+00:00
1357,4599,77,2026-05-21 19:40:00+00:00,822.36,44.62,0.0,866.98,cartao_credito,entregue,False,,2026-05-21 19:40:00+00:00
1358,4600,419,2026-01-06 23:54:00+00:00,103.93,31.92,0.0,135.85,pix,entregue,False,,2026-01-06 23:54:00+00:00
1359,4604,1418,2026-05-07 12:09:00+00:00,323.34,31.21,0.0,354.55,cartao_credito,entregue,False,,2026-05-07 12:09:00+00:00
1360,4605,1,2026-02-13 23:25:00+00:00,418.75,11.66,0.0,430.41,cartao_debito,enviado,False,,2026-02-13 23:25:00+00:00
1361,4612,73,2026-04-14 14:52:00+00:00,64.54,30.26,0.0,94.8,pix,entregue,False,,2026-04-14 14:52:00+00:00
1362,4616,665,2026-04-08 10:43:00+00:00,221.57,0.0,18.87,202.7,cartao_credito,enviado,True,,2026-04-08 10:43:00+00:00
1363,4621,971,2026-04-23 03:55:00+00:00,458.23,7.12,0.0,465.35,cartao_credito,entregue,False,,2026-04-23 03:55:00+00:00
1364,4624,701,2026-06-16 19:43:00+00:00,865.94,20.47,0.0,886.41,boleto,entregue,False,,2026-06-16 19:43:00+00:00
1365,4626,488,2026-04-05 20:08:00+00:00,317.76,9.8,0.0,327.56,pix,cancelado,False,,2026-04-05 20:08:00+00:00
1366,4629,1266,2026-01-28 17:49:00+00:00,90.29,8.24,0.0,98.53,cartao_credito,entregue,False,,2026-01-28 17:49:00+00:00
1367,4635,607,2026-02-16 01:16:00+00:00,48.9,0.0,0.0,48.9,cartao_credito,entregue,False,,2026-02-16 01:16:00+00:00
1368,4638,154,2026-01-15 15:26:00+00:00,177.17,21.95,10.51,188.61,cartao_credito,entregue,True,,2026-01-15 15:26:00+00:00
1369,4639,647,2026-01-14 01:57:00+00:00,499.68,42.52,0.0,542.2,pix,entregue,False,,2026-01-14 01:57:00+00:00
1370,4640,920,2026-04-04 23:34:00+00:00,92.58,25.32,0.0,117.9,cartao_credito,entregue,False,,2026-04-04 23:34:00+00:00
1371,4643,24,2026-02-09 22:26:00+00:00,523.87,38.26,70.99,491.14,pix,enviado,True,,2026-02-09 22:26:00+00:00
1372,4648,492,2026-05-25 21:30:00+00:00,109.67,41.42,0.0,151.09,pix,entregue,False,,2026-05-25 21:30:00+00:00
1373,4650,1176,2026-05-15 18:58:00+00:00,763.28,11.82,0.0,775.1,cartao_debito,entregue,False,,2026-05-15 18:58:00+00:00
1374,4651,1412,2026-05-17 12:19:00+00:00,970.72,0.0,0.0,970.72,cartao_credito,entregue,False,,2026-05-17 12:19:00+00:00
1375,4658,1451,2026-05-02 22:02:00+00:00,96.72,23.22,13.8,106.14,pix,entregue,True,,2026-05-02 22:02:00+00:00
1376,4659,1254,2026-02-24 12:32:00+00:00,602.96,21.58,0.0,624.54,cartao_credito,entregue,False,,2026-02-24 12:32:00+00:00
1377,4663,822,2026-02-15 14:04:00+00:00,371.92,34.81,0.0,406.73,cartao_credito,entregue,False,,2026-02-15 14:04:00+00:00
1378,4664,1271,2026-03-12 23:36:00+00:00,255.38,24.31,0.0,279.69,pix,entregue,False,,2026-03-12 23:36:00+00:00
1379,4665,1284,2026-02-18 16:23:00+00:00,131.13,30.13,0.0,161.26,pix,enviado,False,,2026-02-18 16:23:00+00:00
1380,4675,190,2026-04-08 13:24:00+00:00,150.51,32.51,18.15,164.87,cartao_debito,entregue,True,,2026-04-08 13:24:00+00:00
1381,4676,763,2026-04-09 03:37:00+00:00,400.57,11.43,0.0,412.0,pix,cancelado,False,,2026-04-09 03:37:00+00:00
1382,4677,414,2026-06-11 13:48:00+00:00,266.21,37.62,22.0,281.83,cartao_credito,entregue,True,,2026-06-11 13:48:00+00:00
1383,4678,4,2026-06-22 14:00:00+00:00,142.29,30.56,0.0,172.85,cartao_credito,entregue,False,,2026-06-22 14:00:00+00:00
1384,4680,1277,2026-06-21 19:14:00+00:00,659.52,37.43,0.0,696.95,cartao_credito,confirmado,False,,2026-06-21 19:14:00+00:00
1385,4683,232,2026-06-13 19:30:00+00:00,146.34,24.94,21.38,149.9,pix,entregue,True,,2026-06-13 19:30:00+00:00
1386,4691,662,2026-01-28 12:06:00+00:00,191.23,44.21,0.0,235.44,cartao_credito,enviado,False,,2026-01-28 12:06:00+00:00
1387,4693,1059,2026-02-25 18:05:00+00:00,86.64,29.64,9.54,106.74,cartao_credito,enviado,True,,2026-02-25 18:05:00+00:00
1388,4698,683,2026-03-17 21:44:00+00:00,535.98,9.19,0.0,545.17,pix,enviado,False,,2026-03-17 21:44:00+00:00
1389,4706,453,2026-05-17 03:32:00+00:00,561.0,22.17,33.57,549.6,pix,entregue,True,,2026-05-17 03:32:00+00:00
1390,4709,1302,2026-06-15 22:44:00+00:00,73.54,9.06,0.0,82.6,cartao_credito,entregue,False,,2026-06-15 22:44:00+00:00
1391,4713,975,2026-05-26 23:12:00+00:00,243.04,11.79,0.0,254.83,pix,enviado,False,,2026-05-26 23:12:00+00:00
1392,4717,1419,2026-04-01 13:23:00+00:00,1021.06,7.67,0.0,1028.73,cartao_credito,enviado,False,,2026-04-01 13:23:00+00:00
1393,4718,596,2026-06-24 02:09:00+00:00,265.01,17.53,0.0,282.54,pix,entregue,False,,2026-06-24 02:09:00+00:00
1394,4721,4,2026-05-17 16:41:00+00:00,170.75,0.0,0.0,170.75,cartao_credito,entregue,False,,2026-05-17 16:41:00+00:00
1395,4722,810,2026-03-12 18:41:00+00:00,84.48,36.6,0.0,121.08,pix,confirmado,False,,2026-03-12 18:41:00+00:00
1396,4724,348,2026-05-12 00:27:00+00:00,211.28,20.91,0.0,232.19,cartao_credito,entregue,False,,2026-05-12 00:27:00+00:00
1397,4725,695,2026-05-09 22:47:00+00:00,374.63,31.7,0.0,406.33,pix,entregue,False,,2026-05-09 22:47:00+00:00
1398,4736,1245,2026-05-26 15:41:00+00:00,38.7,10.73,0.0,49.43,pix,enviado,False,,2026-05-26 15:41:00+00:00
1399,4737,343,2026-03-20 14:49:00+00:00,645.16,22.7,0.0,667.86,cartao_debito,entregue,False,,2026-03-20 14:49:00+00:00
1400,4738,1299,2026-02-10 02:43:00+00:00,198.6,36.08,0.0,234.68,cartao_credito,entregue,False,,2026-02-10 02:43:00+00:00
1401,4742,543,2026-01-03 17:56:00+00:00,146.56,15.23,0.0,161.79,boleto,enviado,False,,2026-01-03 17:56:00+00:00
1402,4744,413,2026-04-09 14:08:00+00:00,1004.97,27.86,0.0,1032.83,boleto,entregue,False,,2026-04-09 14:08:00+00:00
1403,4754,1425,2026-01-06 10:40:00+00:00,153.41,8.96,0.0,162.37,pix,enviado,False,,2026-01-06 10:40:00+00:00
1404,4756,1015,2026-05-15 23:02:00+00:00,194.6,13.07,0.0,207.67,cartao_debito,confirmado,False,,2026-05-15 23:02:00+00:00
1405,4762,517,2026-03-09 15:39:00+00:00,256.85,0.0,0.0,256.85,pix,entregue,False,,2026-03-09 15:39:00+00:00
1406,4763,506,2026-06-04 18:52:00+00:00,157.2,32.59,17.01,172.78,boleto,cancelado,True,,2026-06-04 18:52:00+00:00
1407,4764,1246,2026-06-21 17:25:00+00:00,680.9,37.69,0.0,718.59,cartao_credito,entregue,False,,2026-06-21 17:25:00+00:00
1408,4766,51,2026-04-08 02:22:00+00:00,710.62,22.89,0.0,733.51,cartao_credito,enviado,False,,2026-04-08 02:22:00+00:00
1409,4769,474,2026-04-28 19:41:00+00:00,1149.76,23.23,0.0,1172.99,cartao_credito,entregue,False,,2026-04-28 19:41:00+00:00
1410,4770,157,2026-03-19 20:57:00+00:00,394.18,8.89,0.0,403.07,boleto,entregue,False,,2026-03-19 20:57:00+00:00
1411,4772,127,2026-03-02 14:34:00+00:00,486.0,0.0,62.16,423.84,cartao_credito,entregue,True,,2026-03-02 14:34:00+00:00
1412,4774,650,2026-06-11 14:09:00+00:00,91.74,9.16,0.0,100.9,cartao_credito,enviado,False,,2026-06-11 14:09:00+00:00
1413,4776,1148,2026-01-07 21:59:00+00:00,179.24,9.69,0.0,188.93,boleto,entregue,False,,2026-01-07 21:59:00+00:00
1414,4778,153,2026-02-09 03:07:00+00:00,208.8,44.35,0.0,253.15,cartao_credito,entregue,False,,2026-02-09 03:07:00+00:00
1415,4792,715,2026-01-12 16:36:00+00:00,307.0,32.11,0.0,339.11,pix,enviado,False,,2026-01-12 16:36:00+00:00
1416,4794,1444,2026-05-15 20:38:00+00:00,551.53,28.82,0.0,580.35,pix,cancelado,False,,2026-05-15 20:38:00+00:00
1417,4795,1360,2026-03-29 05:31:00+00:00,263.78,27.94,0.0,291.72,pix,entregue,True,4186,2026-03-29 05:31:00+00:00
1418,4796,1345,2026-05-14 17:43:00+00:00,707.48,14.42,99.84,622.06,cartao_credito,confirmado,True,,2026-05-14 17:43:00+00:00
1419,4799,488,2026-02-16 01:50:00+00:00,235.44,28.98,0.0,264.42,cartao_credito,enviado,False,,2026-02-16 01:50:00+00:00
1420,4802,841,2026-02-04 21:41:00+00:00,424.25,44.43,27.24,441.44,boleto,entregue,True,,2026-02-04 21:41:00+00:00
1421,4807,134,2026-02-05 02:49:00+00:00,485.06,44.53,0.0,529.59,pix,enviado,False,,2026-02-05 02:49:00+00:00
1422,4808,1453,2026-04-11 17:22:00+00:00,196.88,18.94,0.0,215.82,boleto,confirmado,False,,2026-04-11 17:22:00+00:00
1423,4813,1299,2026-02-28 19:10:00+00:00,783.42,15.92,0.0,799.34,cartao_credito,entregue,True,4208,2026-02-28 19:10:00+00:00
1424,4819,1438,2026-03-13 00:55:00+00:00,423.47,33.2,0.0,456.67,cartao_debito,entregue,False,,2026-03-13 00:55:00+00:00
1425,4826,278,2026-05-17 20:51:00+00:00,517.41,41.66,0.0,559.07,cartao_credito,enviado,False,,2026-05-17 20:51:00+00:00
1426,4833,1053,2026-03-11 21:08:00+00:00,326.22,44.91,0.0,371.13,cartao_credito,entregue,False,,2026-03-11 21:08:00+00:00
1427,4834,41,2026-01-13 16:13:00+00:00,46.26,20.91,2.41,64.76,boleto,entregue,True,,2026-01-13 16:13:00+00:00
1428,4844,1164,2026-05-13 21:23:00+00:00,764.22,38.05,0.0,802.27,cartao_debito,entregue,False,,2026-05-13 21:23:00+00:00
1429,4847,41,2026-06-28 03:52:00+00:00,80.98,11.76,0.0,92.74,pix,confirmado,False,,2026-06-28 03:52:00+00:00
1430,4850,570,2026-04-09 13:32:00+00:00,539.23,34.89,47.37,526.75,cartao_credito,entregue,True,,2026-04-09 13:32:00+00:00
1431,4852,49,2026-02-20 10:53:00+00:00,799.25,7.92,115.26,691.91,pix,confirmado,True,,2026-02-20 10:53:00+00:00
1432,4853,1126,2026-03-28 01:10:00+00:00,31.1,43.27,0.0,74.37,cartao_credito,entregue,False,,2026-03-28 01:10:00+00:00
1433,4854,1019,2026-03-18 16:16:00+00:00,352.79,25.82,0.0,378.61,boleto,enviado,False,,2026-03-18 16:16:00+00:00
1434,4856,606,2026-02-08 02:45:00+00:00,117.87,14.95,15.54,117.28,cartao_credito,enviado,True,,2026-02-08 02:45:00+00:00
1435,4858,1371,2026-05-25 12:46:00+00:00,186.96,0.0,0.0,186.96,cartao_credito,entregue,False,,2026-05-25 12:46:00+00:00
1436,4866,1283,2026-05-03 14:55:00+00:00,84.45,15.7,0.0,100.15,cartao_credito,enviado,False,,2026-05-03 14:55:00+00:00
1437,4868,1465,2026-04-05 10:51:00+00:00,118.84,17.25,0.0,136.09,boleto,enviado,False,,2026-04-05 10:51:00+00:00
1438,4872,882,2026-04-11 13:24:00+00:00,75.16,38.0,0.0,113.16,pix,entregue,False,,2026-04-11 13:24:00+00:00
1439,4875,1271,2026-06-08 17:27:00+00:00,126.34,8.16,0.0,134.5,cartao_credito,enviado,False,,2026-06-08 17:27:00+00:00
1440,4876,906,2026-06-06 09:48:00+00:00,560.12,6.31,73.62,492.81,pix,enviado,True,,2026-06-06 09:48:00+00:00
1441,4881,571,2026-03-13 12:05:00+00:00,222.36,35.97,16.65,241.68,cartao_credito,entregue,True,,2026-03-13 12:05:00+00:00
1442,4882,616,2026-04-27 11:16:00+00:00,162.87,42.35,11.01,194.21,pix,entregue,True,,2026-04-27 11:16:00+00:00
1443,4883,594,2026-03-24 11:40:00+00:00,75.39,19.12,0.0,94.51,pix,enviado,False,,2026-03-24 11:40:00+00:00
1444,4892,1427,2026-03-19 02:23:00+00:00,50.22,30.81,0.0,81.03,pix,entregue,False,,2026-03-19 02:23:00+00:00
1445,4895,481,2026-06-15 12:21:00+00:00,163.67,27.03,0.0,190.7,pix,entregue,False,,2026-06-15 12:21:00+00:00
1446,4898,1438,2026-05-22 22:17:00+00:00,113.51,14.7,0.0,128.21,cartao_debito,enviado,False,,2026-05-22 22:17:00+00:00
1447,4901,682,2026-03-14 15:54:00+00:00,464.63,7.42,0.0,472.05,pix,entregue,False,,2026-03-14 15:54:00+00:00
1448,4905,1205,2026-01-01 19:37:00+00:00,689.74,5.67,0.0,695.41,cartao_debito,entregue,False,,2026-01-01 19:37:00+00:00
1449,4908,1252,2026-01-03 00:40:00+00:00,1027.82,23.4,106.85,944.37,cartao_credito,entregue,True,,2026-01-03 00:40:00+00:00
1450,4911,533,2026-06-23 19:37:00+00:00,277.34,40.05,0.0,317.39,cartao_credito,entregue,False,,2026-06-23 19:37:00+00:00
1451,4917,591,2026-06-20 15:46:00+00:00,566.99,18.01,0.0,585.0,cartao_credito,entregue,False,,2026-06-20 15:46:00+00:00
1452,4918,1160,2026-03-05 10:49:00+00:00,54.11,41.82,6.74,89.19,cartao_credito,confirmado,True,,2026-03-05 10:49:00+00:00
1453,4927,984,2026-06-16 12:53:00+00:00,817.63,27.44,0.0,845.07,pix,entregue,False,,2026-06-16 12:53:00+00:00
1454,4928,958,2026-03-24 23:10:00+00:00,12.45,17.2,0.0,29.65,cartao_debito,entregue,False,,2026-03-24 23:10:00+00:00
1455,4929,15,2026-04-17 00:34:00+00:00,329.72,38.06,0.0,367.78,cartao_credito,entregue,False,,2026-04-17 00:34:00+00:00
1456,4931,1223,2026-02-23 11:48:00+00:00,390.01,39.19,0.0,429.2,pix,confirmado,False,,2026-02-23 11:48:00+00:00
1457,4932,152,2026-05-09 01:32:00+00:00,154.29,10.24,0.0,164.53,cartao_credito,enviado,False,,2026-05-09 01:32:00+00:00
1458,4934,1173,2026-03-11 17:07:00+00:00,101.95,29.72,0.0,131.67,pix,entregue,False,,2026-03-11 17:07:00+00:00
1459,4940,383,2026-06-21 19:04:00+00:00,55.38,23.87,0.0,79.25,cartao_debito,enviado,False,,2026-06-21 19:04:00+00:00
1460,4943,893,2026-03-30 04:55:00+00:00,298.19,19.05,0.0,317.24,cartao_debito,confirmado,True,4340,2026-03-30 04:55:00+00:00
1461,4947,1453,2026-01-18 22:58:00+00:00,521.21,11.33,74.13,458.41,cartao_credito,confirmado,True,,2026-01-18 22:58:00+00:00
1462,4950,1389,2026-03-21 16:41:00+00:00,103.31,0.0,0.0,103.31,pix,entregue,False,,2026-03-21 16:41:00+00:00
1463,4951,874,2026-05-25 13:18:00+00:00,752.29,11.95,0.0,764.24,cartao_debito,confirmado,False,,2026-05-25 13:18:00+00:00
1464,4955,518,2026-01-19 10:38:00+00:00,712.54,8.4,0.0,720.94,pix,entregue,False,,2026-01-19 10:38:00+00:00
1465,4960,242,2026-04-20 17:43:00+00:00,113.42,23.2,0.0,136.62,cartao_credito,enviado,False,,2026-04-20 17:43:00+00:00
1466,4963,1274,2026-03-11 00:38:00+00:00,247.41,5.96,0.0,253.37,cartao_credito,entregue,False,,2026-03-11 00:38:00+00:00
1467,4972,1159,2026-03-19 01:45:00+00:00,688.03,41.95,0.0,729.98,pix,cancelado,False,,2026-03-19 01:45:00+00:00
1468,4974,551,2026-05-08 12:03:00+00:00,434.89,39.7,0.0,474.59,cartao_credito,entregue,False,,2026-05-08 12:03:00+00:00
1469,4975,519,2026-01-19 22:33:00+00:00,177.63,33.2,0.0,210.83,cartao_credito,confirmado,False,,2026-01-19 22:33:00+00:00
1470,4979,32,2026-05-28 19:44:00+00:00,265.28,39.58,14.4,290.46,cartao_credito,entregue,True,,2026-05-28 19:44:00+00:00
1471,4980,502,2026-02-21 18:55:00+00:00,352.92,35.11,0.0,388.03,cartao_debito,entregue,False,,2026-02-21 18:55:00+00:00
1472,4981,1416,2026-06-09 10:04:00+00:00,503.69,31.44,0.0,535.13,boleto,confirmado,False,,2026-06-09 10:04:00+00:00
1473,4986,1276,2026-05-07 22:40:00+00:00,469.86,39.48,48.12,461.22,cartao_credito,entregue,True,,2026-05-07 22:40:00+00:00
1474,4987,1271,2026-03-25 02:47:00+00:00,168.42,41.78,0.0,210.2,cartao_credito,enviado,False,,2026-03-25 02:47:00+00:00
1475,4993,496,2026-05-12 11:53:00+00:00,124.08,11.17,9.65,125.6,cartao_credito,entregue,True,,2026-05-12 11:53:00+00:00
1476,4996,1405,2026-03-06 00:18:00+00:00,250.57,13.03,17.68,245.92,cartao_credito,entregue,True,,2026-03-06 00:18:00+00:00
1477,5001,1105,2026-01-24 20:46:00+00:00,189.02,6.28,0.0,195.3,cartao_credito,entregue,False,,2026-01-24 20:46:00+00:00
1478,5005,327,2026-06-01 17:11:00+00:00,253.68,40.53,0.0,294.21,cartao_credito,confirmado,False,,2026-06-01 17:11:00+00:00
1479,5012,122,2026-03-13 14:35:00+00:00,1212.46,33.96,0.0,1246.42,cartao_credito,entregue,False,,2026-03-13 14:35:00+00:00
1480,5016,1159,2026-06-21 17:03:00+00:00,14.27,6.1,0.0,20.37,boleto,entregue,False,,2026-06-21 17:03:00+00:00
1481,5019,736,2026-03-09 23:41:00+00:00,611.92,35.51,83.48,563.95,pix,confirmado,True,,2026-03-09 23:41:00+00:00
1482,5021,692,2026-03-15 20:51:00+00:00,484.48,34.3,0.0,518.78,cartao_credito,entregue,False,,2026-03-15 20:51:00+00:00
1483,5022,989,2026-05-25 23:25:00+00:00,358.44,7.92,0.0,366.36,cartao_debito,cancelado,False,,2026-05-25 23:25:00+00:00
1484,5023,58,2026-04-10 09:49:00+00:00,664.12,30.79,52.98,641.93,pix,entregue,True,,2026-04-10 09:49:00+00:00
1485,5034,778,2026-05-20 22:39:00+00:00,447.77,41.47,56.3,432.94,boleto,entregue,True,,2026-05-20 22:39:00+00:00
1486,5037,1214,2026-05-26 02:22:00+00:00,233.2,22.37,0.0,255.57,cartao_debito,entregue,False,,2026-05-26 02:22:00+00:00
1487,5038,321,2026-02-15 15:10:00+00:00,254.66,14.28,33.43,235.51,pix,entregue,True,,2026-02-15 15:10:00+00:00
1488,5042,662,2026-06-27 00:38:00+00:00,634.87,26.87,38.26,623.48,pix,enviado,True,,2026-06-27 00:38:00+00:00
1489,5045,747,2026-05-15 01:45:00+00:00,163.69,44.91,0.0,208.6,pix,confirmado,True,4446,2026-05-15 01:45:00+00:00
1490,5046,547,2026-03-21 23:55:00+00:00,71.02,11.07,0.0,82.09,pix,entregue,False,,2026-03-21 23:55:00+00:00
1491,5049,1295,2026-02-05 20:06:00+00:00,169.31,38.86,0.0,208.17,cartao_credito,entregue,False,,2026-02-05 20:06:00+00:00
1492,5051,1393,2026-01-13 17:03:00+00:00,588.63,26.35,0.0,614.98,pix,enviado,False,,2026-01-13 17:03:00+00:00
1493,5053,501,2026-01-06 03:53:00+00:00,823.75,39.37,0.0,863.12,cartao_credito,enviado,False,,2026-01-06 03:53:00+00:00
1494,5055,1315,2026-02-24 20:22:00+00:00,486.45,23.1,0.0,509.55,pix,cancelado,False,,2026-02-24 20:22:00+00:00
1495,5057,1034,2026-06-25 01:09:00+00:00,260.22,41.42,24.03,277.61,pix,entregue,True,,2026-06-25 01:09:00+00:00
1496,5058,613,2026-05-04 18:21:00+00:00,419.61,5.55,47.27,377.89,cartao_debito,entregue,True,,2026-05-04 18:21:00+00:00
1497,5064,1171,2026-01-15 20:52:00+00:00,524.49,7.61,0.0,532.1,boleto,entregue,False,,2026-01-15 20:52:00+00:00
1498,5065,1079,2026-03-21 12:59:00+00:00,1262.19,43.95,0.0,1306.14,pix,enviado,False,,2026-03-21 12:59:00+00:00
1499,5071,655,2026-05-05 14:15:00+00:00,206.09,26.48,0.0,232.57,cartao_credito,entregue,False,,2026-05-05 14:15:00+00:00
1500,5078,386,2026-02-13 17:44:00+00:00,215.86,20.85,16.25,220.46,pix,confirmado,True,,2026-02-13 17:44:00+00:00
1501,5083,716,2026-01-24 12:03:00+00:00,865.92,34.2,0.0,900.12,cartao_credito,entregue,False,,2026-01-24 12:03:00+00:00
1502,5084,1495,2026-05-21 19:21:00+00:00,373.57,23.68,0.0,397.25,cartao_credito,enviado,False,,2026-05-21 19:21:00+00:00
1503,5087,18,2026-05-07 00:30:00+00:00,460.3,25.31,63.43,422.18,pix,entregue,True,,2026-05-07 00:30:00+00:00
1504,5088,564,2026-05-12 12:50:00+00:00,609.4,15.2,0.0,624.6,cartao_debito,confirmado,False,,2026-05-12 12:50:00+00:00
1505,5089,99,2026-06-20 17:44:00+00:00,342.25,43.88,32.49,353.64,cartao_credito,enviado,True,,2026-06-20 17:44:00+00:00
1506,5091,1269,2026-04-20 12:29:00+00:00,400.23,14.53,0.0,414.76,boleto,entregue,False,,2026-04-20 12:29:00+00:00
1507,5093,287,2026-05-14 22:57:00+00:00,396.27,13.7,0.0,409.97,cartao_credito,confirmado,False,,2026-05-14 22:57:00+00:00
1508,5096,36,2026-03-20 23:14:00+00:00,575.49,39.0,0.0,614.49,boleto,entregue,False,,2026-03-20 23:14:00+00:00
1509,5100,1270,2026-04-20 10:20:00+00:00,482.11,34.04,0.0,516.15,boleto,enviado,False,,2026-04-20 10:20:00+00:00
1510,5101,38,2026-01-05 16:47:00+00:00,227.52,8.17,0.0,235.69,cartao_credito,entregue,False,,2026-01-05 16:47:00+00:00
1511,5104,1048,2026-04-03 18:50:00+00:00,137.0,28.41,0.0,165.41,cartao_credito,entregue,False,,2026-04-03 18:50:00+00:00
1512,5105,695,2026-04-25 15:50:00+00:00,529.35,16.99,0.0,546.34,pix,enviado,False,,2026-04-25 15:50:00+00:00
1513,5107,5,2026-04-18 16:34:00+00:00,156.34,15.68,0.0,172.02,pix,entregue,False,,2026-04-18 16:34:00+00:00
1514,5109,851,2026-02-21 11:33:00+00:00,71.96,34.22,0.0,106.18,cartao_debito,confirmado,False,,2026-02-21 11:33:00+00:00
1515,5112,1040,2026-04-09 00:41:00+00:00,332.73,19.64,0.0,352.37,boleto,cancelado,False,,2026-04-09 00:41:00+00:00
1516,5113,1200,2026-03-27 22:37:00+00:00,212.23,36.83,0.0,249.06,cartao_credito,entregue,False,,2026-03-27 22:37:00+00:00
1517,5115,322,2026-03-06 23:57:00+00:00,37.55,27.08,2.27,62.36,cartao_credito,entregue,True,,2026-03-06 23:57:00+00:00
1518,5118,756,2026-04-04 20:52:00+00:00,252.56,10.76,0.0,263.32,cartao_credito,entregue,False,,2026-04-04 20:52:00+00:00
1519,5124,1240,2026-04-19 19:45:00+00:00,458.13,26.07,0.0,484.2,cartao_credito,entregue,False,,2026-04-19 19:45:00+00:00
1520,5131,256,2026-01-29 02:49:00+00:00,152.67,38.7,0.0,191.37,pix,entregue,False,,2026-01-29 02:49:00+00:00
1521,5132,805,2026-05-10 22:24:00+00:00,518.79,40.54,0.0,559.33,boleto,confirmado,False,,2026-05-10 22:24:00+00:00
1522,5133,1141,2026-02-08 18:43:00+00:00,675.54,33.77,45.79,663.52,pix,entregue,True,,2026-02-08 18:43:00+00:00
1523,5134,1290,2026-05-11 01:43:00+00:00,766.62,26.89,98.37,695.14,cartao_credito,confirmado,True,,2026-05-11 01:43:00+00:00
1524,5136,1052,2026-06-16 10:39:00+00:00,115.49,36.05,0.0,151.54,boleto,confirmado,False,,2026-06-16 10:39:00+00:00
1525,5140,1090,2026-06-23 20:57:00+00:00,97.8,36.96,0.0,134.76,pix,entregue,False,,2026-06-23 20:57:00+00:00
1526,5150,1151,2026-02-15 11:43:00+00:00,426.27,18.27,56.68,387.86,cartao_debito,confirmado,True,,2026-02-15 11:43:00+00:00
1527,5160,276,2026-06-03 03:55:00+00:00,171.73,12.16,0.0,183.89,cartao_credito,entregue,False,,2026-06-03 03:55:00+00:00
1528,5163,449,2026-05-16 23:58:00+00:00,409.81,17.8,0.0,427.61,cartao_credito,confirmado,True,4541,2026-05-16 23:58:00+00:00
1529,5165,21,2026-03-18 17:36:00+00:00,776.93,14.08,0.0,791.01,cartao_credito,enviado,False,,2026-03-18 17:36:00+00:00
1530,5168,232,2026-02-09 18:54:00+00:00,149.52,5.05,0.0,154.57,boleto,entregue,False,,2026-02-09 18:54:00+00:00
1531,5181,150,2026-03-23 12:43:00+00:00,66.1,17.49,7.4,76.19,pix,entregue,True,,2026-03-23 12:43:00+00:00
1532,5183,1477,2026-04-24 21:00:00+00:00,235.6,18.69,0.0,254.29,cartao_credito,entregue,False,,2026-04-24 21:00:00+00:00
1533,5188,626,2026-01-01 11:24:00+00:00,122.2,29.97,15.04,137.13,boleto,entregue,True,,2026-01-01 11:24:00+00:00
1534,5192,451,2026-02-13 21:13:00+00:00,635.26,30.7,93.86,572.1,pix,enviado,True,,2026-02-13 21:13:00+00:00
1535,5195,119,2026-03-27 20:40:00+00:00,26.86,5.08,0.0,31.94,cartao_credito,enviado,False,,2026-03-27 20:40:00+00:00
1536,5196,1261,2026-02-17 11:04:00+00:00,389.48,18.48,0.0,407.96,pix,entregue,False,,2026-02-17 11:04:00+00:00
1537,5197,87,2026-01-20 13:03:00+00:00,147.3,39.28,0.0,186.58,cartao_credito,entregue,False,,2026-01-20 13:03:00+00:00
1538,5204,893,2026-04-26 18:04:00+00:00,522.87,35.2,0.0,558.07,pix,enviado,False,,2026-04-26 18:04:00+00:00
1539,5214,462,2026-05-14 00:02:00+00:00,344.86,40.53,0.0,385.39,boleto,entregue,False,,2026-05-14 00:02:00+00:00
1540,5217,775,2026-05-12 00:37:00+00:00,221.91,28.69,0.0,250.6,boleto,entregue,False,,2026-05-12 00:37:00+00:00
1541,5221,41,2026-02-07 03:05:00+00:00,517.13,42.93,0.0,560.06,cartao_credito,entregue,False,,2026-02-07 03:05:00+00:00
1542,5222,494,2026-03-09 15:17:00+00:00,672.74,8.45,0.0,681.19,cartao_credito,confirmado,False,,2026-03-09 15:17:00+00:00
1543,5228,875,2026-03-14 18:00:00+00:00,205.11,44.85,0.0,249.96,boleto,entregue,False,,2026-03-14 18:00:00+00:00
1544,5229,701,2026-02-22 01:07:00+00:00,248.81,13.09,0.0,261.9,pix,entregue,False,,2026-02-22 01:07:00+00:00
1545,5232,905,2026-03-11 15:10:00+00:00,123.64,30.05,0.0,153.69,cartao_debito,enviado,False,,2026-03-11 15:10:00+00:00
1546,5235,544,2026-02-15 12:52:00+00:00,510.99,25.73,49.21,487.51,cartao_credito,entregue,True,,2026-02-15 12:52:00+00:00
1547,5238,572,2026-06-11 13:43:00+00:00,47.51,5.64,0.0,53.15,cartao_credito,entregue,False,,2026-06-11 13:43:00+00:00
1548,5241,910,2026-05-02 20:50:00+00:00,661.3,16.18,0.0,677.48,boleto,entregue,False,,2026-05-02 20:50:00+00:00
1549,5242,701,2026-04-07 01:14:00+00:00,341.05,35.91,0.0,376.96,pix,confirmado,False,,2026-04-07 01:14:00+00:00
1550,5243,1363,2026-01-16 02:45:00+00:00,462.5,40.68,0.0,503.18,pix,entregue,False,,2026-01-16 02:45:00+00:00
1551,5246,1449,2026-06-15 18:54:00+00:00,780.97,42.28,0.0,823.25,cartao_credito,entregue,False,,2026-06-15 18:54:00+00:00
1552,5248,934,2026-01-04 12:54:00+00:00,109.3,42.99,0.0,152.29,cartao_credito,confirmado,False,,2026-01-04 12:54:00+00:00
1553,5251,339,2026-05-15 20:24:00+00:00,560.9,39.85,0.0,600.75,pix,entregue,False,,2026-05-15 20:24:00+00:00
1554,5256,1258,2026-05-04 12:44:00+00:00,387.55,38.58,0.0,426.13,pix,entregue,False,,2026-05-04 12:44:00+00:00
1555,5261,593,2026-06-16 03:43:00+00:00,290.65,14.05,0.0,304.7,cartao_debito,entregue,False,,2026-06-16 03:43:00+00:00
1556,5262,731,2026-06-03 21:21:00+00:00,191.68,25.16,0.0,216.84,cartao_credito,enviado,False,,2026-06-03 21:21:00+00:00
1557,5265,1008,2026-05-22 22:23:00+00:00,142.29,6.09,0.0,148.38,cartao_credito,entregue,False,,2026-05-22 22:23:00+00:00
1558,5266,531,2026-05-04 21:42:00+00:00,564.75,36.84,0.0,601.59,pix,entregue,False,,2026-05-04 21:42:00+00:00
1559,5268,1325,2026-01-15 02:19:00+00:00,113.95,12.08,12.31,113.72,pix,entregue,True,,2026-01-15 02:19:00+00:00
1560,5269,1179,2026-01-28 17:34:00+00:00,475.01,28.18,0.0,503.19,cartao_debito,entregue,False,,2026-01-28 17:34:00+00:00
1561,5277,1283,2026-06-10 00:14:00+00:00,269.02,25.63,0.0,294.65,cartao_debito,entregue,False,,2026-06-10 00:14:00+00:00
1562,5278,542,2026-04-19 13:51:00+00:00,358.6,40.62,0.0,399.22,pix,entregue,False,,2026-04-19 13:51:00+00:00
1563,5279,714,2026-05-26 18:53:00+00:00,228.93,32.29,18.42,242.8,pix,entregue,True,,2026-05-26 18:53:00+00:00
1564,5282,701,2026-05-25 00:34:00+00:00,126.62,30.89,0.0,157.51,cartao_credito,entregue,False,,2026-05-25 00:34:00+00:00
1565,5283,1172,2026-01-14 16:48:00+00:00,250.89,15.68,0.0,266.57,cartao_debito,entregue,False,,2026-01-14 16:48:00+00:00
1566,5285,275,2026-06-03 20:44:00+00:00,567.65,26.47,0.0,594.12,cartao_debito,entregue,False,,2026-06-03 20:44:00+00:00
1567,5287,160,2026-05-21 00:00:00+00:00,212.03,25.92,0.0,237.95,boleto,cancelado,False,,2026-05-21 00:00:00+00:00
1568,5292,691,2026-06-12 13:08:00+00:00,484.11,38.78,0.0,522.89,cartao_credito,confirmado,False,,2026-06-12 13:08:00+00:00
1569,5295,237,2026-04-21 09:56:00+00:00,516.44,0.0,0.0,516.44,cartao_credito,entregue,False,,2026-04-21 09:56:00+00:00
1570,5296,1331,2026-05-23 03:52:00+00:00,392.06,13.17,0.0,405.23,pix,enviado,False,,2026-05-23 03:52:00+00:00
1571,5306,746,2026-06-01 16:57:00+00:00,514.11,22.13,71.77,464.47,cartao_credito,enviado,True,,2026-06-01 16:57:00+00:00
1572,5308,570,2026-06-04 11:07:00+00:00,823.93,37.44,60.21,801.16,pix,enviado,True,,2026-06-04 11:07:00+00:00
1573,5309,649,2026-02-09 11:16:00+00:00,64.76,7.88,0.0,72.64,cartao_credito,entregue,False,,2026-02-09 11:16:00+00:00
1574,5324,1192,2026-01-04 10:13:00+00:00,29.29,16.76,0.0,46.05,pix,entregue,False,,2026-01-04 10:13:00+00:00
1575,5325,798,2026-06-06 09:39:00+00:00,64.51,7.48,0.0,71.99,cartao_credito,confirmado,False,,2026-06-06 09:39:00+00:00
1576,5326,811,2026-03-08 21:06:00+00:00,737.6,17.16,0.0,754.76,pix,entregue,False,,2026-03-08 21:06:00+00:00
1577,5327,1066,2026-03-03 15:55:00+00:00,91.4,25.36,11.68,105.08,pix,entregue,True,,2026-03-03 15:55:00+00:00
1578,5333,1014,2026-05-13 10:27:00+00:00,636.38,32.14,81.65,586.87,cartao_credito,entregue,True,,2026-05-13 10:27:00+00:00
1579,5336,521,2026-04-01 20:17:00+00:00,1148.17,38.56,102.74,1083.99,pix,enviado,True,,2026-04-01 20:17:00+00:00
1580,5341,1325,2026-06-16 14:07:00+00:00,137.82,24.68,0.0,162.5,pix,entregue,False,,2026-06-16 14:07:00+00:00
1581,5342,945,2026-04-21 22:10:00+00:00,123.77,21.76,0.0,145.53,cartao_credito,entregue,False,,2026-04-21 22:10:00+00:00
1582,5344,537,2026-02-21 13:55:00+00:00,748.63,13.79,82.09,680.33,cartao_credito,entregue,True,,2026-02-21 13:55:00+00:00
1583,5347,1345,2026-02-17 17:41:00+00:00,141.82,10.34,15.65,136.51,cartao_debito,entregue,True,,2026-02-17 17:41:00+00:00
1584,5349,801,2026-06-01 19:37:00+00:00,857.83,32.26,104.98,785.11,cartao_credito,entregue,True,,2026-06-01 19:37:00+00:00
1585,5352,477,2026-06-12 16:33:00+00:00,375.98,31.9,0.0,407.88,cartao_credito,entregue,False,,2026-06-12 16:33:00+00:00
1586,5354,572,2026-06-11 20:34:00+00:00,530.16,30.8,0.0,560.96,boleto,entregue,False,,2026-06-11 20:34:00+00:00
1587,5363,1331,2026-05-12 23:37:00+00:00,211.46,39.49,0.0,250.95,cartao_debito,enviado,False,,2026-05-12 23:37:00+00:00
1588,5374,462,2026-05-14 13:31:00+00:00,165.61,16.4,0.0,182.01,pix,confirmado,False,,2026-05-14 13:31:00+00:00
1589,5375,717,2026-05-06 12:40:00+00:00,590.74,44.26,0.0,635.0,pix,entregue,False,,2026-05-06 12:40:00+00:00
1590,5378,65,2026-04-24 02:07:00+00:00,579.93,35.24,49.34,565.83,cartao_credito,confirmado,True,,2026-04-24 02:07:00+00:00
1591,5382,1481,2026-06-19 04:13:00+00:00,255.35,30.32,0.0,285.67,cartao_credito,enviado,False,,2026-06-19 04:13:00+00:00
1592,5389,801,2026-04-06 20:35:00+00:00,757.97,9.14,52.23,714.88,pix,entregue,True,4762,2026-04-06 20:35:00+00:00
1593,5390,483,2026-01-16 10:40:00+00:00,780.17,11.77,72.55,719.39,cartao_credito,confirmado,True,,2026-01-16 10:40:00+00:00
1594,5391,297,2026-06-17 20:33:00+00:00,314.81,22.17,0.0,336.98,cartao_debito,enviado,False,,2026-06-17 20:33:00+00:00
1595,5395,1226,2026-01-14 00:51:00+00:00,348.11,5.62,0.0,353.73,pix,entregue,False,,2026-01-14 00:51:00+00:00
1596,5397,1270,2026-03-08 14:02:00+00:00,225.61,33.12,30.08,228.65,boleto,entregue,True,,2026-03-08 14:02:00+00:00
1597,5398,6,2026-03-10 13:30:00+00:00,710.56,14.68,0.0,725.24,pix,entregue,False,,2026-03-10 13:30:00+00:00
1598,5401,1097,2026-03-16 17:43:00+00:00,708.16,38.02,0.0,746.18,boleto,entregue,False,,2026-03-16 17:43:00+00:00
1599,5403,861,2026-01-04 20:33:00+00:00,97.9,36.72,0.0,134.62,cartao_debito,confirmado,False,,2026-01-04 20:33:00+00:00
1600,5421,509,2026-01-06 23:06:00+00:00,435.59,41.99,0.0,477.58,cartao_credito,entregue,False,,2026-01-06 23:06:00+00:00
1601,5422,1389,2026-01-18 22:48:00+00:00,32.02,25.59,0.0,57.61,boleto,enviado,False,,2026-01-18 22:48:00+00:00
1602,5429,88,2026-02-23 20:34:00+00:00,335.22,31.44,0.0,366.66,cartao_credito,entregue,False,,2026-02-23 20:34:00+00:00
1603,5432,340,2026-06-20 22:24:00+00:00,348.4,19.88,0.0,368.28,cartao_debito,enviado,False,,2026-06-20 22:24:00+00:00
1604,5436,199,2026-03-04 14:30:00+00:00,65.66,6.18,0.0,71.84,pix,enviado,False,,2026-03-04 14:30:00+00:00
1605,5437,980,2026-04-23 11:32:00+00:00,661.32,17.06,76.5,601.88,cartao_credito,entregue,True,,2026-04-23 11:32:00+00:00
1606,5440,595,2026-03-07 16:37:00+00:00,568.73,37.76,0.0,606.49,pix,entregue,False,,2026-03-07 16:37:00+00:00
1607,5441,318,2026-03-26 15:22:00+00:00,625.98,23.16,0.0,649.14,boleto,enviado,False,,2026-03-26 15:22:00+00:00
1608,5442,897,2026-05-23 00:55:00+00:00,185.41,0.0,14.04,171.37,cartao_credito,entregue,True,,2026-05-23 00:55:00+00:00
1609,5443,1394,2026-02-01 15:00:00+00:00,238.76,15.52,0.0,254.28,pix,entregue,False,,2026-02-01 15:00:00+00:00
1610,5444,326,2026-03-19 11:54:00+00:00,185.21,7.79,0.0,193.0,cartao_credito,confirmado,False,,2026-03-19 11:54:00+00:00
1611,5449,286,2026-02-16 02:08:00+00:00,92.54,42.88,0.0,135.42,pix,cancelado,False,,2026-02-16 02:08:00+00:00
1612,5451,1237,2026-01-22 19:42:00+00:00,298.59,42.14,0.0,340.73,cartao_credito,entregue,False,,2026-01-22 19:42:00+00:00
1613,5453,828,2026-01-28 15:16:00+00:00,69.89,11.31,0.0,81.2,boleto,entregue,False,,2026-01-28 15:16:00+00:00
1614,5454,202,2026-04-25 22:00:00+00:00,733.55,26.09,0.0,759.64,pix,entregue,False,,2026-04-25 22:00:00+00:00
1615,5455,164,2026-02-27 16:31:00+00:00,420.4,13.15,0.0,433.55,cartao_credito,entregue,False,,2026-02-27 16:31:00+00:00
1616,5457,1024,2026-05-08 20:59:00+00:00,289.4,42.43,0.0,331.83,cartao_credito,entregue,False,,2026-05-08 20:59:00+00:00
1617,5459,1393,2026-02-03 20:58:00+00:00,132.95,16.33,16.49,132.79,cartao_credito,entregue,True,,2026-02-03 20:58:00+00:00
1618,5460,858,2026-05-22 16:15:00+00:00,775.36,16.47,0.0,791.83,cartao_credito,entregue,False,,2026-05-22 16:15:00+00:00
1619,5473,542,2026-03-11 12:37:00+00:00,334.84,27.37,0.0,362.21,cartao_credito,entregue,False,,2026-03-11 12:37:00+00:00
1620,5474,768,2026-02-05 00:40:00+00:00,220.63,39.2,0.0,259.83,cartao_credito,entregue,False,,2026-02-05 00:40:00+00:00
1621,5482,87,2026-04-05 13:28:00+00:00,726.27,15.28,0.0,741.55,boleto,entregue,False,,2026-04-05 13:28:00+00:00
1622,5487,1234,2026-04-10 09:56:00+00:00,209.25,14.43,19.86,203.82,pix,entregue,True,,2026-04-10 09:56:00+00:00
1623,5491,1182,2026-03-09 12:20:00+00:00,735.77,42.0,0.0,777.77,cartao_credito,confirmado,False,,2026-03-09 12:20:00+00:00
1624,5493,876,2026-04-14 17:05:00+00:00,230.62,9.19,0.0,239.81,cartao_credito,entregue,False,,2026-04-14 17:05:00+00:00
1625,5495,902,2026-04-25 01:00:00+00:00,248.96,25.18,32.62,241.52,pix,entregue,True,,2026-04-25 01:00:00+00:00
1626,5498,278,2026-02-28 16:12:00+00:00,431.85,16.27,0.0,448.12,cartao_credito,enviado,False,,2026-02-28 16:12:00+00:00
1627,5500,224,2026-06-22 12:36:00+00:00,196.26,33.6,0.0,229.86,pix,entregue,False,,2026-06-22 12:36:00+00:00
1628,5503,584,2026-04-07 01:34:00+00:00,297.82,10.24,31.1,276.96,pix,cancelado,True,,2026-04-07 01:34:00+00:00
1629,5504,1232,2026-05-15 13:12:00+00:00,575.58,17.13,0.0,592.71,pix,confirmado,False,,2026-05-15 13:12:00+00:00
1630,5506,298,2026-06-28 22:32:00+00:00,248.39,9.69,0.0,258.08,pix,entregue,False,,2026-06-28 22:32:00+00:00
1631,5507,954,2026-03-09 19:17:00+00:00,488.48,23.52,63.11,448.89,pix,entregue,True,,2026-03-09 19:17:00+00:00
1632,5510,240,2026-05-22 19:37:00+00:00,437.64,26.2,0.0,463.84,pix,confirmado,False,,2026-05-22 19:37:00+00:00
1633,5515,1287,2026-01-01 14:15:00+00:00,375.41,40.53,0.0,415.94,cartao_debito,enviado,False,,2026-01-01 14:15:00+00:00
1634,5516,713,2026-05-19 10:20:00+00:00,397.43,34.63,0.0,432.06,cartao_credito,confirmado,False,,2026-05-19 10:20:00+00:00
1635,5517,313,2026-04-04 18:01:00+00:00,95.52,32.37,9.97,117.92,pix,entregue,True,,2026-04-04 18:01:00+00:00
1636,5520,1140,2026-05-24 22:04:00+00:00,37.53,25.29,2.43,60.39,boleto,cancelado,True,,2026-05-24 22:04:00+00:00
1637,5523,997,2026-04-04 13:25:00+00:00,425.49,0.0,0.0,425.49,cartao_credito,enviado,False,,2026-04-04 13:25:00+00:00
1638,5524,1174,2026-02-15 11:38:00+00:00,225.18,24.99,0.0,250.17,boleto,enviado,False,,2026-02-15 11:38:00+00:00
1639,5525,244,2026-01-10 22:29:00+00:00,408.32,11.47,0.0,419.79,cartao_credito,entregue,False,,2026-01-10 22:29:00+00:00
1640,5527,809,2026-01-20 19:53:00+00:00,63.51,38.7,9.29,92.92,cartao_debito,entregue,True,,2026-01-20 19:53:00+00:00
1641,5530,1099,2026-02-19 11:56:00+00:00,253.46,11.38,0.0,264.84,pix,entregue,False,,2026-02-19 11:56:00+00:00
1642,5531,1349,2026-04-11 01:33:00+00:00,695.25,24.09,93.31,626.03,boleto,entregue,True,,2026-04-11 01:33:00+00:00
1643,5537,541,2026-01-27 11:05:00+00:00,131.37,11.24,0.0,142.61,pix,entregue,False,,2026-01-27 11:05:00+00:00
1644,5542,667,2026-06-25 14:35:00+00:00,103.37,5.02,0.0,108.39,cartao_credito,enviado,False,,2026-06-25 14:35:00+00:00
1645,5543,1139,2026-06-21 13:27:00+00:00,395.72,28.37,0.0,424.09,pix,entregue,False,,2026-06-21 13:27:00+00:00
1646,5544,356,2026-05-22 23:35:00+00:00,82.93,23.25,4.53,101.65,pix,enviado,True,,2026-05-22 23:35:00+00:00
1647,5545,710,2026-03-25 11:25:00+00:00,500.45,28.13,0.0,528.58,cartao_credito,entregue,False,,2026-03-25 11:25:00+00:00
1648,5555,223,2026-05-11 13:33:00+00:00,496.57,35.58,0.0,532.15,cartao_credito,entregue,False,,2026-05-11 13:33:00+00:00
1649,5561,9,2026-01-23 17:12:00+00:00,732.13,33.33,0.0,765.46,cartao_credito,cancelado,False,,2026-01-23 17:12:00+00:00
1650,5564,378,2026-05-05 12:06:00+00:00,249.08,0.0,0.0,249.08,cartao_credito,entregue,False,,2026-05-05 12:06:00+00:00
1651,5567,1262,2026-01-14 19:59:00+00:00,153.52,16.25,0.0,169.77,pix,confirmado,False,,2026-01-14 19:59:00+00:00
1652,5569,1278,2026-06-18 13:37:00+00:00,350.09,22.81,0.0,372.9,boleto,entregue,False,,2026-06-18 13:37:00+00:00
1653,5570,724,2026-03-16 18:32:00+00:00,440.46,20.59,0.0,461.05,pix,enviado,False,,2026-03-16 18:32:00+00:00
1654,5575,1030,2026-03-21 13:21:00+00:00,131.89,26.34,0.0,158.23,boleto,enviado,False,,2026-03-21 13:21:00+00:00
1655,5577,358,2026-03-27 13:43:00+00:00,110.18,40.37,0.0,150.55,cartao_credito,entregue,False,,2026-03-27 13:43:00+00:00
1656,5579,1040,2026-06-21 18:59:00+00:00,399.06,33.04,0.0,432.1,cartao_credito,entregue,False,,2026-06-21 18:59:00+00:00
1657,5580,419,2026-01-09 01:52:00+00:00,203.54,15.39,0.0,218.93,boleto,entregue,False,,2026-01-09 01:52:00+00:00
1658,5592,131,2026-04-24 23:54:00+00:00,1157.67,24.62,0.0,1182.29,cartao_debito,entregue,False,,2026-04-24 23:54:00+00:00
1659,5596,1252,2026-06-28 23:47:00+00:00,137.12,5.77,0.0,142.89,boleto,entregue,False,,2026-06-28 23:47:00+00:00
1660,5599,196,2026-06-09 17:55:00+00:00,154.06,31.94,10.99,175.01,cartao_credito,confirmado,True,,2026-06-09 17:55:00+00:00
1661,5602,409,2026-03-04 03:02:00+00:00,160.48,23.65,0.0,184.13,pix,confirmado,False,,2026-03-04 03:02:00+00:00
1662,5603,129,2026-02-08 12:18:00+00:00,125.64,36.56,0.0,162.2,boleto,entregue,False,,2026-02-08 12:18:00+00:00
1663,5605,1030,2026-05-10 00:57:00+00:00,547.58,43.48,0.0,591.06,cartao_debito,confirmado,False,,2026-05-10 00:57:00+00:00
1664,5608,773,2026-06-12 03:41:00+00:00,155.54,41.02,0.0,196.56,pix,cancelado,False,,2026-06-12 03:41:00+00:00
1665,5616,259,2026-05-16 09:44:00+00:00,264.96,15.1,0.0,280.06,cartao_credito,entregue,False,,2026-05-16 09:44:00+00:00
1666,5619,291,2026-03-25 10:52:00+00:00,32.26,26.35,0.0,58.61,boleto,entregue,False,,2026-03-25 10:52:00+00:00
1667,5625,264,2026-02-21 04:10:00+00:00,506.24,8.67,0.0,514.91,pix,confirmado,False,,2026-02-21 04:10:00+00:00
1668,5630,156,2026-02-24 12:45:00+00:00,250.31,13.73,0.0,264.04,pix,entregue,False,,2026-02-24 12:45:00+00:00
1669,5631,375,2026-03-07 20:16:00+00:00,171.19,25.37,0.0,196.56,cartao_credito,entregue,False,,2026-03-07 20:16:00+00:00
1670,5634,721,2026-01-24 23:57:00+00:00,464.27,44.23,0.0,508.5,cartao_credito,entregue,False,,2026-01-24 23:57:00+00:00
1671,5638,707,2026-03-20 13:38:00+00:00,205.19,27.24,0.0,232.43,pix,entregue,False,,2026-03-20 13:38:00+00:00
1672,5642,1158,2026-06-20 15:28:00+00:00,333.13,10.97,21.91,322.19,pix,confirmado,True,,2026-06-20 15:28:00+00:00
1673,5643,303,2026-01-21 14:55:00+00:00,197.82,11.66,20.1,189.38,cartao_debito,entregue,True,,2026-01-21 14:55:00+00:00
1674,5647,562,2026-03-04 12:16:00+00:00,726.12,35.23,0.0,761.35,cartao_credito,entregue,False,,2026-03-04 12:16:00+00:00
1675,5651,537,2026-05-05 15:00:00+00:00,213.59,28.31,19.5,222.4,pix,entregue,True,,2026-05-05 15:00:00+00:00
1676,5652,546,2026-05-15 10:43:00+00:00,766.57,19.08,91.72,693.93,pix,enviado,True,,2026-05-15 10:43:00+00:00
1677,5654,1099,2026-01-11 01:27:00+00:00,64.81,33.46,0.0,98.27,cartao_credito,confirmado,False,,2026-01-11 01:27:00+00:00
1678,5658,1280,2026-05-21 10:58:00+00:00,103.8,18.4,0.0,122.2,cartao_credito,confirmado,False,,2026-05-21 10:58:00+00:00
1679,5659,1357,2026-03-23 00:14:00+00:00,81.1,22.25,0.0,103.35,boleto,enviado,False,,2026-03-23 00:14:00+00:00
1680,5660,27,2026-04-28 14:00:00+00:00,73.62,8.04,0.0,81.66,cartao_credito,enviado,False,,2026-04-28 14:00:00+00:00
1681,5662,1213,2026-05-26 12:41:00+00:00,90.59,11.12,0.0,101.71,cartao_credito,enviado,False,,2026-05-26 12:41:00+00:00
1682,5663,761,2026-04-27 11:10:00+00:00,33.47,37.58,0.0,71.05,pix,entregue,False,,2026-04-27 11:10:00+00:00
1683,5665,810,2026-04-10 09:45:00+00:00,750.91,17.82,0.0,768.73,cartao_credito,entregue,False,,2026-04-10 09:45:00+00:00
1684,5671,1097,2026-03-15 19:57:00+00:00,306.35,17.71,0.0,324.06,cartao_credito,confirmado,False,,2026-03-15 19:57:00+00:00
1685,5673,555,2026-01-19 00:05:00+00:00,90.16,12.23,0.0,102.39,pix,entregue,False,,2026-01-19 00:05:00+00:00
1686,5676,1333,2026-05-13 12:32:00+00:00,64.92,11.62,7.34,69.2,boleto,entregue,True,,2026-05-13 12:32:00+00:00
1687,5678,1000,2026-06-15 18:21:00+00:00,956.75,42.58,0.0,999.33,boleto,enviado,False,,2026-06-15 18:21:00+00:00
1688,5679,1025,2026-03-02 01:41:00+00:00,260.94,17.34,0.0,278.28,pix,enviado,False,,2026-03-02 01:41:00+00:00
1689,5680,294,2026-04-07 22:41:00+00:00,92.08,11.4,0.0,103.48,pix,entregue,False,,2026-04-07 22:41:00+00:00
1690,5684,1463,2026-05-12 01:14:00+00:00,451.55,23.33,0.0,474.88,cartao_credito,entregue,False,,2026-05-12 01:14:00+00:00
1691,5685,891,2026-01-14 21:17:00+00:00,870.0,24.2,0.0,894.2,pix,entregue,False,,2026-01-14 21:17:00+00:00
1692,5686,1371,2026-03-02 20:32:00+00:00,221.62,21.33,0.0,242.95,pix,entregue,False,,2026-03-02 20:32:00+00:00
1693,5689,443,2026-05-15 03:11:00+00:00,352.53,7.29,0.0,359.82,cartao_credito,entregue,False,,2026-05-15 03:11:00+00:00
1694,5694,1097,2026-04-18 09:39:00+00:00,600.27,16.8,71.13,545.94,pix,enviado,True,,2026-04-18 09:39:00+00:00
1695,5696,609,2026-04-28 21:08:00+00:00,38.1,37.68,0.0,75.78,pix,enviado,False,,2026-04-28 21:08:00+00:00
1696,5702,1399,2026-05-06 01:58:00+00:00,351.17,27.93,38.97,340.13,cartao_credito,entregue,True,,2026-05-06 01:58:00+00:00
1697,5704,336,2026-06-18 10:26:00+00:00,405.92,32.47,0.0,438.39,pix,confirmado,False,,2026-06-18 10:26:00+00:00
1698,5707,933,2026-02-20 17:57:00+00:00,41.37,8.93,2.55,47.75,cartao_credito,enviado,True,,2026-02-20 17:57:00+00:00
1699,5723,869,2026-05-27 10:12:00+00:00,53.8,13.12,0.0,66.92,pix,entregue,False,,2026-05-27 10:12:00+00:00
1700,5724,53,2026-05-08 12:20:00+00:00,63.65,37.18,0.0,100.83,cartao_debito,entregue,False,,2026-05-08 12:20:00+00:00
1701,5726,1471,2026-03-25 19:26:00+00:00,476.97,37.51,0.0,514.48,cartao_credito,entregue,False,,2026-03-25 19:26:00+00:00
1702,5727,973,2026-06-02 14:01:00+00:00,159.31,26.56,0.0,185.87,cartao_credito,confirmado,False,,2026-06-02 14:01:00+00:00
1703,5729,491,2026-05-07 22:33:00+00:00,103.66,40.48,0.0,144.14,pix,cancelado,False,,2026-05-07 22:33:00+00:00
1704,5730,522,2026-01-24 17:04:00+00:00,295.51,18.72,28.67,285.56,pix,entregue,True,,2026-01-24 17:04:00+00:00
1705,5733,556,2026-06-09 10:20:00+00:00,747.54,43.26,0.0,790.8,pix,entregue,False,,2026-06-09 10:20:00+00:00
1706,5740,1277,2026-02-06 19:17:00+00:00,671.18,44.96,51.74,664.4,cartao_credito,enviado,True,,2026-02-06 19:17:00+00:00
1707,5744,523,2026-04-27 10:44:00+00:00,215.16,29.19,19.96,224.39,cartao_credito,entregue,True,,2026-04-27 10:44:00+00:00
1708,5745,737,2026-02-01 19:35:00+00:00,485.51,24.9,26.71,483.7,cartao_credito,entregue,True,,2026-02-01 19:35:00+00:00
1709,5746,94,2026-02-03 23:43:00+00:00,499.96,38.13,0.0,538.09,pix,enviado,False,,2026-02-03 23:43:00+00:00
1710,5749,1373,2026-06-04 21:20:00+00:00,964.8,10.53,136.81,838.52,cartao_credito,entregue,True,,2026-06-04 21:20:00+00:00
1711,5751,700,2026-02-02 20:45:00+00:00,639.7,9.44,0.0,649.14,pix,confirmado,False,,2026-02-02 20:45:00+00:00
1712,5752,780,2026-02-09 00:37:00+00:00,282.84,5.9,0.0,288.74,cartao_credito,entregue,False,,2026-02-09 00:37:00+00:00
1713,5753,140,2026-03-05 22:18:00+00:00,229.81,39.1,26.51,242.4,cartao_credito,cancelado,True,,2026-03-05 22:18:00+00:00
1714,5756,533,2026-05-04 10:35:00+00:00,316.7,9.21,0.0,325.91,cartao_credito,confirmado,False,,2026-05-04 10:35:00+00:00
1715,5757,752,2026-05-27 23:03:00+00:00,54.33,6.14,0.0,60.47,cartao_credito,entregue,False,,2026-05-27 23:03:00+00:00
1716,5764,520,2026-05-11 19:53:00+00:00,199.88,29.66,0.0,229.54,boleto,entregue,False,,2026-05-11 19:53:00+00:00
1717,5765,1090,2026-05-16 02:02:00+00:00,465.97,12.74,38.77,439.94,cartao_debito,cancelado,True,,2026-05-16 02:02:00+00:00
1718,5767,1301,2026-02-13 02:03:00+00:00,385.07,31.46,57.55,358.98,cartao_debito,entregue,True,,2026-02-13 02:03:00+00:00
1719,5775,887,2026-03-17 13:46:00+00:00,533.81,0.0,0.0,533.81,cartao_credito,enviado,False,,2026-03-17 13:46:00+00:00
1720,5776,1132,2026-01-13 16:55:00+00:00,705.83,36.39,0.0,742.22,pix,entregue,False,,2026-01-13 16:55:00+00:00
1721,5783,813,2026-03-27 16:58:00+00:00,590.69,25.73,0.0,616.42,pix,entregue,False,,2026-03-27 16:58:00+00:00
1722,5786,546,2026-05-13 21:44:00+00:00,665.9,6.21,56.73,615.38,pix,enviado,True,,2026-05-13 21:44:00+00:00
1723,5789,793,2026-06-19 22:28:00+00:00,544.75,41.66,45.88,540.53,pix,entregue,True,,2026-06-19 22:28:00+00:00
1724,5793,989,2026-05-21 23:06:00+00:00,640.59,16.97,84.22,573.34,cartao_debito,enviado,True,,2026-05-21 23:06:00+00:00
1725,5794,52,2026-03-24 00:15:00+00:00,914.11,22.73,0.0,936.84,pix,entregue,False,,2026-03-24 00:15:00+00:00
1726,5795,637,2026-02-24 01:37:00+00:00,103.4,23.04,0.0,126.44,cartao_debito,entregue,False,,2026-02-24 01:37:00+00:00
1727,5801,482,2026-03-17 22:02:00+00:00,1392.11,36.16,0.0,1428.27,cartao_credito,enviado,False,,2026-03-17 22:02:00+00:00
1728,5804,35,2026-05-16 14:36:00+00:00,117.41,30.64,10.31,137.74,cartao_credito,cancelado,True,,2026-05-16 14:36:00+00:00
1729,5805,252,2026-03-25 14:22:00+00:00,153.5,21.67,0.0,175.17,cartao_credito,entregue,False,,2026-03-25 14:22:00+00:00
1730,5806,725,2026-02-13 00:03:00+00:00,168.61,39.67,0.0,208.28,pix,enviado,False,,2026-02-13 00:03:00+00:00
1731,5813,1092,2026-03-15 11:22:00+00:00,1173.03,36.06,135.29,1073.8,cartao_credito,enviado,True,,2026-03-15 11:22:00+00:00
1732,5814,418,2026-03-07 21:26:00+00:00,228.32,40.03,0.0,268.35,boleto,confirmado,False,,2026-03-07 21:26:00+00:00
1733,5816,1433,2026-03-07 21:31:00+00:00,595.44,11.53,0.0,606.97,pix,entregue,False,,2026-03-07 21:31:00+00:00
1734,5820,219,2026-05-15 23:08:00+00:00,486.94,35.74,0.0,522.68,cartao_credito,entregue,True,5113,2026-05-15 23:08:00+00:00
1735,5821,369,2026-01-22 16:17:00+00:00,29.82,29.53,0.0,59.35,pix,cancelado,False,,2026-01-22 16:17:00+00:00
1736,5822,344,2026-04-01 23:05:00+00:00,91.11,40.34,0.0,131.45,pix,enviado,False,,2026-04-01 23:05:00+00:00
1737,5828,1273,2026-04-24 02:25:00+00:00,241.03,38.4,0.0,279.43,cartao_credito,enviado,False,,2026-04-24 02:25:00+00:00
1738,5830,1044,2026-06-07 20:54:00+00:00,76.66,18.21,0.0,94.87,cartao_credito,entregue,False,,2026-06-07 20:54:00+00:00
1739,5834,42,2026-02-02 01:42:00+00:00,162.86,40.86,0.0,203.72,cartao_credito,entregue,False,,2026-02-02 01:42:00+00:00
1740,5835,846,2026-06-02 01:35:00+00:00,244.46,13.32,0.0,257.78,cartao_credito,enviado,False,,2026-06-02 01:35:00+00:00
1741,5837,1193,2026-03-08 12:13:00+00:00,601.58,21.74,0.0,623.32,cartao_credito,entregue,False,,2026-03-08 12:13:00+00:00
1742,5849,506,2026-02-28 03:05:00+00:00,132.39,0.0,0.0,132.39,pix,entregue,False,,2026-02-28 03:05:00+00:00
1743,5850,1156,2026-03-09 14:53:00+00:00,124.27,18.83,0.0,143.1,pix,entregue,False,,2026-03-09 14:53:00+00:00
1744,5852,154,2026-03-06 22:37:00+00:00,126.33,21.7,0.0,148.03,cartao_credito,entregue,False,,2026-03-06 22:37:00+00:00
1745,5862,12,2026-04-05 23:11:00+00:00,88.36,30.0,10.45,107.91,boleto,entregue,True,,2026-04-05 23:11:00+00:00
1746,5864,999,2026-05-23 23:05:00+00:00,620.93,39.2,0.0,660.13,pix,entregue,False,,2026-05-23 23:05:00+00:00
1747,5871,916,2026-05-25 17:04:00+00:00,453.99,32.51,0.0,486.5,boleto,entregue,False,,2026-05-25 17:04:00+00:00
1748,5877,803,2026-02-14 00:26:00+00:00,62.8,5.37,0.0,68.17,cartao_credito,enviado,False,,2026-02-14 00:26:00+00:00
1749,5878,1436,2026-06-12 04:06:00+00:00,641.77,24.95,0.0,666.72,boleto,enviado,False,,2026-06-12 04:06:00+00:00
1750,5879,390,2026-03-08 17:46:00+00:00,575.34,8.24,0.0,583.58,boleto,entregue,False,,2026-03-08 17:46:00+00:00
1751,5881,382,2026-06-15 22:12:00+00:00,521.97,39.92,0.0,561.89,cartao_credito,entregue,False,,2026-06-15 22:12:00+00:00
1752,5888,26,2026-04-22 19:34:00+00:00,1031.26,27.67,0.0,1058.93,cartao_credito,entregue,False,,2026-04-22 19:34:00+00:00
1753,5893,903,2026-04-07 13:49:00+00:00,34.28,13.62,0.0,47.9,pix,enviado,False,,2026-04-07 13:49:00+00:00
1754,5896,107,2026-02-06 23:44:00+00:00,95.02,20.79,0.0,115.81,boleto,entregue,False,,2026-02-06 23:44:00+00:00
1755,5897,406,2026-05-18 03:08:00+00:00,584.88,40.88,0.0,625.76,cartao_credito,entregue,False,,2026-05-18 03:08:00+00:00
1756,5901,1289,2026-04-21 22:50:00+00:00,60.6,25.11,3.69,82.02,boleto,entregue,True,,2026-04-21 22:50:00+00:00
1757,5917,1120,2026-02-10 11:24:00+00:00,372.34,31.95,0.0,404.29,pix,entregue,False,,2026-02-10 11:24:00+00:00
1758,5918,1120,2026-01-16 01:44:00+00:00,207.53,8.25,0.0,215.78,boleto,enviado,False,,2026-01-16 01:44:00+00:00
1759,5921,503,2026-01-07 18:21:00+00:00,69.12,16.65,0.0,85.77,cartao_credito,enviado,False,,2026-01-07 18:21:00+00:00
1760,5924,442,2026-02-12 23:42:00+00:00,428.36,33.53,55.92,405.97,cartao_debito,entregue,True,,2026-02-12 23:42:00+00:00
1761,5930,276,2026-03-15 17:48:00+00:00,464.31,20.72,0.0,485.03,pix,entregue,False,,2026-03-15 17:48:00+00:00
1762,5932,624,2026-02-24 20:00:00+00:00,853.31,19.86,84.03,789.14,pix,entregue,True,,2026-02-24 20:00:00+00:00
1763,5939,1238,2026-06-23 18:32:00+00:00,159.21,37.43,0.0,196.64,pix,entregue,False,,2026-06-23 18:32:00+00:00
1764,5940,464,2026-04-16 09:36:00+00:00,188.37,19.51,0.0,207.88,cartao_credito,entregue,False,,2026-04-16 09:36:00+00:00
1765,5941,835,2026-03-11 20:59:00+00:00,226.64,38.98,0.0,265.62,pix,entregue,True,5217,2026-03-11 20:59:00+00:00
1766,5945,1093,2026-03-10 19:53:00+00:00,495.75,10.11,0.0,505.86,cartao_credito,enviado,False,,2026-03-10 19:53:00+00:00
1767,5946,1034,2026-03-25 10:15:00+00:00,254.26,0.0,32.84,221.42,cartao_credito,cancelado,True,,2026-03-25 10:15:00+00:00
1768,5947,544,2026-01-16 22:07:00+00:00,337.53,32.95,0.0,370.48,boleto,entregue,False,,2026-01-16 22:07:00+00:00
1769,5950,1371,2026-05-20 23:17:00+00:00,584.13,23.56,0.0,607.69,pix,cancelado,False,,2026-05-20 23:17:00+00:00
1770,5952,781,2026-05-21 15:58:00+00:00,158.08,10.15,0.0,168.23,cartao_credito,confirmado,False,,2026-05-21 15:58:00+00:00
1771,5953,1039,2026-02-16 01:14:00+00:00,327.67,16.08,0.0,343.75,cartao_debito,entregue,False,,2026-02-16 01:14:00+00:00
1772,5962,668,2026-03-23 02:51:00+00:00,608.84,10.42,0.0,619.26,cartao_credito,entregue,True,5232,2026-03-23 02:51:00+00:00
1773,5966,848,2026-04-20 17:51:00+00:00,141.28,0.0,0.0,141.28,cartao_credito,entregue,False,,2026-04-20 17:51:00+00:00
1774,5979,917,2026-05-06 21:46:00+00:00,238.87,31.14,0.0,270.01,cartao_credito,confirmado,False,,2026-05-06 21:46:00+00:00
1775,5982,308,2026-01-01 21:25:00+00:00,782.31,42.0,68.4,755.91,cartao_credito,entregue,True,,2026-01-01 21:25:00+00:00
1776,5984,1307,2026-06-28 20:30:00+00:00,295.86,33.89,0.0,329.75,pix,confirmado,False,,2026-06-28 20:30:00+00:00
1777,5989,1061,2026-03-26 03:46:00+00:00,687.74,37.96,0.0,725.7,boleto,entregue,False,,2026-03-26 03:46:00+00:00
1778,5990,209,2026-04-21 03:20:00+00:00,480.24,27.45,0.0,507.69,cartao_credito,enviado,False,,2026-04-21 03:20:00+00:00
1779,6003,423,2026-02-09 01:23:00+00:00,883.99,5.76,0.0,889.75,pix,enviado,False,,2026-02-09 01:23:00+00:00
1780,6006,294,2026-06-12 01:29:00+00:00,89.98,38.13,0.0,128.11,cartao_credito,confirmado,False,,2026-06-12 01:29:00+00:00
1781,6009,834,2026-04-13 15:50:00+00:00,461.92,41.07,0.0,502.99,cartao_credito,confirmado,False,,2026-04-13 15:50:00+00:00
1782,6014,733,2026-05-08 15:51:00+00:00,482.45,36.73,59.19,459.99,cartao_credito,entregue,True,,2026-05-08 15:51:00+00:00
1783,6015,200,2026-03-18 14:53:00+00:00,39.72,38.19,0.0,77.91,cartao_debito,entregue,False,,2026-03-18 14:53:00+00:00
1784,6018,1136,2026-05-02 09:43:00+00:00,84.7,27.04,0.0,111.74,cartao_debito,entregue,False,,2026-05-02 09:43:00+00:00
1785,6020,632,2026-02-14 14:06:00+00:00,275.83,30.13,0.0,305.96,cartao_credito,enviado,False,,2026-02-14 14:06:00+00:00
1786,6023,1254,2026-05-18 19:41:00+00:00,164.12,41.56,0.0,205.68,cartao_credito,entregue,False,,2026-05-18 19:41:00+00:00
1787,6026,114,2026-05-03 00:18:00+00:00,73.37,20.66,4.72,89.31,cartao_debito,entregue,True,,2026-05-03 00:18:00+00:00
1788,6030,163,2026-01-10 14:36:00+00:00,746.23,28.51,0.0,774.74,pix,entregue,False,,2026-01-10 14:36:00+00:00
1789,6031,9,2026-04-19 14:00:00+00:00,154.92,7.07,13.96,148.03,pix,entregue,True,,2026-04-19 14:00:00+00:00
1790,6033,706,2026-05-12 11:47:00+00:00,330.29,0.0,0.0,330.29,cartao_credito,entregue,False,,2026-05-12 11:47:00+00:00
1791,6035,374,2026-02-25 11:10:00+00:00,284.34,13.89,0.0,298.23,pix,entregue,False,,2026-02-25 11:10:00+00:00
1792,6038,490,2026-02-17 03:42:00+00:00,294.75,9.72,34.16,270.31,cartao_credito,enviado,True,,2026-02-17 03:42:00+00:00
1793,6039,1270,2026-05-14 14:00:00+00:00,91.0,16.8,0.0,107.8,pix,enviado,False,,2026-05-14 14:00:00+00:00
1794,6041,206,2026-03-15 22:53:00+00:00,508.66,20.38,0.0,529.04,cartao_credito,cancelado,False,,2026-03-15 22:53:00+00:00
1795,6043,597,2026-02-06 17:26:00+00:00,520.12,10.26,0.0,530.38,cartao_debito,confirmado,False,,2026-02-06 17:26:00+00:00
1796,6048,39,2026-03-28 12:43:00+00:00,226.45,37.03,0.0,263.48,cartao_credito,enviado,False,,2026-03-28 12:43:00+00:00
1797,6050,114,2026-04-05 10:23:00+00:00,633.38,28.76,0.0,662.14,pix,entregue,False,,2026-04-05 10:23:00+00:00
1798,6051,5,2026-04-14 10:26:00+00:00,1211.95,17.59,0.0,1229.54,cartao_debito,entregue,False,,2026-04-14 10:26:00+00:00
1799,6055,811,2026-06-18 20:06:00+00:00,364.51,32.58,0.0,397.09,cartao_credito,enviado,False,,2026-06-18 20:06:00+00:00
1800,6056,536,2026-02-16 17:38:00+00:00,371.15,21.4,0.0,392.55,pix,entregue,False,,2026-02-16 17:38:00+00:00
1801,6059,489,2026-03-17 17:51:00+00:00,425.46,43.41,0.0,468.87,cartao_debito,enviado,False,,2026-03-17 17:51:00+00:00
1802,6061,97,2026-02-19 17:13:00+00:00,67.73,23.55,8.18,83.1,cartao_credito,entregue,True,,2026-02-19 17:13:00+00:00
1803,6070,897,2026-03-05 10:27:00+00:00,183.01,41.32,0.0,224.33,boleto,entregue,False,,2026-03-05 10:27:00+00:00
1804,6073,929,2026-02-05 14:38:00+00:00,525.29,36.14,36.28,525.15,cartao_debito,entregue,True,,2026-02-05 14:38:00+00:00
1805,6075,1230,2026-04-07 00:48:00+00:00,62.65,26.04,0.0,88.69,cartao_credito,entregue,False,,2026-04-07 00:48:00+00:00
1806,6084,1232,2026-02-22 12:44:00+00:00,185.51,44.93,0.0,230.44,cartao_credito,entregue,False,,2026-02-22 12:44:00+00:00
1807,6085,1206,2026-06-20 18:30:00+00:00,117.21,11.36,0.0,128.57,pix,entregue,False,,2026-06-20 18:30:00+00:00
1808,6090,839,2026-03-23 14:38:00+00:00,509.3,13.2,0.0,522.5,cartao_credito,entregue,False,,2026-03-23 14:38:00+00:00
1809,6094,678,2026-04-10 09:22:00+00:00,75.65,19.22,9.29,85.58,cartao_debito,enviado,True,,2026-04-10 09:22:00+00:00
1810,6096,602,2026-03-22 15:05:00+00:00,799.96,35.1,82.11,752.95,pix,enviado,True,,2026-03-22 15:05:00+00:00
1811,6101,95,2026-05-19 18:56:00+00:00,200.32,7.13,0.0,207.45,cartao_credito,entregue,False,,2026-05-19 18:56:00+00:00
1812,6118,291,2026-05-15 21:57:00+00:00,100.58,32.06,9.39,123.25,cartao_credito,entregue,True,,2026-05-15 21:57:00+00:00
1813,6120,1395,2026-04-27 04:08:00+00:00,188.39,17.72,0.0,206.11,pix,enviado,False,,2026-04-27 04:08:00+00:00
1814,6127,414,2026-06-22 16:58:00+00:00,172.15,24.81,0.0,196.96,boleto,confirmado,False,,2026-06-22 16:58:00+00:00
1815,6128,542,2026-04-05 18:45:00+00:00,59.3,29.54,0.0,88.84,boleto,entregue,False,,2026-04-05 18:45:00+00:00
1816,6134,801,2026-05-16 21:11:00+00:00,89.0,26.88,10.16,105.72,cartao_credito,confirmado,True,,2026-05-16 21:11:00+00:00
1817,6136,1103,2026-05-11 16:40:00+00:00,134.6,28.92,0.0,163.52,pix,entregue,False,,2026-05-11 16:40:00+00:00
1818,6137,1330,2026-06-10 16:24:00+00:00,164.1,22.44,0.0,186.54,pix,confirmado,False,,2026-06-10 16:24:00+00:00
1819,6141,1229,2026-01-21 12:38:00+00:00,782.18,28.99,0.0,811.17,pix,entregue,False,,2026-01-21 12:38:00+00:00
1820,6146,1172,2026-06-26 11:54:00+00:00,354.25,33.85,0.0,388.1,pix,enviado,False,,2026-06-26 11:54:00+00:00
1821,6153,1192,2026-06-26 18:19:00+00:00,406.71,24.92,32.26,399.37,pix,enviado,True,,2026-06-26 18:19:00+00:00
1822,6154,565,2026-06-06 11:02:00+00:00,222.32,27.4,0.0,249.72,pix,confirmado,False,,2026-06-06 11:02:00+00:00
1823,6155,1319,2026-01-14 02:55:00+00:00,316.29,24.5,0.0,340.79,cartao_debito,cancelado,False,,2026-01-14 02:55:00+00:00
1824,6157,339,2026-06-19 15:47:00+00:00,418.06,27.37,0.0,445.43,cartao_credito,entregue,False,,2026-06-19 15:47:00+00:00
1825,6158,1205,2026-03-09 14:38:00+00:00,285.88,32.6,24.01,294.47,boleto,entregue,True,,2026-03-09 14:38:00+00:00
1826,6159,1083,2026-06-11 22:43:00+00:00,1293.78,40.32,0.0,1334.1,pix,entregue,False,,2026-06-11 22:43:00+00:00
1827,6166,343,2026-01-22 16:41:00+00:00,542.86,27.65,0.0,570.51,cartao_credito,entregue,False,,2026-01-22 16:41:00+00:00
1828,6167,653,2026-06-08 10:46:00+00:00,72.81,11.59,0.0,84.4,boleto,confirmado,False,,2026-06-08 10:46:00+00:00
1829,6168,1014,2026-06-27 21:39:00+00:00,533.86,32.47,0.0,566.33,pix,entregue,False,,2026-06-27 21:39:00+00:00
1830,6169,1162,2026-06-17 18:01:00+00:00,644.5,21.55,0.0,666.05,cartao_credito,entregue,False,,2026-06-17 18:01:00+00:00
1831,6173,624,2026-02-18 01:14:00+00:00,419.9,35.25,0.0,455.15,pix,enviado,False,,2026-02-18 01:14:00+00:00
1832,6180,388,2026-03-08 01:20:00+00:00,224.93,36.18,0.0,261.11,pix,confirmado,False,,2026-03-08 01:20:00+00:00
1833,6181,456,2026-06-12 18:03:00+00:00,628.99,8.7,0.0,637.69,cartao_debito,enviado,False,,2026-06-12 18:03:00+00:00
1834,6182,1107,2026-02-08 19:20:00+00:00,112.93,44.54,0.0,157.47,cartao_credito,enviado,False,,2026-02-08 19:20:00+00:00
1835,6197,565,2026-04-07 21:59:00+00:00,98.52,0.0,0.0,98.52,pix,enviado,False,,2026-04-07 21:59:00+00:00
1836,6201,1180,2026-05-15 19:54:00+00:00,702.2,8.05,0.0,710.25,cartao_credito,entregue,False,,2026-05-15 19:54:00+00:00
1837,6203,1275,2026-02-21 15:17:00+00:00,117.38,17.05,0.0,134.43,boleto,entregue,False,,2026-02-21 15:17:00+00:00
1838,6206,1193,2026-03-03 22:04:00+00:00,886.22,36.23,83.92,838.53,pix,entregue,True,,2026-03-03 22:04:00+00:00
1839,6209,1285,2026-03-05 16:03:00+00:00,741.92,11.85,101.2,652.57,cartao_credito,confirmado,True,,2026-03-05 16:03:00+00:00
1840,6216,304,2026-05-06 21:16:00+00:00,57.78,24.36,0.0,82.14,cartao_debito,entregue,False,,2026-05-06 21:16:00+00:00
1841,6219,502,2026-02-28 11:18:00+00:00,214.94,18.44,28.18,205.2,pix,enviado,True,,2026-02-28 11:18:00+00:00
1842,6221,813,2026-03-03 15:32:00+00:00,124.0,35.35,0.0,159.35,boleto,entregue,False,,2026-03-03 15:32:00+00:00
1843,6229,130,2026-06-13 23:21:00+00:00,119.23,38.37,0.0,157.6,cartao_credito,enviado,False,,2026-06-13 23:21:00+00:00
1844,6235,566,2026-03-20 20:24:00+00:00,250.74,34.75,0.0,285.49,pix,confirmado,False,,2026-03-20 20:24:00+00:00
1845,6241,463,2026-05-02 16:20:00+00:00,567.77,29.87,0.0,597.64,cartao_credito,confirmado,False,,2026-05-02 16:20:00+00:00
1846,6252,59,2026-03-02 00:07:00+00:00,381.39,23.09,0.0,404.48,cartao_credito,entregue,False,,2026-03-02 00:07:00+00:00
1847,6257,1015,2026-02-12 12:27:00+00:00,207.88,41.99,0.0,249.87,cartao_credito,confirmado,False,,2026-02-12 12:27:00+00:00
1848,6259,66,2026-06-18 12:46:00+00:00,16.66,43.81,0.0,60.47,pix,confirmado,True,5491,2026-06-18 12:46:00+00:00
1849,6262,539,2026-03-16 21:09:00+00:00,188.28,26.86,0.0,215.14,cartao_credito,confirmado,False,,2026-03-16 21:09:00+00:00
1850,6266,1388,2026-06-13 15:07:00+00:00,409.54,0.0,0.0,409.54,cartao_credito,entregue,True,5496,2026-06-13 15:07:00+00:00
1851,6269,1158,2026-02-27 14:41:00+00:00,312.84,36.27,0.0,349.11,cartao_credito,entregue,False,,2026-02-27 14:41:00+00:00
1852,6273,1354,2026-02-17 16:40:00+00:00,166.45,28.9,0.0,195.35,cartao_debito,entregue,False,,2026-02-17 16:40:00+00:00
1853,6284,51,2026-05-14 10:40:00+00:00,365.31,17.49,0.0,382.8,pix,entregue,False,,2026-05-14 10:40:00+00:00
1854,6290,301,2026-05-06 04:23:00+00:00,58.11,41.63,0.0,99.74,cartao_credito,entregue,False,,2026-05-06 04:23:00+00:00
1855,6294,582,2026-05-14 12:42:00+00:00,600.86,21.93,0.0,622.79,cartao_credito,entregue,False,,2026-05-14 12:42:00+00:00
1856,6295,706,2026-05-25 16:52:00+00:00,72.6,27.6,0.0,100.2,cartao_credito,enviado,False,,2026-05-25 16:52:00+00:00
1857,6296,182,2026-01-16 02:45:00+00:00,224.3,37.25,0.0,261.55,pix,confirmado,False,,2026-01-16 02:45:00+00:00
1858,6297,505,2026-01-28 12:22:00+00:00,112.87,34.77,0.0,147.64,cartao_credito,entregue,False,,2026-01-28 12:22:00+00:00
1859,6300,453,2026-05-12 18:06:00+00:00,192.06,43.05,26.85,208.26,cartao_credito,cancelado,True,,2026-05-12 18:06:00+00:00
1860,6302,588,2026-01-27 20:31:00+00:00,278.66,28.78,0.0,307.44,cartao_credito,entregue,False,,2026-01-27 20:31:00+00:00
1861,6311,93,2026-02-16 22:36:00+00:00,196.8,44.01,18.1,222.71,cartao_credito,confirmado,True,,2026-02-16 22:36:00+00:00
1862,6317,912,2026-05-06 13:27:00+00:00,430.13,11.69,0.0,441.82,pix,entregue,False,,2026-05-06 13:27:00+00:00
1863,6318,1219,2026-03-26 20:55:00+00:00,645.9,30.55,0.0,676.45,pix,entregue,False,,2026-03-26 20:55:00+00:00
1864,6322,489,2026-04-02 12:37:00+00:00,758.53,13.95,0.0,772.48,pix,entregue,False,,2026-04-02 12:37:00+00:00
1865,6325,964,2026-06-07 16:40:00+00:00,686.14,38.01,0.0,724.15,pix,entregue,False,,2026-06-07 16:40:00+00:00
1866,6332,730,2026-01-26 12:50:00+00:00,269.14,21.17,0.0,290.31,cartao_credito,entregue,False,,2026-01-26 12:50:00+00:00
1867,6333,561,2026-02-14 18:09:00+00:00,72.39,41.04,0.0,113.43,cartao_debito,entregue,False,,2026-02-14 18:09:00+00:00
1868,6337,3,2026-06-27 15:43:00+00:00,340.41,18.04,0.0,358.45,pix,entregue,False,,2026-06-27 15:43:00+00:00
1869,6339,1454,2026-05-08 20:23:00+00:00,373.35,41.18,0.0,414.53,pix,cancelado,False,,2026-05-08 20:23:00+00:00
1870,6343,949,2026-03-03 03:23:00+00:00,443.19,33.95,0.0,477.14,cartao_credito,entregue,False,,2026-03-03 03:23:00+00:00
1871,6349,635,2026-04-09 21:43:00+00:00,119.29,7.91,0.0,127.2,cartao_credito,cancelado,False,,2026-04-09 21:43:00+00:00
1872,6351,1169,2026-02-13 18:59:00+00:00,486.27,24.72,71.76,439.23,cartao_credito,entregue,True,,2026-02-13 18:59:00+00:00
1873,6354,1178,2026-04-26 22:18:00+00:00,684.38,19.35,69.73,634.0,pix,cancelado,True,,2026-04-26 22:18:00+00:00
1874,6356,1167,2026-02-18 20:08:00+00:00,192.11,20.63,24.61,188.13,pix,confirmado,True,,2026-02-18 20:08:00+00:00
1875,6358,501,2026-01-22 16:05:00+00:00,113.04,13.03,0.0,126.07,boleto,confirmado,False,,2026-01-22 16:05:00+00:00
1876,6364,1469,2026-04-22 00:16:00+00:00,56.67,11.42,0.0,68.09,cartao_credito,entregue,False,,2026-04-22 00:16:00+00:00
1877,6365,1108,2026-01-18 16:36:00+00:00,84.53,35.67,0.0,120.2,cartao_credito,enviado,False,,2026-01-18 16:36:00+00:00
1878,6367,780,2026-01-20 23:34:00+00:00,475.18,26.32,0.0,501.5,cartao_debito,entregue,False,,2026-01-20 23:34:00+00:00
1879,6371,1281,2026-04-20 11:24:00+00:00,322.43,11.62,21.11,312.94,boleto,enviado,True,,2026-04-20 11:24:00+00:00
1880,6372,1440,2026-05-26 20:37:00+00:00,161.14,26.64,0.0,187.78,boleto,enviado,False,,2026-05-26 20:37:00+00:00
1881,6375,1006,2026-03-24 21:25:00+00:00,146.64,39.02,0.0,185.66,boleto,entregue,False,,2026-03-24 21:25:00+00:00
1882,6379,241,2026-06-05 17:30:00+00:00,67.88,11.18,9.35,69.71,cartao_credito,cancelado,True,,2026-06-05 17:30:00+00:00
1883,6380,546,2026-06-22 10:10:00+00:00,554.52,25.23,0.0,579.75,pix,entregue,False,,2026-06-22 10:10:00+00:00
1884,6383,514,2026-06-02 14:18:00+00:00,285.38,30.46,0.0,315.84,cartao_credito,enviado,False,,2026-06-02 14:18:00+00:00
1885,6384,1276,2026-06-11 18:39:00+00:00,310.24,41.94,0.0,352.18,cartao_credito,entregue,False,,2026-06-11 18:39:00+00:00
1886,6393,1194,2026-02-02 22:03:00+00:00,309.31,40.61,20.18,329.74,boleto,enviado,True,,2026-02-02 22:03:00+00:00
1887,6397,292,2026-03-14 21:28:00+00:00,683.35,14.03,0.0,697.38,cartao_credito,entregue,False,,2026-03-14 21:28:00+00:00
1888,6400,292,2026-05-04 20:44:00+00:00,98.15,27.54,0.0,125.69,cartao_debito,enviado,False,,2026-05-04 20:44:00+00:00
1889,6404,831,2026-03-07 12:29:00+00:00,391.59,22.27,0.0,413.86,cartao_credito,confirmado,False,,2026-03-07 12:29:00+00:00
1890,6415,186,2026-01-04 20:37:00+00:00,334.39,34.93,0.0,369.32,pix,enviado,False,,2026-01-04 20:37:00+00:00
1891,6425,1481,2026-06-28 11:49:00+00:00,108.03,13.67,0.0,121.7,boleto,entregue,False,,2026-06-28 11:49:00+00:00
1892,6427,177,2026-05-21 15:29:00+00:00,936.21,9.23,0.0,945.44,cartao_credito,confirmado,False,,2026-05-21 15:29:00+00:00
1893,6428,565,2026-04-18 02:28:00+00:00,170.85,25.62,17.53,178.94,boleto,entregue,True,,2026-04-18 02:28:00+00:00
1894,6430,1064,2026-06-07 14:51:00+00:00,48.75,14.84,0.0,63.59,cartao_debito,confirmado,False,,2026-06-07 14:51:00+00:00
1895,6439,696,2026-05-18 11:44:00+00:00,150.69,11.24,0.0,161.93,pix,entregue,False,,2026-05-18 11:44:00+00:00
1896,6442,1097,2026-05-23 13:22:00+00:00,259.86,30.1,0.0,289.96,cartao_credito,entregue,False,,2026-05-23 13:22:00+00:00
1897,6445,1352,2026-05-06 17:44:00+00:00,601.54,10.96,0.0,612.5,pix,entregue,False,,2026-05-06 17:44:00+00:00
1898,6447,558,2026-06-23 03:27:00+00:00,320.33,40.25,0.0,360.58,boleto,entregue,False,,2026-06-23 03:27:00+00:00
1899,6448,121,2026-05-01 18:47:00+00:00,41.83,12.6,0.0,54.43,cartao_credito,entregue,False,,2026-05-01 18:47:00+00:00
1900,6453,1104,2026-01-06 02:32:00+00:00,407.62,7.99,0.0,415.61,pix,entregue,False,,2026-01-06 02:32:00+00:00
1901,6457,1002,2026-06-24 15:49:00+00:00,314.89,32.26,0.0,347.15,cartao_credito,confirmado,False,,2026-06-24 15:49:00+00:00
1902,6466,166,2026-05-11 22:24:00+00:00,256.24,32.79,0.0,289.03,pix,entregue,False,,2026-05-11 22:24:00+00:00
1903,6468,116,2026-02-15 19:42:00+00:00,342.66,10.35,0.0,353.01,pix,entregue,False,,2026-02-15 19:42:00+00:00
1904,6469,1258,2026-04-22 11:14:00+00:00,514.45,41.44,39.41,516.48,pix,enviado,True,,2026-04-22 11:14:00+00:00
1905,6471,1434,2026-03-23 11:51:00+00:00,570.08,12.71,0.0,582.79,cartao_debito,entregue,False,,2026-03-23 11:51:00+00:00
1906,6474,50,2026-01-19 15:56:00+00:00,160.3,9.67,0.0,169.97,pix,entregue,False,,2026-01-19 15:56:00+00:00
1907,6479,1294,2026-05-15 10:39:00+00:00,247.29,35.5,30.35,252.44,cartao_credito,enviado,True,,2026-05-15 10:39:00+00:00
1908,6480,1073,2026-02-26 22:33:00+00:00,433.52,42.56,0.0,476.08,pix,entregue,False,,2026-02-26 22:33:00+00:00
1909,6482,1314,2026-02-14 18:36:00+00:00,358.27,33.87,0.0,392.14,boleto,entregue,False,,2026-02-14 18:36:00+00:00
1910,6483,842,2026-03-18 19:55:00+00:00,288.05,15.61,0.0,303.66,pix,entregue,False,,2026-03-18 19:55:00+00:00
1911,6487,258,2026-06-07 15:00:00+00:00,212.42,5.9,0.0,218.32,pix,entregue,False,,2026-06-07 15:00:00+00:00
1912,6489,827,2026-06-06 16:36:00+00:00,298.51,5.04,0.0,303.55,boleto,entregue,False,,2026-06-06 16:36:00+00:00
1913,6494,499,2026-01-06 17:45:00+00:00,88.99,39.8,0.0,128.79,cartao_debito,confirmado,False,,2026-01-06 17:45:00+00:00
1914,6495,1365,2026-02-21 22:29:00+00:00,245.41,41.31,0.0,286.72,pix,entregue,False,,2026-02-21 22:29:00+00:00
1915,6497,9,2026-05-07 13:23:00+00:00,260.5,37.63,0.0,298.13,cartao_credito,enviado,False,,2026-05-07 13:23:00+00:00
1916,6498,312,2026-05-24 17:51:00+00:00,499.7,30.86,0.0,530.56,pix,entregue,False,,2026-05-24 17:51:00+00:00
1917,6501,779,2026-05-15 13:40:00+00:00,333.91,19.38,0.0,353.29,cartao_credito,enviado,False,,2026-05-15 13:40:00+00:00
1918,6504,159,2026-02-11 20:51:00+00:00,637.93,6.3,0.0,644.23,cartao_debito,entregue,False,,2026-02-11 20:51:00+00:00
1919,6515,843,2026-05-04 12:05:00+00:00,232.25,19.52,0.0,251.77,cartao_credito,entregue,False,,2026-05-04 12:05:00+00:00
1920,6516,959,2026-06-01 19:57:00+00:00,101.73,35.79,0.0,137.52,boleto,entregue,False,,2026-06-01 19:57:00+00:00
1921,6519,552,2026-05-01 17:39:00+00:00,290.28,19.48,0.0,309.76,boleto,confirmado,False,,2026-05-01 17:39:00+00:00
1922,6522,184,2026-06-19 12:17:00+00:00,97.57,31.93,0.0,129.5,pix,entregue,False,,2026-06-19 12:17:00+00:00
1923,6524,759,2026-06-23 21:00:00+00:00,740.71,17.34,0.0,758.05,cartao_credito,entregue,False,,2026-06-23 21:00:00+00:00
1924,6525,23,2026-05-04 16:23:00+00:00,645.04,19.88,0.0,664.92,cartao_credito,entregue,False,,2026-05-04 16:23:00+00:00
1925,6526,872,2026-02-13 02:13:00+00:00,271.8,29.97,0.0,301.77,cartao_credito,entregue,False,,2026-02-13 02:13:00+00:00
1926,6527,908,2026-03-24 12:25:00+00:00,124.98,24.31,0.0,149.29,cartao_credito,entregue,False,,2026-03-24 12:25:00+00:00
1927,6528,886,2026-03-17 21:27:00+00:00,518.19,28.37,0.0,546.56,boleto,cancelado,False,,2026-03-17 21:27:00+00:00
1928,6529,362,2026-06-12 16:45:00+00:00,438.28,34.16,0.0,472.44,pix,entregue,False,,2026-06-12 16:45:00+00:00
1929,6530,670,2026-06-22 11:59:00+00:00,395.98,20.98,36.16,380.8,pix,entregue,True,,2026-06-22 11:59:00+00:00
1930,6536,789,2026-06-26 00:19:00+00:00,112.4,14.04,0.0,126.44,boleto,enviado,False,,2026-06-26 00:19:00+00:00
1931,6538,191,2026-03-01 10:42:00+00:00,910.44,43.75,0.0,954.19,cartao_debito,enviado,False,,2026-03-01 10:42:00+00:00
1932,6539,1448,2026-03-09 12:51:00+00:00,724.79,14.18,0.0,738.97,pix,enviado,False,,2026-03-09 12:51:00+00:00
1933,6542,1077,2026-04-12 00:10:00+00:00,290.35,27.77,0.0,318.12,boleto,entregue,False,,2026-04-12 00:10:00+00:00
1934,6550,309,2026-06-18 15:27:00+00:00,265.36,7.97,0.0,273.33,pix,confirmado,False,,2026-06-18 15:27:00+00:00
1935,6551,443,2026-05-19 15:46:00+00:00,265.38,13.02,0.0,278.4,cartao_debito,entregue,False,,2026-05-19 15:46:00+00:00
1936,6553,723,2026-05-04 11:19:00+00:00,681.26,23.67,0.0,704.93,pix,confirmado,False,,2026-05-04 11:19:00+00:00
1937,6559,1487,2026-05-01 17:45:00+00:00,197.57,22.03,0.0,219.6,cartao_credito,enviado,False,,2026-05-01 17:45:00+00:00
1938,6560,1240,2026-06-15 01:59:00+00:00,523.93,40.4,0.0,564.33,pix,entregue,False,,2026-06-15 01:59:00+00:00
1939,6563,799,2026-04-21 19:20:00+00:00,126.41,26.33,16.33,136.41,cartao_credito,cancelado,True,,2026-04-21 19:20:00+00:00
1940,6564,1317,2026-05-17 17:12:00+00:00,48.86,29.44,0.0,78.3,cartao_credito,enviado,False,,2026-05-17 17:12:00+00:00
1941,6565,30,2026-01-18 18:27:00+00:00,388.1,0.0,0.0,388.1,cartao_credito,entregue,False,,2026-01-18 18:27:00+00:00
1942,6568,46,2026-03-08 21:59:00+00:00,64.72,44.38,0.0,109.1,cartao_credito,entregue,False,,2026-03-08 21:59:00+00:00
1943,6573,882,2026-05-13 11:55:00+00:00,495.86,16.91,0.0,512.77,boleto,entregue,False,,2026-05-13 11:55:00+00:00
1944,6574,500,2026-01-02 18:13:00+00:00,1006.92,17.5,0.0,1024.42,cartao_credito,enviado,False,,2026-01-02 18:13:00+00:00
1945,6577,1321,2026-03-23 13:37:00+00:00,246.06,8.0,24.46,229.6,boleto,entregue,True,,2026-03-23 13:37:00+00:00
1946,6583,1211,2026-01-22 10:37:00+00:00,258.17,13.87,0.0,272.04,pix,enviado,False,,2026-01-22 10:37:00+00:00
1947,6585,298,2026-04-11 20:31:00+00:00,45.08,41.93,5.83,81.18,pix,entregue,True,,2026-04-11 20:31:00+00:00
1948,6594,423,2026-02-21 22:28:00+00:00,397.6,24.04,0.0,421.64,boleto,entregue,False,,2026-02-21 22:28:00+00:00
1949,6595,1197,2026-02-28 01:24:00+00:00,110.49,26.63,0.0,137.12,boleto,entregue,False,,2026-02-28 01:24:00+00:00
1950,6598,1057,2026-02-28 22:12:00+00:00,1435.88,35.86,0.0,1471.74,pix,entregue,False,,2026-02-28 22:12:00+00:00
1951,6622,770,2026-03-05 23:20:00+00:00,408.8,16.87,27.77,397.9,cartao_credito,confirmado,True,,2026-03-05 23:20:00+00:00
1952,6626,343,2026-06-01 15:29:00+00:00,86.61,43.95,7.38,123.18,boleto,entregue,True,,2026-06-01 15:29:00+00:00
1953,6628,256,2026-02-20 03:38:00+00:00,407.45,26.89,0.0,434.34,pix,enviado,False,,2026-02-20 03:38:00+00:00
1954,6629,616,2026-03-27 18:50:00+00:00,141.09,34.12,0.0,175.21,boleto,confirmado,False,,2026-03-27 18:50:00+00:00
1955,6641,361,2026-04-22 14:11:00+00:00,388.69,36.47,40.24,384.92,cartao_credito,entregue,True,,2026-04-22 14:11:00+00:00
1956,6644,1247,2026-04-11 00:06:00+00:00,120.57,34.41,0.0,154.98,cartao_credito,entregue,False,,2026-04-11 00:06:00+00:00
1957,6645,572,2026-02-24 02:43:00+00:00,78.9,20.04,0.0,98.94,pix,entregue,False,,2026-02-24 02:43:00+00:00
1958,6647,474,2026-03-01 09:59:00+00:00,169.95,28.2,0.0,198.15,pix,entregue,False,,2026-03-01 09:59:00+00:00
1959,6648,1328,2026-01-07 23:26:00+00:00,53.36,21.48,0.0,74.84,pix,entregue,False,,2026-01-07 23:26:00+00:00
1960,6655,1344,2026-05-04 01:01:00+00:00,323.53,16.8,21.05,319.28,pix,entregue,True,,2026-05-04 01:01:00+00:00
1961,6661,1355,2026-03-22 00:27:00+00:00,561.37,36.68,0.0,598.05,boleto,entregue,False,,2026-03-22 00:27:00+00:00
1962,6670,672,2026-02-08 00:58:00+00:00,230.57,21.73,0.0,252.3,cartao_credito,entregue,False,,2026-02-08 00:58:00+00:00
1963,6681,1447,2026-02-11 00:31:00+00:00,669.89,7.26,0.0,677.15,cartao_credito,enviado,False,,2026-02-11 00:31:00+00:00
1964,6684,45,2026-06-27 16:26:00+00:00,268.23,10.41,0.0,278.64,cartao_credito,enviado,False,,2026-06-27 16:26:00+00:00
1965,6685,1496,2026-01-02 02:56:00+00:00,53.17,15.12,0.0,68.29,pix,enviado,False,,2026-01-02 02:56:00+00:00
1966,6691,583,2026-04-27 16:06:00+00:00,190.48,15.76,0.0,206.24,cartao_credito,entregue,False,,2026-04-27 16:06:00+00:00
1967,6694,284,2026-04-23 19:56:00+00:00,983.39,35.56,60.19,958.76,pix,entregue,True,,2026-04-23 19:56:00+00:00
1968,6696,566,2026-04-25 01:51:00+00:00,478.74,10.01,0.0,488.75,cartao_credito,enviado,False,,2026-04-25 01:51:00+00:00
1969,6700,1083,2026-06-17 17:20:00+00:00,198.87,33.15,0.0,232.02,pix,confirmado,False,,2026-06-17 17:20:00+00:00
1970,6701,641,2026-03-13 11:29:00+00:00,276.83,42.9,29.62,290.11,cartao_debito,confirmado,True,,2026-03-13 11:29:00+00:00
1971,6703,1183,2026-02-04 12:24:00+00:00,439.68,41.78,0.0,481.46,pix,enviado,False,,2026-02-04 12:24:00+00:00
1972,6709,440,2026-04-13 11:27:00+00:00,117.82,14.42,0.0,132.24,cartao_debito,entregue,False,,2026-04-13 11:27:00+00:00
1973,6710,1261,2026-01-16 10:47:00+00:00,518.86,32.12,0.0,550.98,cartao_credito,entregue,False,,2026-01-16 10:47:00+00:00
1974,6719,1496,2026-05-06 01:28:00+00:00,142.81,29.59,12.21,160.19,pix,entregue,True,,2026-05-06 01:28:00+00:00
1975,6722,14,2026-05-03 02:14:00+00:00,136.84,20.08,0.0,156.92,boleto,entregue,False,,2026-05-03 02:14:00+00:00
1976,6724,1446,2026-01-16 13:48:00+00:00,156.24,12.41,0.0,168.65,pix,entregue,False,,2026-01-16 13:48:00+00:00
1977,6729,826,2026-06-05 10:53:00+00:00,702.64,0.0,84.18,618.46,pix,enviado,True,,2026-06-05 10:53:00+00:00
1978,6730,1277,2026-04-19 14:49:00+00:00,126.35,20.4,11.79,134.96,pix,confirmado,True,,2026-04-19 14:49:00+00:00
1979,6740,604,2026-06-07 14:01:00+00:00,269.64,22.71,0.0,292.35,pix,entregue,False,,2026-06-07 14:01:00+00:00
1980,6741,274,2026-05-05 23:31:00+00:00,844.41,9.62,110.45,743.58,cartao_credito,entregue,True,,2026-05-05 23:31:00+00:00
1981,6743,734,2026-05-14 15:26:00+00:00,165.25,5.84,0.0,171.09,cartao_credito,enviado,False,,2026-05-14 15:26:00+00:00
1982,6745,160,2026-04-09 01:20:00+00:00,712.18,17.3,0.0,729.48,pix,enviado,False,,2026-04-09 01:20:00+00:00
1983,6748,188,2026-05-11 17:27:00+00:00,299.16,7.58,28.9,277.84,cartao_credito,entregue,True,,2026-05-11 17:27:00+00:00
1984,6757,1050,2026-02-24 03:02:00+00:00,313.45,41.17,27.88,326.74,cartao_credito,enviado,True,,2026-02-24 03:02:00+00:00
1985,6758,278,2026-05-23 21:04:00+00:00,501.3,17.81,0.0,519.11,cartao_credito,entregue,False,,2026-05-23 21:04:00+00:00
1986,6759,166,2026-05-23 20:50:00+00:00,90.3,10.87,0.0,101.17,cartao_credito,confirmado,False,,2026-05-23 20:50:00+00:00
1987,6767,920,2026-05-15 12:38:00+00:00,428.91,7.81,34.53,402.19,cartao_credito,entregue,True,,2026-05-15 12:38:00+00:00
1988,6768,829,2026-03-22 21:47:00+00:00,45.37,12.53,0.0,57.9,cartao_credito,entregue,False,,2026-03-22 21:47:00+00:00
1989,6771,311,2026-04-22 23:20:00+00:00,215.58,10.27,10.93,214.92,pix,entregue,True,,2026-04-22 23:20:00+00:00
1990,6774,245,2026-06-25 18:21:00+00:00,42.92,21.31,0.0,64.23,cartao_credito,entregue,False,,2026-06-25 18:21:00+00:00
1991,6776,1106,2026-06-23 01:17:00+00:00,535.71,36.36,42.9,529.17,cartao_debito,entregue,True,,2026-06-23 01:17:00+00:00
1992,6780,312,2026-04-22 11:11:00+00:00,261.01,23.03,0.0,284.04,cartao_credito,entregue,False,,2026-04-22 11:11:00+00:00
1993,6783,116,2026-04-19 03:25:00+00:00,677.24,10.43,0.0,687.67,cartao_credito,entregue,False,,2026-04-19 03:25:00+00:00
1994,6785,308,2026-05-28 09:48:00+00:00,253.68,32.98,31.25,255.41,cartao_debito,enviado,True,,2026-05-28 09:48:00+00:00
1995,6787,1459,2026-01-22 18:37:00+00:00,685.72,21.22,0.0,706.94,cartao_credito,entregue,False,,2026-01-22 18:37:00+00:00
1996,6792,574,2026-03-12 14:01:00+00:00,717.4,0.0,0.0,717.4,cartao_credito,entregue,False,,2026-03-12 14:01:00+00:00
1997,6793,899,2026-03-27 14:59:00+00:00,95.51,38.53,10.43,123.61,cartao_credito,cancelado,True,,2026-03-27 14:59:00+00:00
1998,6794,716,2026-04-28 20:06:00+00:00,33.18,29.73,0.0,62.91,cartao_credito,enviado,False,,2026-04-28 20:06:00+00:00
1999,6799,844,2026-02-13 15:13:00+00:00,422.46,18.75,0.0,441.21,cartao_credito,entregue,False,,2026-02-13 15:13:00+00:00
2000,6801,924,2026-05-15 21:45:00+00:00,153.54,12.09,0.0,165.63,pix,enviado,False,,2026-05-15 21:45:00+00:00
2001,6802,1064,2026-04-22 16:09:00+00:00,504.85,34.4,0.0,539.25,cartao_credito,entregue,False,,2026-04-22 16:09:00+00:00
2002,6803,1445,2026-01-27 02:31:00+00:00,201.66,32.57,0.0,234.23,cartao_credito,entregue,False,,2026-01-27 02:31:00+00:00
2003,6805,359,2026-02-06 10:59:00+00:00,215.24,28.42,0.0,243.66,pix,entregue,False,,2026-02-06 10:59:00+00:00
2004,6808,850,2026-01-07 20:00:00+00:00,114.82,27.1,0.0,141.92,pix,entregue,False,,2026-01-07 20:00:00+00:00
2005,6812,1407,2026-06-27 20:29:00+00:00,469.64,30.97,0.0,500.61,cartao_credito,entregue,False,,2026-06-27 20:29:00+00:00
2006,6813,496,2026-04-26 23:42:00+00:00,249.68,25.22,0.0,274.9,cartao_credito,entregue,False,,2026-04-26 23:42:00+00:00
2007,6824,993,2026-01-07 18:41:00+00:00,665.27,7.41,46.28,626.4,cartao_credito,enviado,True,,2026-01-07 18:41:00+00:00
2008,6826,534,2026-02-19 00:25:00+00:00,526.13,36.72,0.0,562.85,pix,entregue,False,,2026-02-19 00:25:00+00:00
2009,6827,427,2026-02-20 10:57:00+00:00,93.89,19.76,0.0,113.65,boleto,entregue,False,,2026-02-20 10:57:00+00:00
2010,6833,246,2026-03-13 15:21:00+00:00,19.09,0.0,0.0,19.09,pix,entregue,False,,2026-03-13 15:21:00+00:00
2011,6835,1195,2026-03-29 01:10:00+00:00,215.69,12.87,0.0,228.56,cartao_credito,enviado,False,,2026-03-29 01:10:00+00:00
2012,6837,666,2026-01-10 13:15:00+00:00,647.42,13.08,0.0,660.5,pix,entregue,False,,2026-01-10 13:15:00+00:00
2013,6844,45,2026-04-05 19:39:00+00:00,109.42,9.08,0.0,118.5,cartao_credito,confirmado,False,,2026-04-05 19:39:00+00:00
2014,6846,461,2026-06-15 03:58:00+00:00,214.95,32.05,0.0,247.0,cartao_credito,entregue,False,,2026-06-15 03:58:00+00:00
2015,6849,1352,2026-03-18 20:06:00+00:00,414.22,0.0,0.0,414.22,pix,entregue,False,,2026-03-18 20:06:00+00:00
2016,6854,16,2026-04-25 02:50:00+00:00,464.99,33.19,33.38,464.8,boleto,entregue,True,,2026-04-25 02:50:00+00:00
2017,6858,481,2026-01-18 00:28:00+00:00,528.48,21.32,0.0,549.8,cartao_debito,entregue,False,,2026-01-18 00:28:00+00:00
2018,6862,224,2026-06-09 04:00:00+00:00,577.33,36.86,0.0,614.19,pix,cancelado,False,,2026-06-09 04:00:00+00:00
2019,6863,197,2026-01-10 01:11:00+00:00,329.45,24.21,0.0,353.66,cartao_credito,enviado,False,,2026-01-10 01:11:00+00:00
2020,6864,1199,2026-04-12 03:10:00+00:00,72.4,40.31,0.0,112.71,cartao_credito,confirmado,False,,2026-04-12 03:10:00+00:00
2021,6865,1326,2026-01-07 17:05:00+00:00,250.42,23.99,0.0,274.41,boleto,entregue,False,,2026-01-07 17:05:00+00:00
2022,6866,1004,2026-03-25 15:21:00+00:00,690.99,0.0,0.0,690.99,cartao_credito,confirmado,False,,2026-03-25 15:21:00+00:00
2023,6867,1100,2026-04-22 10:17:00+00:00,483.97,24.91,54.96,453.92,cartao_credito,entregue,True,,2026-04-22 10:17:00+00:00
2024,6876,1283,2026-02-27 16:46:00+00:00,788.76,23.82,0.0,812.58,cartao_debito,entregue,False,,2026-02-27 16:46:00+00:00
2025,6879,658,2026-02-17 21:43:00+00:00,101.45,21.43,0.0,122.88,cartao_credito,enviado,False,,2026-02-17 21:43:00+00:00
2026,6881,379,2026-06-25 14:59:00+00:00,26.51,42.82,0.0,69.33,cartao_credito,enviado,False,,2026-06-25 14:59:00+00:00
2027,6882,113,2026-05-02 02:56:00+00:00,128.57,25.76,16.46,137.87,cartao_credito,cancelado,True,,2026-05-02 02:56:00+00:00
2028,6883,1223,2026-06-05 12:35:00+00:00,14.36,7.68,0.0,22.04,cartao_credito,enviado,False,,2026-06-05 12:35:00+00:00
2029,6884,744,2026-05-04 10:47:00+00:00,434.2,38.39,0.0,472.59,pix,confirmado,False,,2026-05-04 10:47:00+00:00
2030,6885,778,2026-02-20 21:56:00+00:00,505.81,6.1,0.0,511.91,pix,enviado,False,,2026-02-20 21:56:00+00:00
2031,6887,114,2026-01-19 14:18:00+00:00,89.44,33.64,0.0,123.08,cartao_credito,enviado,False,,2026-01-19 14:18:00+00:00
2032,6888,177,2026-02-25 02:30:00+00:00,54.24,29.88,0.0,84.12,cartao_credito,confirmado,False,,2026-02-25 02:30:00+00:00
2033,6895,724,2026-01-04 18:53:00+00:00,278.62,40.31,26.18,292.75,boleto,enviado,True,,2026-01-04 18:53:00+00:00
2034,6897,1048,2026-04-26 22:10:00+00:00,586.55,37.85,78.55,545.85,boleto,entregue,True,,2026-04-26 22:10:00+00:00
2035,6898,1384,2026-06-05 00:02:00+00:00,792.21,24.26,0.0,816.47,cartao_debito,cancelado,False,,2026-06-05 00:02:00+00:00
2036,6901,1113,2026-02-15 16:30:00+00:00,239.09,20.33,0.0,259.42,pix,confirmado,False,,2026-02-15 16:30:00+00:00
2037,6906,452,2026-01-23 14:05:00+00:00,216.55,24.97,0.0,241.52,pix,entregue,False,,2026-01-23 14:05:00+00:00
2038,6914,1101,2026-01-26 20:08:00+00:00,157.16,33.3,0.0,190.46,pix,enviado,False,,2026-01-26 20:08:00+00:00
2039,6917,1116,2026-02-25 23:20:00+00:00,154.16,22.63,13.25,163.54,cartao_credito,confirmado,True,,2026-02-25 23:20:00+00:00
2040,6922,1400,2026-05-04 16:32:00+00:00,175.21,42.82,0.0,218.03,cartao_credito,enviado,False,,2026-05-04 16:32:00+00:00
2041,6926,1345,2026-04-10 00:05:00+00:00,104.47,28.14,0.0,132.61,pix,entregue,False,,2026-04-10 00:05:00+00:00
2042,6928,1302,2026-05-02 11:22:00+00:00,47.18,11.98,3.78,55.38,pix,entregue,True,,2026-05-02 11:22:00+00:00
2043,6936,246,2026-01-21 20:25:00+00:00,195.43,30.65,0.0,226.08,pix,enviado,True,6064,2026-01-21 20:25:00+00:00
2044,6942,1211,2026-02-02 11:49:00+00:00,73.9,33.5,0.0,107.4,pix,entregue,False,,2026-02-02 11:49:00+00:00
2045,6946,791,2026-01-15 11:18:00+00:00,153.42,44.73,0.0,198.15,boleto,entregue,False,,2026-01-15 11:18:00+00:00
2046,6947,1408,2026-02-15 19:54:00+00:00,772.29,34.64,46.35,760.58,pix,entregue,True,,2026-02-15 19:54:00+00:00
2047,6956,328,2026-02-26 10:03:00+00:00,179.13,29.66,0.0,208.79,boleto,entregue,False,,2026-02-26 10:03:00+00:00
2048,6970,567,2026-04-01 14:10:00+00:00,296.3,30.08,0.0,326.38,cartao_credito,cancelado,False,,2026-04-01 14:10:00+00:00
2049,6975,646,2026-01-13 11:34:00+00:00,150.08,38.86,0.0,188.94,cartao_credito,confirmado,False,,2026-01-13 11:34:00+00:00
2050,6976,185,2026-03-02 09:24:00+00:00,454.2,7.07,23.37,437.9,cartao_credito,entregue,True,,2026-03-02 09:24:00+00:00
2051,6978,21,2026-06-03 09:43:00+00:00,142.64,27.06,0.0,169.7,cartao_credito,enviado,False,,2026-06-03 09:43:00+00:00
2052,6979,443,2026-01-24 22:09:00+00:00,781.66,12.42,0.0,794.08,cartao_debito,entregue,False,,2026-01-24 22:09:00+00:00
2053,6980,1314,2026-02-22 13:43:00+00:00,733.49,29.92,0.0,763.41,boleto,entregue,False,,2026-02-22 13:43:00+00:00
2054,6984,663,2026-05-26 10:31:00+00:00,59.8,9.38,5.85,63.33,pix,enviado,True,,2026-05-26 10:31:00+00:00
2055,6986,198,2026-05-09 00:10:00+00:00,508.92,6.04,0.0,514.96,cartao_credito,enviado,False,,2026-05-09 00:10:00+00:00
2056,6987,452,2026-05-08 23:59:00+00:00,63.36,13.7,0.0,77.06,pix,confirmado,False,,2026-05-08 23:59:00+00:00
2057,6989,814,2026-06-18 23:36:00+00:00,86.62,0.0,6.73,79.89,pix,entregue,True,,2026-06-18 23:36:00+00:00
2058,6990,1363,2026-02-15 21:26:00+00:00,317.4,33.93,0.0,351.33,pix,enviado,False,,2026-02-15 21:26:00+00:00
2059,6991,1089,2026-04-26 13:14:00+00:00,391.4,43.49,22.25,412.64,cartao_credito,entregue,True,,2026-04-26 13:14:00+00:00
2060,6999,236,2026-06-22 13:14:00+00:00,472.32,40.67,0.0,512.99,cartao_credito,entregue,False,,2026-06-22 13:14:00+00:00
2061,7000,410,2026-03-10 16:43:00+00:00,200.44,25.62,0.0,226.06,boleto,confirmado,False,,2026-03-10 16:43:00+00:00
2062,7003,281,2026-03-16 10:52:00+00:00,302.25,7.81,0.0,310.06,cartao_credito,confirmado,False,,2026-03-16 10:52:00+00:00
2063,7010,514,2026-05-16 01:44:00+00:00,392.92,23.41,0.0,416.33,cartao_debito,enviado,False,,2026-05-16 01:44:00+00:00
2064,7012,404,2026-02-06 21:03:00+00:00,209.85,34.2,0.0,244.05,cartao_credito,confirmado,False,,2026-02-06 21:03:00+00:00
2065,7014,93,2026-03-24 17:37:00+00:00,947.06,39.87,0.0,986.93,pix,confirmado,False,,2026-03-24 17:37:00+00:00
2066,7017,629,2026-04-14 21:41:00+00:00,337.32,24.05,0.0,361.37,cartao_credito,entregue,False,,2026-04-14 21:41:00+00:00
2067,7018,478,2026-06-26 02:13:00+00:00,480.7,42.74,0.0,523.44,cartao_credito,cancelado,False,,2026-06-26 02:13:00+00:00
2068,7020,745,2026-06-18 03:11:00+00:00,1253.14,17.42,0.0,1270.56,cartao_credito,entregue,False,,2026-06-18 03:11:00+00:00
2069,7023,1003,2026-03-25 13:33:00+00:00,269.75,40.74,0.0,310.49,pix,entregue,False,,2026-03-25 13:33:00+00:00
2070,7032,970,2026-03-08 22:31:00+00:00,967.16,14.13,0.0,981.29,cartao_credito,confirmado,False,,2026-03-08 22:31:00+00:00
2071,7034,1150,2026-03-03 15:09:00+00:00,121.4,8.57,16.31,113.66,cartao_credito,entregue,True,,2026-03-03 15:09:00+00:00
2072,7036,1071,2026-06-17 13:40:00+00:00,639.37,35.08,0.0,674.45,cartao_debito,confirmado,False,,2026-06-17 13:40:00+00:00
2073,7040,905,2026-02-10 18:51:00+00:00,317.34,15.78,0.0,333.12,pix,entregue,False,,2026-02-10 18:51:00+00:00
2074,7042,842,2026-02-24 01:25:00+00:00,241.18,37.13,0.0,278.31,cartao_debito,confirmado,False,,2026-02-24 01:25:00+00:00
2075,7046,856,2026-04-23 21:21:00+00:00,203.28,27.89,0.0,231.17,boleto,entregue,False,,2026-04-23 21:21:00+00:00
2076,7047,780,2026-05-21 00:36:00+00:00,386.26,16.41,0.0,402.67,boleto,entregue,False,,2026-05-21 00:36:00+00:00
2077,7054,1472,2026-03-27 04:29:00+00:00,573.8,21.05,0.0,594.85,cartao_credito,confirmado,True,6166,2026-03-27 04:29:00+00:00
2078,7057,1445,2026-05-04 03:49:00+00:00,106.2,20.74,0.0,126.94,cartao_credito,confirmado,False,,2026-05-04 03:49:00+00:00
2079,7059,1290,2026-01-18 02:17:00+00:00,369.87,35.48,0.0,405.35,cartao_credito,enviado,False,,2026-01-18 02:17:00+00:00
2080,7060,416,2026-02-08 12:49:00+00:00,251.3,19.79,0.0,271.09,cartao_credito,enviado,False,,2026-02-08 12:49:00+00:00
2081,7061,398,2026-03-17 11:45:00+00:00,732.39,38.54,0.0,770.93,cartao_credito,enviado,False,,2026-03-17 11:45:00+00:00
2082,7063,1415,2026-02-23 13:50:00+00:00,979.09,35.66,54.03,960.72,cartao_debito,entregue,True,,2026-02-23 13:50:00+00:00
2083,7064,481,2026-05-15 23:55:00+00:00,59.76,31.84,0.0,91.6,pix,enviado,False,,2026-05-15 23:55:00+00:00
2084,7066,983,2026-04-09 13:04:00+00:00,447.24,27.18,0.0,474.42,pix,entregue,False,,2026-04-09 13:04:00+00:00
2085,7071,1025,2026-01-01 12:36:00+00:00,59.64,25.24,0.0,84.88,cartao_credito,entregue,False,,2026-01-01 12:36:00+00:00
2086,7072,1408,2026-05-16 11:29:00+00:00,562.62,9.43,0.0,572.05,cartao_credito,entregue,False,,2026-05-16 11:29:00+00:00
2087,7086,1454,2026-04-07 22:06:00+00:00,347.34,33.7,0.0,381.04,cartao_credito,entregue,False,,2026-04-07 22:06:00+00:00
2088,7090,248,2026-04-21 23:16:00+00:00,178.65,41.62,0.0,220.27,cartao_credito,entregue,False,,2026-04-21 23:16:00+00:00
2089,7091,1097,2026-05-22 21:40:00+00:00,29.99,38.33,0.0,68.32,pix,entregue,False,,2026-05-22 21:40:00+00:00
2090,7095,785,2026-04-13 23:20:00+00:00,622.09,43.7,0.0,665.79,cartao_debito,entregue,False,,2026-04-13 23:20:00+00:00
2091,7096,406,2026-05-14 02:29:00+00:00,108.27,31.11,15.6,123.78,cartao_credito,entregue,True,,2026-05-14 02:29:00+00:00
2092,7097,1338,2026-05-27 15:31:00+00:00,699.04,17.76,0.0,716.8,cartao_credito,entregue,False,,2026-05-27 15:31:00+00:00
2093,7099,1028,2026-02-23 02:39:00+00:00,236.47,27.68,0.0,264.15,pix,entregue,False,,2026-02-23 02:39:00+00:00
2094,7103,565,2026-06-27 12:10:00+00:00,274.69,30.24,0.0,304.93,pix,entregue,False,,2026-06-27 12:10:00+00:00
2095,7104,642,2026-02-19 06:22:00+00:00,272.09,6.8,0.0,278.89,cartao_credito,enviado,True,6200,2026-02-19 06:22:00+00:00
2096,7107,84,2026-06-17 20:15:00+00:00,152.12,27.58,0.0,179.7,cartao_credito,entregue,False,,2026-06-17 20:15:00+00:00
2097,7110,853,2026-01-28 02:44:00+00:00,185.34,18.62,0.0,203.96,pix,entregue,False,,2026-01-28 02:44:00+00:00
2098,7115,797,2026-06-11 19:16:00+00:00,632.66,20.94,47.73,605.87,cartao_credito,entregue,True,,2026-06-11 19:16:00+00:00
2099,7117,1075,2026-03-16 14:04:00+00:00,701.2,14.78,0.0,715.98,pix,entregue,False,,2026-03-16 14:04:00+00:00
2100,7119,1088,2026-05-07 12:30:00+00:00,365.69,31.25,0.0,396.94,cartao_credito,entregue,False,,2026-05-07 12:30:00+00:00
2101,7122,853,2026-01-12 12:22:00+00:00,339.15,28.89,0.0,368.04,boleto,confirmado,False,,2026-01-12 12:22:00+00:00
2102,7124,149,2026-02-28 02:55:00+00:00,295.13,37.67,0.0,332.8,cartao_credito,entregue,False,,2026-02-28 02:55:00+00:00
2103,7125,758,2026-02-22 20:58:00+00:00,522.83,26.44,0.0,549.27,cartao_credito,confirmado,False,,2026-02-22 20:58:00+00:00
2104,7127,1107,2026-04-24 02:40:00+00:00,738.0,12.13,0.0,750.13,pix,entregue,False,,2026-04-24 02:40:00+00:00
2105,7130,1352,2026-03-15 11:59:00+00:00,407.17,33.78,0.0,440.95,pix,entregue,False,,2026-03-15 11:59:00+00:00
2106,7132,1407,2026-02-17 10:13:00+00:00,347.83,16.62,0.0,364.45,boleto,enviado,False,,2026-02-17 10:13:00+00:00
2107,7133,628,2026-03-10 13:43:00+00:00,415.87,26.81,0.0,442.68,cartao_credito,entregue,False,,2026-03-10 13:43:00+00:00
2108,7134,207,2026-04-09 16:39:00+00:00,697.63,21.81,0.0,719.44,cartao_debito,confirmado,False,,2026-04-09 16:39:00+00:00
2109,7135,1092,2026-06-25 11:37:00+00:00,430.18,7.6,0.0,437.78,cartao_debito,entregue,True,6226,2026-06-25 11:37:00+00:00
2110,7146,774,2026-02-23 20:33:00+00:00,111.23,34.46,0.0,145.69,cartao_credito,enviado,False,,2026-02-23 20:33:00+00:00
2111,7151,728,2026-02-05 22:48:00+00:00,491.05,10.03,0.0,501.08,boleto,entregue,True,6251,2026-02-05 22:48:00+00:00
2112,7152,664,2026-03-24 20:46:00+00:00,301.11,32.59,42.8,290.9,pix,entregue,True,,2026-03-24 20:46:00+00:00
2113,7158,1043,2026-04-16 00:27:00+00:00,658.73,14.75,0.0,673.48,pix,confirmado,True,6258,2026-04-16 00:27:00+00:00
2114,7159,428,2026-04-17 18:59:00+00:00,583.93,15.6,0.0,599.53,pix,entregue,False,,2026-04-17 18:59:00+00:00
2115,7160,357,2026-04-03 00:22:00+00:00,214.84,17.03,0.0,231.87,boleto,entregue,False,,2026-04-03 00:22:00+00:00
2116,7161,198,2026-04-25 02:09:00+00:00,224.4,41.39,17.6,248.19,pix,entregue,True,,2026-04-25 02:09:00+00:00
2117,7164,441,2026-06-23 10:58:00+00:00,673.27,42.52,75.12,640.67,pix,confirmado,True,,2026-06-23 10:58:00+00:00
2118,7165,398,2026-01-14 22:46:00+00:00,438.74,43.71,24.92,457.53,pix,entregue,True,,2026-01-14 22:46:00+00:00
2119,7166,182,2026-01-14 00:11:00+00:00,273.39,14.98,18.12,270.25,pix,confirmado,True,,2026-01-14 00:11:00+00:00
2120,7169,836,2026-05-09 00:24:00+00:00,119.45,13.63,0.0,133.08,cartao_credito,entregue,False,,2026-05-09 00:24:00+00:00
2121,7172,472,2026-02-27 09:49:00+00:00,102.71,14.54,0.0,117.25,pix,enviado,False,,2026-02-27 09:49:00+00:00
2122,7173,1337,2026-02-28 22:30:00+00:00,596.97,39.5,63.45,573.02,cartao_credito,confirmado,True,,2026-02-28 22:30:00+00:00
2123,7176,449,2026-03-26 03:45:00+00:00,597.27,8.69,0.0,605.96,pix,entregue,False,,2026-03-26 03:45:00+00:00
2124,7177,330,2026-02-24 03:24:00+00:00,246.38,19.96,0.0,266.34,cartao_debito,enviado,False,,2026-02-24 03:24:00+00:00
2125,7180,683,2026-02-11 04:02:00+00:00,112.6,39.98,0.0,152.58,pix,confirmado,False,,2026-02-11 04:02:00+00:00
2126,7182,813,2026-05-18 23:26:00+00:00,162.28,5.46,0.0,167.74,pix,entregue,False,,2026-05-18 23:26:00+00:00
2127,7184,221,2026-06-05 15:46:00+00:00,271.32,11.55,0.0,282.87,cartao_credito,cancelado,False,,2026-06-05 15:46:00+00:00
2128,7185,422,2026-02-27 13:50:00+00:00,470.81,26.08,0.0,496.89,pix,entregue,False,,2026-02-27 13:50:00+00:00
2129,7193,938,2026-04-17 19:05:00+00:00,422.95,8.92,0.0,431.87,pix,entregue,False,,2026-04-17 19:05:00+00:00
2130,7195,343,2026-04-16 19:54:00+00:00,754.79,21.26,0.0,776.05,cartao_credito,confirmado,False,,2026-04-16 19:54:00+00:00
2131,7198,1078,2026-05-10 12:23:00+00:00,498.37,26.73,0.0,525.1,cartao_credito,entregue,False,,2026-05-10 12:23:00+00:00
2132,7199,1408,2026-03-22 22:49:00+00:00,703.59,41.09,0.0,744.68,cartao_credito,entregue,False,,2026-03-22 22:49:00+00:00
2133,7201,864,2026-05-11 17:25:00+00:00,282.3,13.94,16.83,279.41,pix,entregue,True,,2026-05-11 17:25:00+00:00
2134,7206,394,2026-03-19 15:37:00+00:00,228.07,35.11,0.0,263.18,pix,entregue,False,,2026-03-19 15:37:00+00:00
2135,7208,448,2026-02-11 18:46:00+00:00,187.1,14.41,0.0,201.51,boleto,entregue,False,,2026-02-11 18:46:00+00:00
2136,7210,251,2026-04-13 18:06:00+00:00,377.87,13.15,53.5,337.52,pix,entregue,True,,2026-04-13 18:06:00+00:00
2137,7211,1206,2026-05-05 19:24:00+00:00,578.33,31.78,0.0,610.11,cartao_credito,entregue,False,,2026-05-05 19:24:00+00:00
2138,7218,850,2026-06-04 01:33:00+00:00,267.19,0.0,0.0,267.19,pix,entregue,False,,2026-06-04 01:33:00+00:00
2139,7222,1082,2026-06-20 11:23:00+00:00,466.42,43.26,0.0,509.68,cartao_debito,enviado,False,,2026-06-20 11:23:00+00:00
2140,7229,322,2026-05-23 02:56:00+00:00,220.52,24.07,0.0,244.59,boleto,confirmado,False,,2026-05-23 02:56:00+00:00
2141,7231,1416,2026-02-22 01:44:00+00:00,86.14,39.83,0.0,125.97,pix,entregue,False,,2026-02-22 01:44:00+00:00
2142,7235,1479,2026-03-20 16:45:00+00:00,353.22,31.77,0.0,384.99,cartao_credito,entregue,False,,2026-03-20 16:45:00+00:00
2143,7238,1282,2026-04-20 18:37:00+00:00,340.77,43.61,48.58,335.8,boleto,entregue,True,,2026-04-20 18:37:00+00:00
2144,7241,132,2026-02-14 21:10:00+00:00,88.02,21.17,0.0,109.19,pix,confirmado,False,,2026-02-14 21:10:00+00:00
2145,7243,422,2026-04-06 20:54:00+00:00,194.39,16.0,11.99,198.4,cartao_debito,entregue,True,,2026-04-06 20:54:00+00:00
2146,7244,790,2026-01-10 14:26:00+00:00,466.71,21.26,49.87,438.1,pix,cancelado,True,,2026-01-10 14:26:00+00:00
2147,7248,686,2026-04-08 14:19:00+00:00,474.42,19.67,0.0,494.09,boleto,entregue,False,,2026-04-08 14:19:00+00:00
2148,7253,738,2026-02-22 22:44:00+00:00,106.29,37.9,0.0,144.19,cartao_credito,entregue,False,,2026-02-22 22:44:00+00:00
2149,7260,1138,2026-01-05 14:41:00+00:00,129.09,36.43,9.63,155.89,cartao_credito,entregue,True,,2026-01-05 14:41:00+00:00
2150,7272,389,2026-06-26 15:47:00+00:00,69.57,22.22,10.37,81.42,cartao_credito,entregue,True,,2026-06-26 15:47:00+00:00
2151,7273,69,2026-05-28 02:51:00+00:00,222.92,39.97,0.0,262.89,pix,entregue,False,,2026-05-28 02:51:00+00:00
2152,7274,1238,2026-01-01 13:07:00+00:00,572.31,37.54,0.0,609.85,cartao_credito,confirmado,False,,2026-01-01 13:07:00+00:00
2153,7276,1273,2026-03-12 22:17:00+00:00,367.69,0.0,0.0,367.69,cartao_credito,enviado,False,,2026-03-12 22:17:00+00:00
2154,7281,87,2026-06-04 01:05:00+00:00,112.61,19.76,0.0,132.37,cartao_credito,entregue,False,,2026-06-04 01:05:00+00:00
2155,7285,145,2026-05-17 00:30:00+00:00,659.9,6.21,0.0,666.11,pix,entregue,False,,2026-05-17 00:30:00+00:00
2156,7286,511,2026-05-01 22:24:00+00:00,470.58,23.88,42.27,452.19,boleto,enviado,True,,2026-05-01 22:24:00+00:00
2157,7287,463,2026-02-08 17:08:00+00:00,647.93,41.47,0.0,689.4,boleto,entregue,False,,2026-02-08 17:08:00+00:00
2158,7291,200,2026-03-18 22:51:00+00:00,623.48,10.14,0.0,633.62,boleto,enviado,False,,2026-03-18 22:51:00+00:00
2159,7298,1077,2026-03-02 00:37:00+00:00,205.81,18.83,13.5,211.14,cartao_credito,enviado,True,,2026-03-02 00:37:00+00:00
2160,7304,1146,2026-03-07 02:24:00+00:00,541.05,41.17,0.0,582.22,cartao_credito,confirmado,False,,2026-03-07 02:24:00+00:00
2161,7307,376,2026-01-21 00:09:00+00:00,524.23,16.64,27.14,513.73,cartao_credito,entregue,True,,2026-01-21 00:09:00+00:00
2162,7308,228,2026-05-28 13:57:00+00:00,579.24,33.88,0.0,613.12,cartao_credito,entregue,False,,2026-05-28 13:57:00+00:00
2163,7315,679,2026-03-15 21:27:00+00:00,398.29,18.03,48.21,368.11,cartao_credito,confirmado,True,,2026-03-15 21:27:00+00:00
2164,7320,1458,2026-03-12 19:41:00+00:00,135.69,7.31,0.0,143.0,cartao_credito,confirmado,False,,2026-03-12 19:41:00+00:00
2165,7321,149,2026-03-20 03:17:00+00:00,71.68,22.64,0.0,94.32,pix,confirmado,False,,2026-03-20 03:17:00+00:00
2166,7322,642,2026-03-08 23:15:00+00:00,34.51,6.78,0.0,41.29,cartao_credito,confirmado,False,,2026-03-08 23:15:00+00:00
2167,7323,788,2026-03-02 10:22:00+00:00,254.52,24.36,0.0,278.88,pix,entregue,False,,2026-03-02 10:22:00+00:00
2168,7330,1117,2026-01-10 18:38:00+00:00,522.69,14.98,0.0,537.67,boleto,enviado,False,,2026-01-10 18:38:00+00:00
2169,7332,1109,2026-01-17 22:41:00+00:00,593.88,24.68,0.0,618.56,pix,cancelado,False,,2026-01-17 22:41:00+00:00
2170,7338,864,2026-04-13 10:43:00+00:00,623.72,18.5,47.87,594.35,cartao_credito,entregue,True,,2026-04-13 10:43:00+00:00
2171,7339,860,2026-06-13 23:33:00+00:00,266.24,42.85,0.0,309.09,cartao_credito,entregue,False,,2026-06-13 23:33:00+00:00
2172,7340,344,2026-06-18 00:58:00+00:00,510.08,11.95,0.0,522.03,cartao_debito,entregue,False,,2026-06-18 00:58:00+00:00
2173,7344,262,2026-03-07 19:45:00+00:00,391.61,34.24,0.0,425.85,cartao_credito,entregue,False,,2026-03-07 19:45:00+00:00
2174,7346,1213,2026-04-01 22:45:00+00:00,410.41,21.9,0.0,432.31,boleto,entregue,False,,2026-04-01 22:45:00+00:00
2175,7355,480,2026-05-25 17:28:00+00:00,297.08,34.27,0.0,331.35,cartao_credito,confirmado,False,,2026-05-25 17:28:00+00:00
2176,7363,1119,2026-01-05 12:09:00+00:00,753.99,12.76,0.0,766.75,cartao_debito,entregue,False,,2026-01-05 12:09:00+00:00
2177,7364,937,2026-06-18 18:49:00+00:00,20.17,13.3,0.0,33.47,cartao_credito,entregue,False,,2026-06-18 18:49:00+00:00
2178,7367,1234,2026-02-03 09:52:00+00:00,648.78,22.08,0.0,670.86,cartao_debito,entregue,False,,2026-02-03 09:52:00+00:00
2179,7373,383,2026-02-27 03:26:00+00:00,61.96,15.94,0.0,77.9,cartao_credito,enviado,False,,2026-02-27 03:26:00+00:00
2180,7380,662,2026-06-22 10:38:00+00:00,440.42,7.74,0.0,448.16,boleto,enviado,False,,2026-06-22 10:38:00+00:00
2181,7381,649,2026-05-09 02:09:00+00:00,319.12,23.01,0.0,342.13,cartao_debito,entregue,False,,2026-05-09 02:09:00+00:00
2182,7382,541,2026-04-07 13:00:00+00:00,94.58,23.94,0.0,118.52,cartao_credito,entregue,False,,2026-04-07 13:00:00+00:00
2183,7384,765,2026-03-20 23:18:00+00:00,149.01,28.45,0.0,177.46,cartao_credito,enviado,False,,2026-03-20 23:18:00+00:00
2184,7387,1202,2026-03-03 15:54:00+00:00,162.63,23.35,12.27,173.71,pix,entregue,True,,2026-03-03 15:54:00+00:00
2185,7389,1325,2026-05-16 20:19:00+00:00,370.34,7.03,0.0,377.37,cartao_debito,enviado,False,,2026-05-16 20:19:00+00:00
2186,7398,1313,2026-03-19 18:35:00+00:00,574.71,24.95,0.0,599.66,pix,confirmado,False,,2026-03-19 18:35:00+00:00
2187,7406,1177,2026-06-01 14:27:00+00:00,368.51,35.36,18.8,385.07,pix,enviado,True,,2026-06-01 14:27:00+00:00
2188,7412,963,2026-04-06 20:48:00+00:00,79.63,39.8,0.0,119.43,cartao_credito,enviado,True,6498,2026-04-06 20:48:00+00:00
2189,7417,527,2026-05-28 00:36:00+00:00,247.38,42.63,0.0,290.01,cartao_credito,entregue,False,,2026-05-28 00:36:00+00:00
2190,7422,971,2026-06-12 15:12:00+00:00,46.33,42.44,0.0,88.77,pix,enviado,False,,2026-06-12 15:12:00+00:00
2191,7424,1498,2026-05-12 19:38:00+00:00,590.76,17.84,0.0,608.6,pix,enviado,False,,2026-05-12 19:38:00+00:00
2192,7425,1276,2026-04-03 00:19:00+00:00,163.96,16.1,0.0,180.06,cartao_credito,entregue,False,,2026-04-03 00:19:00+00:00
2193,7428,662,2026-03-11 23:31:00+00:00,948.93,0.0,0.0,948.93,cartao_credito,entregue,False,,2026-03-11 23:31:00+00:00
2194,7430,1312,2026-06-26 17:07:00+00:00,14.66,44.67,0.0,59.33,pix,entregue,False,,2026-06-26 17:07:00+00:00
2195,7431,1021,2026-01-19 12:15:00+00:00,199.68,19.54,0.0,219.22,boleto,entregue,False,,2026-01-19 12:15:00+00:00
2196,7439,883,2026-04-04 18:48:00+00:00,241.96,15.83,0.0,257.79,cartao_credito,cancelado,False,,2026-04-04 18:48:00+00:00
2197,7451,1189,2026-06-25 19:45:00+00:00,754.79,39.42,0.0,794.21,cartao_credito,entregue,False,,2026-06-25 19:45:00+00:00
2198,7453,946,2026-02-14 20:47:00+00:00,433.08,25.04,0.0,458.12,cartao_credito,cancelado,False,,2026-02-14 20:47:00+00:00
2199,7454,588,2026-03-06 19:39:00+00:00,11.61,35.33,0.0,46.94,cartao_credito,entregue,False,,2026-03-06 19:39:00+00:00
2200,7457,208,2026-05-23 03:06:00+00:00,584.65,34.01,0.0,618.66,cartao_credito,entregue,False,,2026-05-23 03:06:00+00:00
2201,7458,966,2026-03-06 12:03:00+00:00,232.0,37.86,24.47,245.39,cartao_credito,cancelado,True,,2026-03-06 12:03:00+00:00
2202,7459,1199,2026-01-22 13:39:00+00:00,257.22,42.94,0.0,300.16,cartao_credito,entregue,False,,2026-01-22 13:39:00+00:00
2203,7461,1096,2026-05-24 14:09:00+00:00,336.45,33.76,0.0,370.21,cartao_credito,entregue,False,,2026-05-24 14:09:00+00:00
2204,7463,686,2026-06-08 18:33:00+00:00,245.71,40.99,0.0,286.7,pix,entregue,False,,2026-06-08 18:33:00+00:00
2205,7469,1427,2026-04-09 18:34:00+00:00,301.62,43.53,0.0,345.15,cartao_debito,entregue,False,,2026-04-09 18:34:00+00:00
2206,7470,84,2026-05-19 14:09:00+00:00,158.08,39.01,0.0,197.09,boleto,entregue,False,,2026-05-19 14:09:00+00:00
2207,7471,1354,2026-01-09 11:01:00+00:00,172.31,43.94,0.0,216.25,cartao_credito,cancelado,False,,2026-01-09 11:01:00+00:00
2208,7474,1087,2026-04-26 18:23:00+00:00,491.99,38.09,0.0,530.08,pix,entregue,False,,2026-04-26 18:23:00+00:00
2209,7475,1298,2026-05-26 23:34:00+00:00,70.55,31.34,0.0,101.89,cartao_credito,confirmado,False,,2026-05-26 23:34:00+00:00
2210,7479,637,2026-03-21 16:04:00+00:00,91.74,28.69,5.65,114.78,pix,entregue,True,,2026-03-21 16:04:00+00:00
2211,7480,1332,2026-03-11 14:40:00+00:00,115.62,11.96,0.0,127.58,cartao_debito,entregue,False,,2026-03-11 14:40:00+00:00
2212,7481,706,2026-01-21 03:55:00+00:00,145.53,5.68,0.0,151.21,cartao_credito,entregue,False,,2026-01-21 03:55:00+00:00
2213,7482,377,2026-05-13 11:13:00+00:00,1033.88,30.25,145.59,918.54,cartao_debito,enviado,True,,2026-05-13 11:13:00+00:00
2214,7483,336,2026-04-13 17:32:00+00:00,82.38,44.81,0.0,127.19,pix,entregue,False,,2026-04-13 17:32:00+00:00
2215,7486,812,2026-01-29 00:49:00+00:00,26.63,37.81,0.0,64.44,cartao_credito,enviado,False,,2026-01-29 00:49:00+00:00
2216,7487,223,2026-02-24 23:07:00+00:00,248.28,43.57,0.0,291.85,cartao_credito,entregue,False,,2026-02-24 23:07:00+00:00
2217,7494,1468,2026-02-28 03:16:00+00:00,733.78,32.64,0.0,766.42,pix,entregue,False,,2026-02-28 03:16:00+00:00
