cliente_id,primeiro_nome,ultimo_nome,email,telefone,segmento_rfm,data_primeira_compra,data_ultima_compra,total_compras,lifetime_value,permite_email,permite_sms,permite_push,status_ativo,data_criacao
1,Henry Gabriel,Alves,henry gabriel.alves107@bol.com.br,(11) 900000001,regular,2025-08-30,2026-04-16,2,734.03,True,False,True,True,2025-07-08 00:00:00+00:00
2,Bento,Borges,bento.borges386@uol.com.br,(11) 900000002,dormant,2024-09-29,2024-09-29,1,132.53,True,False,False,True,2024-08-26 00:00:00+00:00
3,Manuela,Pastor,manuela.pastor976@bol.com.br,(11) 900000003,premium,2025-05-03,2026-06-05,19,10039.02,True,False,False,False,2025-02-25 00:00:00+00:00
4,Francisco,Garcia,francisco.garcia777@hotmail.com,,novo,,,0,0.0,True,False,False,True,2026-05-10 00:00:00+00:00
5,Elisa,Ferreira,elisa.ferreira932@bol.com.br,(11) 900000005,premium,2024-12-08,2026-06-08,8,6052.24,True,False,True,True,2025-03-22 00:00:00+00:00
6,Eloá,Oliveira,eloá.oliveira863@uol.com.br,(11) 900000006,regular,2025-09-24,2026-05-21,3,793.97,True,False,True,True,2025-03-05 00:00:00+00:00
7,Maria,Porto,maria.porto41@terra.com.br,(11) 900000007,regular,2026-03-24,2026-04-03,2,611.83,True,False,True,True,2025-05-28 00:00:00+00:00
8,Samuel,Castro,samuel.castro773@live.com,(51) 94835-0305,dormant,2025-12-05,2025-12-05,1,342.98,True,False,False,True,2025-02-21 00:00:00+00:00
9,Isadora,da Mata,isadora.damata684@hotmail.com,(11) 900000009,dormant,2024-09-27,2024-09-27,1,449.25,True,True,False,True,2025-07-01 00:00:00+00:00
10,João Lucas,,joão lucas.dacruz461@icloud.com,(11) 99696-5328,regular,2025-12-27,2026-06-26,4,1213.06,True,False,False,True,2025-02-24 00:00:00+00:00
11,Marina,Borges,marina.borges243@gmail.com,(11) 900000011,novo,,,0,0.0,True,False,False,True,2026-03-07 00:00:00+00:00
12,Maria Helena,Moura,maria helena.moura958@bol.com.br,(11) 900000012,regular,2025-08-14,2026-04-29,3,683.13,True,False,False,True,2025-02-21 00:00:00+00:00
13,Maria,Abreu,maria.abreu411@bol.com.br,(94) 92814-8932,regular,2025-08-11,2026-05-17,2,1538.65,True,False,False,True,2025-05-05 00:00:00+00:00
14,Evelyn,Teixeira,evelyn.teixeira564@yahoo.com.br,(11) 900000014,regular,2025-12-10,2026-05-05,4,1245.87,True,True,False,True,2025-07-15 00:00:00+00:00
15,Danilo,da Costa,danilo.15@exemplo.com.br,(11) 900000015,regular,2025-07-29,2026-04-23,3,1978.48,True,False,True,True,2025-03-15 00:00:00+00:00
16,Vinícius,Moura,vinícius.moura511@outlook.com.br,(11) 900000016,novo,,,0,0.0,True,False,True,True,2026-04-07 00:00:00+00:00
17,Isaque,da Cruz,isaque.dacruz346@uol.com.br,(11) 900000017,regular,2025-09-15,2026-05-09,4,1023.0,True,True,True,True,2025-05-29 00:00:00+00:00
18,Diego,Santos,diego.santos298@gmail.com,(11) 900000018,regular,2026-02-01,2026-06-28,3,1973.25,True,False,True,True,2024-12-04 00:00:00+00:00
19,Paulo,Nogueira,paulo.nogueira208@yahoo.com.br,(86) 93763-1165,regular,2025-12-07,2026-04-16,3,1669.81,True,True,False,False,2025-06-13 00:00:00+00:00
20,Lavínia,Jesus,lavínia.jesus861@live.com,(11) 900000020,premium,2025-07-23,2026-06-14,18,9133.54,False,False,False,True,2025-01-26 00:00:00+00:00
21,Stella,Machado,stella.machado640@yahoo.com.br,(68) 92473-1781,dormant,2024-09-19,2024-09-19,1,92.15,True,False,True,True,2024-06-26 00:00:00+00:00
22,Carlos Eduardo,Rezende,carlos eduardo.rezende277@icloud.com,(11) 900000022,novo,,,0,0.0,True,True,False,True,2026-01-28 00:00:00+00:00
23,Dante,Cavalcante,dante.cavalcante512@outlook.com.br,(11) 900000023,dormant,2024-09-12,2024-09-12,1,473.21,True,False,False,True,2025-05-21 00:00:00+00:00
24,Mateus,da Rocha,mateus.darocha99@uol.com.br,(11) 900000024,regular,2025-10-23,2026-04-24,4,958.55,True,False,True,True,2025-05-29 00:00:00+00:00
25,Milena,Moura,milena.moura943@yahoo.com.br,(11) 900000025,premium,2024-08-30,2026-06-28,6,5304.13,True,True,False,True,2025-03-24 00:00:00+00:00
26,Isaque,Nunes,isaque.nunes921@uol.com.br,(11) 900000026,dormant,2025-11-27,2025-11-27,1,86.72,True,True,True,True,2025-06-16 00:00:00+00:00
27,Nicolas,Rios,nicolas.rios834@terra.com.br,(11) 900000027,regular,2025-10-31,2026-05-03,4,553.91,True,True,True,True,2025-08-02 00:00:00+00:00
28,Maria Cecília,Pinto,maria cecília.pinto444@hotmail.com,(11) 900000028,premium,2025-12-28,2026-06-23,12,12009.92,True,False,False,True,2024-12-22 00:00:00+00:00
29,Ester,da Paz,ester.dapaz370@yahoo.com.br,(74) 98498-0841,premium,2025-11-05,2026-06-07,23,12337.42,False,True,True,True,2024-07-25 00:00:00+00:00
30,João Felipe,da Luz,joão felipe.daluz513@hotmail.com,(11) 900000030,regular,2026-01-03,2026-06-29,3,640.81,True,False,False,True,2025-01-05 00:00:00+00:00
31,Vinícius,Montenegro,vinícius.montenegro435@live.com,(11) 900000031,premium,2025-11-16,2026-06-13,18,3193.39,True,True,False,True,2025-04-03 00:00:00+00:00
32,Vinicius,Castro,vinicius.castro289@live.com,(69) 98011-2805,regular,2026-03-23,2026-04-22,2,1097.76,False,False,False,True,2025-06-26 00:00:00+00:00
33,Juan,Lopes,juan.lopes516@yahoo.com.br,(11) 900000033,novo,,,0,0.0,True,False,False,True,2026-03-21 00:00:00+00:00
34,Joana,Pinto,joana.pinto380@yahoo.com.br,(11) 900000034,dormant,2024-11-01,2024-11-01,1,415.04,True,True,True,True,2024-10-11 00:00:00+00:00
35,Vitor,Castro,vitor.castro898@hotmail.com,,premium,2025-10-04,2026-06-22,22,10879.09,True,False,True,True,2024-05-14 00:00:00+00:00
36,Giovanna,,giovanna.andrade729@live.com,(11) 900000036,novo,,,0,0.0,True,True,True,True,2026-06-13 00:00:00+00:00
37,Isabelly,Farias,isabelly.farias96@bol.com.br,(11) 900000037,regular,2025-07-08,2026-05-06,3,1342.8,True,False,False,True,2025-09-21 00:00:00+00:00
38,Vicente,Cavalcanti,vicente.cavalcanti397@bol.com.br,(11) 900000038,regular,2025-08-12,2026-06-11,2,580.23,True,True,True,True,2025-07-20 00:00:00+00:00
39,Igor,Gomes,igor.gomes69@uol.com.br,(11) 900000039,regular,2026-02-08,2026-06-07,2,1330.55,True,False,False,True,2025-05-13 00:00:00+00:00
40,Davi Miguel,Rios,davi miguel.rios215@terra.com.br.br,(28) 91484-6564,regular,2026-01-16,2026-06-21,4,675.6,True,True,True,True,2025-07-22 00:00:00+00:00
41,José Miguel,Correia,josé miguel.correia795@outlook.com.br,(51) 92994-6804,regular,2025-11-17,2026-04-26,2,1269.99,True,True,True,True,2025-05-12 00:00:00+00:00
42,Allana,Costela,allana.costela182@outlook.com.br,(32) 97773-8721,premium,2025-11-24,2026-06-27,14,13782.61,False,False,False,True,2025-01-14 00:00:00+00:00
43,Alice,Moraes,alice.moraes1@terra.com.br,(11) 900000043,premium,2025-09-07,2026-06-24,21,3077.59,False,True,False,True,2025-05-09 00:00:00+00:00
44,Maria Laura,Pimenta,maria laura.pimenta229@hotmail.com,(81) 96936-7632,regular,2026-02-14,2026-05-12,4,1953.95,True,True,True,True,2025-09-20 00:00:00+00:00
45,Anthony,Sá,anthony.sá330@hotmail.com,(68) 93287-0831,dormant,2024-11-20,2024-11-20,1,450.62,True,False,False,True,2024-06-28 00:00:00+00:00
46,Maria Alice,Carvalho,maria alice.carvalho41@live.com,(31) 97986-8727,dormant,2025-08-10,2025-08-10,1,253.96,True,True,True,True,2024-12-17 00:00:00+00:00
47,Manuella,da Luz,manuella.daluz594@uol.com.br,(14) 98734-7143,novo,,,0,0.0,True,False,True,True,2026-02-16 00:00:00+00:00
48,Yago,Farias,yago.48@exemplo.com.br,(11) 900000048,regular,2026-01-29,2026-04-02,4,725.63,True,False,False,True,2024-12-25 00:00:00+00:00
49,Joana,Farias,joana.farias476@icloud.com,(84) 96036-6909,premium,2024-10-22,2026-06-07,9,14956.28,True,False,False,True,2024-04-04 00:00:00+00:00
50,Gabrielly,Mendes,gabrielly.mendes449@gmail.com,(43) 94668-8937,regular,2026-01-20,2026-05-22,3,1037.24,True,False,True,True,2025-05-03 00:00:00+00:00
51,Pedro Lucas,da Mata,pedro lucas.damata990@outlook.com.br,(89) 90656-2729,dormant,2025-03-05,2025-03-05,1,231.57,True,False,True,True,2024-12-11 00:00:00+00:00
52,Sophie,Alves,sophie.alves306@outlook.com.br,(11) 900000052,dormant,2024-10-24,2024-10-24,1,226.51,True,False,False,True,2024-04-15 00:00:00+00:00
53,Beatriz,Cunha,beatriz.cunha81@live.com,(33) 95646-4170,regular,2025-07-03,2026-04-07,3,1889.88,True,False,False,True,2025-07-27 00:00:00+00:00
54,Valentina,Aragão,valentina.aragão761@terra.com.br,(11) 900000054,regular,2026-03-25,2026-06-26,4,1100.45,True,True,False,True,2025-04-03 00:00:00+00:00
55,Rhavi,Cardoso,rhavi.cardoso789@live.com,(11) 900000055,dormant,2024-07-17,2024-07-17,1,175.37,True,False,False,True,2024-05-27 00:00:00+00:00
56,Ian,Vasconcelos,ian.vasconcelos923@yahoo.com.br,,premium,2025-05-08,2026-06-06,19,10162.71,True,False,False,True,2024-07-21 00:00:00+00:00
57,Ana Lívia,Caldeira,ana lívia.caldeira692@gmail.com,(27) 99663-1931,premium,2025-10-16,2026-06-06,18,10037.31,True,False,False,True,2024-06-15 00:00:00+00:00
58,Ana Julia,Rodrigues,ana julia.rodrigues751@hotmail.com,,novo,,,0,0.0,True,False,False,True,2026-01-18 00:00:00+00:00
59,Bryan,,bryan.ferreira953@icloud.com,(69) 95185-0671,regular,2026-03-08,2026-06-13,3,991.25,True,False,True,True,2025-09-21 00:00:00+00:00
60,Luana,Fonseca,luana.fonseca34@live.com,(11) 900000060,premium,2024-11-03,2026-06-25,12,7611.57,True,False,False,True,2024-02-04 00:00:00+00:00
61,Luiza,Siqueira,luiza.siqueira437@bol.com.br,(32) 93147-3799,regular,2025-12-11,2026-06-26,3,1048.04,True,True,False,False,2025-07-01 00:00:00+00:00
62,Gabrielly,Fernandes,gabrielly.fernandes6@gmail.com,(92) 95273-5454,dormant,2025-12-29,2025-12-29,1,486.26,True,False,True,True,2025-03-10 00:00:00+00:00
63,Yuri,Novais,yuri.novais435@gmail.com,(98) 93136-7837,dormant,2024-11-18,2024-11-18,1,142.28,True,False,True,True,2025-03-10 00:00:00+00:00
64,Mariane,Machado,mariane.machado550@gmail.com,(11) 900000064,dormant,2025-04-18,2025-04-18,1,119.46,True,False,False,True,2025-06-26 00:00:00+00:00
65,Sofia,Ferreira,sofia.65@exemplo.com.br,(34) 95744-4313,premium,2024-07-01,2026-06-07,15,8151.16,True,True,True,True,2024-05-13 00:00:00+00:00
66,Ana Vitória,Campos,ana vitória.campos137@icloud.com,(11) 900000066,premium,2025-03-12,2026-06-08,7,2864.45,True,True,False,True,2024-07-22 00:00:00+00:00
67,Guilherme,Correia,guilherme.correia379@bol.com.br,(11) 900000067,regular,2025-08-08,2026-05-19,3,1038.25,True,False,True,True,2025-07-07 00:00:00+00:00
68,Cauê,Novaes,cauê.novaes575@bol.com.br,(11) 900000068,dormant,2025-05-22,2025-05-22,1,154.5,True,False,False,True,2024-02-19 00:00:00+00:00
69,Carolina,Cirino,carolina.cirino179@gmail.com,(11) 900000069,regular,2025-08-14,2026-06-03,4,1817.94,True,False,False,True,2025-04-30 00:00:00+00:00
70,Kevin,Cassiano,kevin.cassiano522@bol.com.br,(11) 900000070,premium,2025-07-27,2026-06-15,14,6447.06,True,False,False,True,2024-11-20 00:00:00+00:00
71,Rebeca,Garcia,rebeca.garcia685@live.com,(75) 94964-9909,regular,2026-01-23,2026-06-10,4,1397.66,True,False,False,True,2025-09-23 00:00:00+00:00
72,Gael Henrique,Teixeira,gael henrique.teixeira218@uol.com.br,(11) 900000072,regular,2025-12-12,2026-05-01,3,651.19,True,False,True,True,2025-04-16 00:00:00+00:00
73,André,Jesus,andré.jesus604@live.com,(85) 94034-4713,dormant,2025-11-12,2025-11-12,1,81.01,True,True,True,True,2025-06-07 00:00:00+00:00
74,Vinícius,Viana,vinícius.viana420@uol.com.br,(68) 91832-4210,regular,2026-02-06,2026-05-21,2,998.22,True,True,False,True,2025-05-08 00:00:00+00:00
75,Lucas,Vieira,lucas.vieira244@bol.com.br,(17) 97174-6488,dormant,2024-12-12,2024-12-12,1,463.94,True,True,False,True,2024-12-08 00:00:00+00:00
76,Marina,Macedo,marina.macedo25@hotmail.com,(11) 900000076,novo,,,0,0.0,True,True,False,True,2026-03-29 00:00:00+00:00
77,Asafe,Teixeira,asafe.teixeira849@bol.com.br,(11) 900000077,regular,2026-01-29,2026-04-30,2,1335.96,True,False,False,True,2025-08-16 00:00:00+00:00
78,Mariane,Borges,mariane.78@exemplo.com.br,(42) 96551-2567,dormant,2025-03-22,2025-03-22,1,66.45,True,False,True,True,2025-02-12 00:00:00+00:00
79,Alícia,Ribeiro,alícia.ribeiro114@outlook.com.br,(11) 900000079,regular,2025-07-12,2026-06-01,4,732.86,True,False,False,True,2025-08-10 00:00:00+00:00
80,Alexandre,,alexandre.ribeiro476@icloud.com,(83) 96038-5977,regular,2025-07-29,2026-04-24,4,1488.39,False,False,True,True,2025-01-22 00:00:00+00:00
81,Cauã,Costela,cauã.costela418@bol.com.br,(11) 900000081,dormant,2025-03-20,2025-03-20,1,494.93,True,True,True,True,2025-03-08 00:00:00+00:00
82,Ana Lívia,Novaes,ana lívia.novaes978@gmail.com,,regular,2026-01-07,2026-06-11,4,1603.86,True,False,False,True,2025-06-14 00:00:00+00:00
83,Joana,Borges,joana.borges746@uol.com.br,(11) 900000083,dormant,2025-09-05,2025-09-05,1,213.38,True,False,True,True,2024-06-05 00:00:00+00:00
84,Maria Sophia,Melo,maria sophia.melo506@uol.com.br,(81) 98263-9821,novo,,,0,0.0,True,False,True,True,2026-01-24 00:00:00+00:00
85,Yuri,Vargas,yuri.vargas209@outlook.com.br,(38) 98404-4997,regular,2025-09-13,2026-06-08,3,1450.22,True,False,True,True,2025-02-11 00:00:00+00:00
86,Kaique,Machado,kaique.machado128@icloud.com,(88) 95588-6753,dormant,2025-11-29,2025-11-29,1,309.43,True,False,True,True,2025-06-19 00:00:00+00:00
87,Rhavi,Oliveira,rhavi.oliveira287@outlook.com.br.br,(11) 900000087,premium,2024-10-04,2026-06-20,12,5259.5,True,False,False,True,2024-05-31 00:00:00+00:00
88,Brayan,Cardoso,brayan.cardoso819@icloud.com,(34) 91718-7026,regular,2025-11-04,2026-06-19,4,868.02,True,True,True,True,2024-12-12 00:00:00+00:00
89,Leonardo,Barbosa,leonardo.barbosa664@live.com,(11) 95961-5865,novo,,,0,0.0,True,False,False,True,2026-03-10 00:00:00+00:00
90,Mariah,Nogueira,mariah.nogueira507@gmail.com,(11) 900000090,dormant,2025-08-01,2025-08-01,1,200.41,True,False,True,True,2024-04-12 00:00:00+00:00
91,Lucas Gabriel,Sales,lucas gabriel.sales39@bol.com.br,,dormant,2025-09-16,2025-09-16,1,84.99,True,False,False,True,2025-01-15 00:00:00+00:00
92,Benjamin,Aparecida,benjamin.aparecida17@terra.com.br,(11) 900000092,dormant,2025-12-21,2025-12-21,1,250.7,True,True,False,True,2024-08-22 00:00:00+00:00
93,Luiz Miguel,Cavalcante,luiz miguel.cavalcante200@yahoo.com.br,(11) 900000093,dormant,2024-08-31,2024-08-31,1,270.24,False,True,True,True,2024-01-15 00:00:00+00:00
94,Maria Eduarda,Porto,maria eduarda.porto782@bol.com.br,(82) 94074-8217,dormant,2024-08-22,2024-08-22,1,378.96,True,True,True,True,2024-03-16 00:00:00+00:00
95,Catarina,,catarina.pastor159@bol.com.br,(68) 94743-6713,dormant,2025-09-26,2025-09-26,1,302.3,True,False,True,True,2025-02-25 00:00:00+00:00
96,Giovanna,Oliveira,giovanna.oliveira349@terra.com.br,(19) 94064-0909,regular,2026-03-17,2026-05-19,2,1438.84,True,False,True,False,2025-06-18 00:00:00+00:00
97,Maysa,da Paz,maysa.dapaz416@uol.com.br.br,(43) 93394-2104,novo,,,0,0.0,True,False,True,True,2026-05-03 00:00:00+00:00
98,Lunna,Andrade,lunna.andrade440@terra.com.br,(11) 900000098,regular,2026-01-27,2026-05-12,2,1652.41,True,False,True,True,2025-10-01 00:00:00+00:00
99,Emanuelly,Moura,emanuelly.moura949@icloud.com,(13) 92474-5171,dormant,2025-01-23,2025-01-23,1,242.5,True,True,False,True,2025-02-16 00:00:00+00:00
100,João Miguel,Sá,joão miguel.sá344@uol.com.br,(61) 98516-0481,novo,,,0,0.0,True,True,False,True,2026-03-18 00:00:00+00:00
101,Maria,Freitas,maria.freitas243@bol.com.br,(51) 95137-0985,dormant,2025-05-21,2025-05-21,1,153.8,False,True,True,True,2024-11-30 00:00:00+00:00
102,Pedro Miguel,Ramos,pedro miguel.ramos521@hotmail.com,(83) 94612-0047,dormant,2024-08-30,2024-08-30,1,497.71,True,False,False,True,2024-05-13 00:00:00+00:00
103,Igor,Brito,igor.brito89@uol.com.br,(11) 900000103,regular,2025-07-09,2026-05-05,3,1790.19,True,True,True,True,2025-06-03 00:00:00+00:00
104,Gael Henrique,Mendonça,gael henrique.mendonça261@outlook.com.br,(15) 90537-7351,dormant,2025-08-31,2025-08-31,1,176.63,True,True,False,True,2025-05-29 00:00:00+00:00
105,Emilly,Nogueira,emilly.nogueira965@terra.com.br,(11) 900000105,regular,2025-08-21,2026-04-29,3,1242.72,True,False,True,True,2025-06-11 00:00:00+00:00
106,Asafe,Aragão,asafe.aragão147@terra.com.br.br,(11) 900000106,regular,2025-10-15,2026-06-17,2,736.01,True,False,False,True,2025-08-20 00:00:00+00:00
107,Ravi Lucca,Farias,ravi lucca.107@exemplo.com.br,(11) 900000107,regular,2025-10-24,2026-05-08,4,1738.73,True,False,False,True,2025-04-29 00:00:00+00:00
108,João,Albuquerque,joão.albuquerque525@terra.com.br,(11) 900000108,regular,2025-08-22,2026-05-01,2,1339.77,True,False,False,True,2025-04-24 00:00:00+00:00
109,Sara,Camargo,sara.109@exemplo.com.br,(86) 97589-1783,dormant,2025-06-20,2025-06-20,1,96.13,True,False,True,True,2024-03-09 00:00:00+00:00
110,Caio,Siqueira,caio.siqueira474@icloud.com,,dormant,2025-04-07,2025-04-07,1,433.59,True,False,False,True,2024-09-24 00:00:00+00:00
111,Ana Julia,Marques,ana julia.marques879@gmail.com,(11) 900000111,premium,2024-07-13,2026-06-28,23,5282.61,True,True,False,True,2024-05-02 00:00:00+00:00
112,Aurora,Pereira,aurora.pereira75@yahoo.com.br,(11) 900000112,regular,2026-01-08,2026-06-08,3,1659.23,True,True,False,True,2025-09-07 00:00:00+00:00
113,Sofia,da Rocha,sofia.darocha84@live.com,(95) 99611-8367,novo,,,0,0.0,True,False,True,True,2026-05-11 00:00:00+00:00
114,Rafael,Jesus,rafael.jesus792@terra.com.br,(81) 96615-6545,regular,2026-03-06,2026-04-19,4,1207.3,True,True,True,True,2025-08-05 00:00:00+00:00
115,Leandro,Rodrigues,leandro.rodrigues387@live.com,(11) 900000115,dormant,2024-07-15,2024-07-15,1,182.38,True,True,False,True,2024-06-23 00:00:00+00:00
116,Dante,Pastor,dante.pastor740@icloud.com,(34) 91656-0494,premium,2024-08-19,2026-06-09,20,8390.73,True,False,False,False,2024-06-15 00:00:00+00:00
117,Clarice,Caldeira,clarice.caldeira366@icloud.com,(11) 900000117,premium,2025-03-07,2026-06-05,10,5791.61,True,True,True,True,2025-03-26 00:00:00+00:00
118,Agatha,Oliveira,agatha.oliveira463@uol.com.br,(69) 98998-0940,premium,2025-05-05,2026-06-02,24,6498.22,True,True,False,True,2025-07-04 00:00:00+00:00
119,Luiz Miguel,da Mata,luiz miguel.damata166@bol.com.br,(37) 95022-9612,regular,2025-11-10,2026-05-17,3,1539.79,True,False,True,True,2024-12-03 00:00:00+00:00
120,Bento,Borges,bento.borges553@icloud.com,(11) 900000120,dormant,2025-02-18,2025-02-18,1,441.94,True,True,False,True,2025-04-13 00:00:00+00:00
121,Enzo Gabriel,Aragão,enzo gabriel.aragão410@yahoo.com.br,(11) 900000121,regular,2026-03-19,2026-04-16,4,1289.6,True,False,True,True,2025-09-22 00:00:00+00:00
122,Luísa,Leão,luísa.leão904@bol.com.br,(11) 900000122,novo,,,0,0.0,True,False,False,True,2026-02-22 00:00:00+00:00
123,Sara,Rios,sara.rios873@bol.com.br,(11) 900000123,regular,2025-12-30,2026-05-07,3,1104.89,True,False,True,True,2025-03-11 00:00:00+00:00
124,João Guilherme,Teixeira,joão guilherme.teixeira516@bol.com.br,(18) 95107-6226,dormant,2025-08-03,2025-08-03,1,395.48,False,False,False,True,2024-05-12 00:00:00+00:00
125,Sophia,Santos,sophia.santos755@uol.com.br,(94) 98516-0607,dormant,2025-04-09,2025-04-09,1,460.56,True,True,False,True,2024-11-11 00:00:00+00:00
126,Eduardo,Dias,eduardo.dias298@outlook.com.br,(63) 96416-0529,regular,2026-02-20,2026-04-29,3,1268.92,True,False,True,True,2025-06-15 00:00:00+00:00
127,Maria Clara,Sales,maria clara.sales28@terra.com.br,(11) 900000127,dormant,2024-10-10,2024-10-10,1,345.53,True,False,False,True,2024-05-08 00:00:00+00:00
128,Isabela,das Neves,isabela.dasneves592@terra.com.br,(11) 900000128,novo,,,0,0.0,True,False,False,True,2026-01-10 00:00:00+00:00
129,Cecília,Ferreira,cecília.ferreira886@yahoo.com.br,(11) 900000129,novo,,,0,0.0,True,False,False,True,2026-05-01 00:00:00+00:00
130,Luiz Gustavo,Vargas,luiz gustavo.130@exemplo.com.br,(83) 99979-9552,dormant,2025-02-02,2025-02-02,1,142.63,True,False,False,True,2024-02-11 00:00:00+00:00
131,Lunna,Azevedo,lunna.azevedo161@live.com,(75) 94490-5814,regular,2025-10-03,2026-04-03,3,1532.31,False,True,False,True,2025-01-26 00:00:00+00:00
132,Maria Eduarda,Machado,maria eduarda.machado178@gmail.com,(11) 900000132,regular,2025-11-27,2026-05-16,3,709.48,True,False,True,True,2024-11-30 00:00:00+00:00
133,Maria Eduarda,Pacheco,maria eduarda.pacheco352@icloud.com,(11) 900000133,premium,2025-06-23,2026-06-07,19,4302.95,True,False,False,True,2025-03-09 00:00:00+00:00
134,Davi,Machado,davi.machado588@hotmail.com,(38) 91820-3778,novo,,,0,0.0,True,False,False,True,2026-03-30 00:00:00+00:00
135,Rebeca,Pimenta,rebeca.pimenta602@yahoo.com.br,(46) 95466-5905,regular,2026-01-29,2026-04-18,3,1999.12,True,True,True,True,2025-04-26 00:00:00+00:00
136,Davi Lucca,Farias,davi lucca.farias381@hotmail.com.br,(53) 94492-5192,dormant,2025-12-14,2025-12-14,1,466.55,True,True,False,True,2024-04-08 00:00:00+00:00
137,Clara,das Neves,clara.dasneves455@outlook.com.br,,regular,2025-09-15,2026-06-15,4,1445.31,True,False,False,True,2025-07-03 00:00:00+00:00
138,José Pedro,Peixoto,josé pedro.peixoto622@hotmail.com,(27) 98652-8168,premium,2025-12-30,2026-06-09,6,8025.42,True,False,False,True,2024-08-12 00:00:00+00:00
139,Eloá,Almeida,eloá.almeida293@terra.com.br,(27) 92357-3322,regular,2026-03-12,2026-06-07,4,1091.55,False,False,True,True,2025-06-19 00:00:00+00:00
140,Eduardo,da Rocha,eduardo.darocha789@hotmail.com,(95) 98805-9296,novo,,,0,0.0,True,False,False,True,2026-01-19 00:00:00+00:00
141,Leandro,Castro,leandro.castro291@yahoo.com.br,(11) 900000141,regular,2025-11-07,2026-06-28,3,1415.5,True,False,False,True,2025-07-19 00:00:00+00:00
142,Manuela,da Conceição,manuela.daconceição583@icloud.com,(11) 900000142,regular,2026-02-25,2026-04-07,2,1350.97,True,False,False,True,2025-01-14 00:00:00+00:00
143,Giovanna,Montenegro,giovanna.montenegro277@icloud.com,(67) 92392-4075,premium,2025-12-23,2026-06-06,13,12318.67,True,True,True,True,2024-06-23 00:00:00+00:00
144,Gustavo,Silva,gustavo.silva664@icloud.com,(11) 900000144,regular,2025-11-07,2026-06-11,4,1501.32,True,False,False,True,2025-04-23 00:00:00+00:00
145,Fernando,Câmara,fernando.câmara661@live.com,(42) 90606-8536,novo,,,0,0.0,True,False,False,True,2026-06-25 00:00:00+00:00
146,Enrico,Freitas,enrico.freitas441@uol.com.br,(11) 900000146,regular,2025-07-13,2026-04-06,3,911.81,True,False,True,True,2025-05-11 00:00:00+00:00
147,João Lucas,Teixeira,joão lucas.teixeira531@live.com,(77) 99010-4328,novo,,,0,0.0,True,False,False,True,2026-04-12 00:00:00+00:00
148,Sarah,Lima,sarah.lima648@hotmail.com,(17) 93410-3697,novo,,,0,0.0,True,False,False,True,2026-03-11 00:00:00+00:00
149,Davi Lucas,Camargo,davi lucas.camargo149@live.com,(11) 900000149,dormant,2025-10-27,2025-10-27,1,316.77,True,False,False,True,2024-06-20 00:00:00+00:00
150,Clarice,da Costa,clarice.dacosta471@outlook.com.br,(11) 900000150,regular,2026-02-25,2026-04-22,3,1343.45,True,False,False,True,2024-12-21 00:00:00+00:00
151,Asafe,,asafe.151@exemplo.com.br,(11) 900000151,dormant,2024-07-09,2024-07-09,1,407.95,True,True,False,True,2024-11-11 00:00:00+00:00
152,Gustavo Henrique,Vargas,gustavo henrique.vargas286@terra.com.br,(11) 900000152,dormant,2024-10-03,2024-10-03,1,330.61,True,False,False,True,2025-01-26 00:00:00+00:00
153,João Gabriel,Azevedo,joão gabriel.azevedo749@live.com,(11) 900000153,premium,2024-10-10,2026-06-19,25,6502.18,True,True,True,True,2025-01-07 00:00:00+00:00
154,Isabella,Nogueira,isabella.nogueira316@live.com,(11) 900000154,dormant,2025-05-08,2025-05-08,1,143.83,True,False,True,True,2025-05-25 00:00:00+00:00
155,Emilly,Lopes,emilly.lopes7@outlook.com.br,(74) 96527-7584,dormant,2024-11-23,2024-11-23,1,86.41,True,True,False,True,2025-02-26 00:00:00+00:00
156,Enzo,Siqueira,enzo.siqueira289@outlook.com.br,(11) 900000156,dormant,2025-09-14,2025-09-14,1,269.18,True,False,False,True,2024-08-04 00:00:00+00:00
157,Beatriz,Ribeiro,beatriz.ribeiro392@bol.com.br,(24) 97962-7570,premium,2025-07-13,2026-06-02,8,3757.16,True,False,False,True,2025-06-24 00:00:00+00:00
158,Clarice,Pimenta,clarice.pimenta390@outlook.com.br,,regular,2026-02-01,2026-06-07,4,1429.38,True,True,False,True,2024-12-21 00:00:00+00:00
159,Yan,Porto,yan.porto56@gmail.com,(11) 900000159,novo,,,0,0.0,True,False,True,True,2026-03-24 00:00:00+00:00
160,Bernardo,Cardoso,bernardo.cardoso609@hotmail.com,(11) 900000160,regular,2025-12-22,2026-05-09,4,843.34,True,False,False,True,2025-02-25 00:00:00+00:00
161,Ester,Freitas,ester.freitas483@live.com,(11) 900000161,novo,,,0,0.0,True,False,False,True,2026-04-02 00:00:00+00:00
162,Ian,Alves,ian.alves405@yahoo.com.br,,regular,2026-01-27,2026-06-17,4,1373.22,True,False,False,True,2025-03-05 00:00:00+00:00
163,Melina,Moreira,melina.moreira497@outlook.com.br,(11) 900000163,premium,2025-07-03,2026-06-09,25,12976.64,True,False,True,True,2024-02-12 00:00:00+00:00
164,Joaquim,Carvalho,joaquim.carvalho422@hotmail.com,(79) 92715-5188,regular,2025-12-18,2026-04-27,3,1838.13,True,True,True,True,2025-09-17 00:00:00+00:00
165,Amanda,da Rosa,amanda.darosa956@yahoo.com.br,(11) 900000165,regular,2025-07-12,2026-05-02,4,1243.18,True,False,False,True,2025-03-04 00:00:00+00:00
166,Benjamim,Fonseca,benjamim.fonseca449@icloud.com,(47) 97829-1146,regular,2026-01-05,2026-05-18,2,557.03,True,False,False,True,2025-06-17 00:00:00+00:00
167,Maria Luiza,Moura,maria luiza.moura228@outlook.com.br,(64) 99125-1778,regular,2026-03-05,2026-05-10,4,1913.47,True,True,False,True,2025-01-16 00:00:00+00:00
168,Catarina,Cardoso,catarina.168@exemplo.com.br,(11) 900000168,premium,2024-09-26,2026-06-12,12,10120.63,True,False,True,True,2024-06-19 00:00:00+00:00
169,Lucas,Castro,lucas.castro676@terra.com.br,(11) 900000169,novo,,,0,0.0,True,False,True,True,2026-01-02 00:00:00+00:00
170,José,Pires,josé.pires783@bol.com.br,(11) 900000170,dormant,2024-09-01,2024-09-01,1,319.34,True,False,False,True,2025-03-04 00:00:00+00:00
171,Bárbara,Nunes,bárbara.nunes113@gmail.com,(11) 900000171,dormant,2024-07-07,2024-07-07,1,178.66,True,True,True,True,2024-11-26 00:00:00+00:00
172,Bento,Monteiro,bento.monteiro904@icloud.com.br,(18) 94736-4710,dormant,2025-05-11,2025-05-11,1,301.02,True,True,False,True,2024-12-15 00:00:00+00:00
173,Levi,Macedo,levi.macedo213@outlook.com.br,(88) 97359-2555,dormant,2024-09-26,2024-09-26,1,418.0,True,True,False,True,2024-05-25 00:00:00+00:00
174,Isabelly,Cardoso,isabelly.cardoso19@terra.com.br,(97) 98153-7147,regular,2025-11-25,2026-06-22,3,1809.98,False,False,True,True,2025-04-01 00:00:00+00:00
175,Thales,Casa Grande,thales.casagrande874@hotmail.com,(11) 900000175,premium,2025-03-06,2026-06-23,14,11650.52,True,True,False,False,2025-05-01 00:00:00+00:00
176,Ana Sophia,,ana sophia.correia209@yahoo.com.br,,dormant,2024-10-22,2024-10-22,1,387.3,True,True,True,True,2024-06-24 00:00:00+00:00
177,Melina,Moraes,melina.moraes623@live.com,(93) 94701-6873,regular,2025-08-18,2026-06-04,3,1829.29,True,False,False,False,2024-12-15 00:00:00+00:00
178,Pedro,Pacheco,pedro.pacheco941@terra.com.br,(11) 900000178,regular,2025-08-24,2026-06-16,4,1811.39,True,False,False,True,2025-10-01 00:00:00+00:00
179,Henrique,Lopes,henrique.lopes594@yahoo.com.br,(11) 95650-6098,dormant,2025-02-17,2025-02-17,1,60.32,True,False,True,True,2024-12-07 00:00:00+00:00
180,Mathias,Fonseca,mathias.fonseca432@icloud.com,(17) 91687-8499,dormant,2025-09-11,2025-09-11,1,105.07,True,False,False,True,2025-01-04 00:00:00+00:00
181,Isaac,Cardoso,isaac.cardoso118@hotmail.com,(55) 95585-2398,dormant,2025-04-17,2025-04-17,1,239.56,True,False,True,True,2025-05-20 00:00:00+00:00
182,Isadora,Montenegro,isadora.182@exemplo.com.br,(11) 900000182,dormant,2025-04-23,2025-04-23,1,490.84,True,False,False,True,2024-05-06 00:00:00+00:00
183,Olívia,Carvalho,olívia.carvalho704@terra.com.br,(31) 92694-9588,regular,2025-11-27,2026-05-22,3,1446.76,True,False,False,True,2025-05-28 00:00:00+00:00
184,Sophia,Mendonça,sophia.mendonça596@bol.com.br,(86) 90551-6940,premium,2024-11-20,2026-06-18,8,2174.23,False,False,False,True,2024-05-18 00:00:00+00:00
185,Maria Júlia,da Luz,maria júlia.daluz991@uol.com.br,(11) 900000185,novo,,,0,0.0,True,False,False,True,2026-03-11 00:00:00+00:00
186,Benício,Oliveira,benício.oliveira196@hotmail.com,(11) 900000186,novo,,,0,0.0,True,False,True,True,2026-01-07 00:00:00+00:00
187,Melissa,Vasconcelos,melissa.vasconcelos917@live.com,,premium,2025-08-13,2026-06-05,16,12240.27,True,False,True,True,2025-01-22 00:00:00+00:00
188,Davi,Santos,davi.santos857@yahoo.com.br,(98) 93857-8652,dormant,2024-10-14,2024-10-14,1,485.31,False,True,False,True,2024-05-07 00:00:00+00:00
189,Maria Clara,Nascimento,maria clara.nascimento664@terra.com.br,(43) 94973-3484,dormant,2025-11-20,2025-11-20,1,437.06,True,False,False,True,2024-05-09 00:00:00+00:00
190,Rael,da Rosa,rael.darosa514@bol.com.br,(11) 900000190,regular,2025-12-25,2026-06-14,2,1503.53,True,False,True,True,2025-06-01 00:00:00+00:00
191,Yasmin,Garcia,yasmin.garcia243@outlook.com.br,(41) 92404-1574,regular,2025-10-30,2026-04-23,4,1808.2,False,False,True,True,2025-03-04 00:00:00+00:00
192,Maria Luiza,Cunha,maria luiza.cunha680@uol.com.br,(13) 98421-9933,regular,2026-01-26,2026-06-05,3,1336.97,True,True,False,True,2025-01-29 00:00:00+00:00
193,Carlos Eduardo,Rios,carlos eduardo.rios601@icloud.com,(11) 900000193,premium,2025-03-01,2026-06-19,15,12082.95,True,False,False,True,2024-02-18 00:00:00+00:00
194,Anthony,Novaes,anthony.novaes905@yahoo.com.br,(64) 97734-5401,regular,2026-02-19,2026-05-01,3,1299.54,True,False,False,True,2025-01-09 00:00:00+00:00
195,Ravi,Nascimento,ravi.nascimento220@gmail.com,(11) 900000195,regular,2025-10-08,2026-06-26,2,1598.95,True,False,True,True,2025-01-31 00:00:00+00:00
196,Antony,da Rosa,antony.darosa533@hotmail.com,(35) 94788-7287,novo,,,0,0.0,True,True,False,True,2026-06-11 00:00:00+00:00
197,Yago,Correia,yago.correia353@hotmail.com,,premium,2024-12-16,2026-06-25,24,13573.35,True,True,True,True,2024-11-21 00:00:00+00:00
198,Bianca,Castro,bianca.castro395@live.com,(11) 900000198,dormant,2024-10-02,2024-10-02,1,343.25,True,True,False,True,2024-11-22 00:00:00+00:00
199,Jade,Lima,jade.lima417@icloud.com,(33) 91612-2753,premium,2025-03-01,2026-06-15,24,13769.68,True,False,False,True,2024-08-02 00:00:00+00:00
200,Anthony Gabriel,da Luz,anthony gabriel.daluz783@outlook.com.br,(11) 900000200,dormant,2025-04-05,2025-04-05,1,64.0,True,False,True,True,2025-05-01 00:00:00+00:00
201,Eloah,Sales,eloah.sales759@uol.com.br,(11) 900000201,dormant,2024-08-04,2024-08-04,1,339.3,True,False,False,True,2024-04-20 00:00:00+00:00
202,Ana Carolina,Freitas,ana carolina.freitas654@uol.com.br,(11) 900000202,regular,2025-07-24,2026-04-14,2,1649.1,True,True,True,True,2025-03-11 00:00:00+00:00
203,Maria Julia,Sá,maria julia.sá550@icloud.com,(11) 900000203,premium,2024-07-04,2026-06-11,25,9106.43,True,False,False,True,2024-01-11 00:00:00+00:00
204,Henry Gabriel,Araújo,henry gabriel.araújo662@icloud.com,(95) 93982-2587,premium,2024-11-02,2026-06-11,23,14646.09,False,True,True,True,2024-09-25 00:00:00+00:00
205,Igor,Rodrigues,igor.rodrigues943@uol.com.br,(91) 91870-7286,dormant,2024-10-22,2024-10-22,1,148.3,True,False,False,True,2024-03-28 00:00:00+00:00
206,Maria Alice,Nunes,maria alice.nunes955@gmail.com,(83) 94064-0391,dormant,2025-10-26,2025-10-26,1,319.46,True,False,True,True,2024-02-08 00:00:00+00:00
207,Caleb,Lima,caleb.lima881@terra.com.br,(11) 900000207,premium,2024-08-26,2026-06-12,16,9576.49,True,False,True,True,2024-03-24 00:00:00+00:00
208,João Gabriel,Vargas,joão gabriel.vargas445@outlook.com.br,,premium,2024-09-09,2026-06-29,7,12780.73,True,False,False,True,2025-06-28 00:00:00+00:00
209,Evelyn,Garcia,evelyn.garcia26@live.com,(49) 96182-5128,dormant,2024-07-18,2024-07-18,1,126.76,True,True,False,True,2024-01-03 00:00:00+00:00
210,Isabel,Moura,isabel.moura941@yahoo.com.br,(11) 900000210,premium,2025-07-24,2026-06-03,16,14356.9,True,False,False,True,2024-07-10 00:00:00+00:00
211,Raul,da Cruz,raul.dacruz730@live.com,(41) 92431-0690,regular,2025-12-30,2026-05-21,4,915.22,True,False,False,True,2025-05-15 00:00:00+00:00
212,Rodrigo,,rodrigo.costela190@hotmail.com,(11) 900000212,premium,2025-01-26,2026-06-09,24,3404.33,True,False,False,True,2024-08-22 00:00:00+00:00
213,Luna,da Conceição,luna.daconceição789@icloud.com,(11) 900000213,regular,2026-02-22,2026-06-17,4,1362.17,True,True,False,True,2025-03-26 00:00:00+00:00
214,Aurora,da Costa,aurora.dacosta332@bol.com.br,(11) 900000214,regular,2025-07-08,2026-04-30,2,1571.05,True,True,True,True,2025-02-06 00:00:00+00:00
215,Luiz Fernando,,luiz fernando.pires670@outlook.com.br,(92) 90568-5662,novo,,,0,0.0,True,False,False,True,2026-06-26 00:00:00+00:00
216,Ana Clara,Garcia,ana clara.garcia659@yahoo.com.br,(86) 93342-7086,regular,2025-08-02,2026-06-15,2,606.51,True,False,True,True,2025-08-24 00:00:00+00:00
217,Lara,,lara.novais210@icloud.com,(11) 900000217,dormant,2024-07-11,2024-07-11,1,102.08,True,True,False,True,2025-04-13 00:00:00+00:00
218,Francisco,Nascimento,francisco.nascimento937@uol.com.br,(11) 900000218,novo,,,0,0.0,True,False,False,True,2026-06-12 00:00:00+00:00
219,Pedro Henrique,Mendes,pedro henrique.mendes921@uol.com.br,(35) 94033-1739,dormant,2025-03-31,2025-03-31,1,343.53,True,False,False,True,2024-04-24 00:00:00+00:00
220,Nicolas,Gonçalves,nicolas.gonçalves364@uol.com.br,(32) 94678-5445,novo,,,0,0.0,True,True,False,True,2026-06-05 00:00:00+00:00
221,Olivia,Monteiro,olivia.monteiro118@live.com,(11) 900000221,premium,2025-03-18,2026-06-06,5,8835.56,True,True,False,True,2025-06-29 00:00:00+00:00
222,Pedro Miguel,Sousa,pedro miguel.sousa988@yahoo.com.br,,premium,2025-08-29,2026-06-19,19,2932.25,True,True,False,True,2024-08-15 00:00:00+00:00
223,Arthur Gabriel,da Luz,arthur gabriel.daluz434@icloud.com,(66) 94235-3693,premium,2025-07-31,2026-06-16,7,14532.23,True,False,False,True,2024-07-08 00:00:00+00:00
224,Melina,Novaes,melina.novaes485@terra.com.br,(11) 900000224,regular,2026-02-26,2026-04-04,2,1933.88,True,True,True,True,2025-05-23 00:00:00+00:00
225,Mariana,Cirino,mariana.cirino109@icloud.com,(11) 900000225,novo,,,0,0.0,True,False,False,True,2026-01-22 00:00:00+00:00
226,Davi Luiz,Santos,davi luiz.santos947@yahoo.com.br,(11) 900000226,dormant,2025-09-15,2025-09-15,1,422.07,True,False,False,True,2024-02-25 00:00:00+00:00
227,Mariah,Almeida,mariah.almeida959@gmail.com,(65) 90084-8408,regular,2025-11-14,2026-05-10,4,725.78,True,False,False,True,2025-01-04 00:00:00+00:00
228,Lorena,Cavalcanti,lorena.cavalcanti520@hotmail.com.br,,regular,2025-11-06,2026-04-27,2,1566.33,True,True,False,True,2025-07-05 00:00:00+00:00
229,Gael,Moura,gael.moura476@yahoo.com.br,,premium,2024-07-27,2026-06-24,24,8068.17,True,False,False,True,2024-01-24 00:00:00+00:00
230,Rodrigo,Correia,rodrigo.correia228@icloud.com,(11) 900000230,regular,2025-09-11,2026-04-27,2,1344.07,True,True,True,True,2025-01-28 00:00:00+00:00
231,Ryan,Sampaio,ryan.sampaio751@uol.com.br,(21) 91016-6687,regular,2025-12-07,2026-05-16,2,1214.73,True,False,True,True,2025-02-21 00:00:00+00:00
232,Daniel,Porto,daniel.porto287@gmail.com,(11) 900000232,regular,2025-08-31,2026-05-18,3,1215.27,True,False,False,True,2025-08-11 00:00:00+00:00
233,Raul,Cunha,raul.cunha286@live.com,(13) 90148-9025,regular,2025-07-12,2026-06-04,4,1985.82,True,False,False,True,2025-06-13 00:00:00+00:00
234,Arthur Gabriel,Costela,arthur gabriel.costela141@yahoo.com.br,(61) 91429-3968,dormant,2025-08-27,2025-08-27,1,396.02,True,True,False,True,2024-12-17 00:00:00+00:00
235,Bianca,Gomes,bianca.gomes384@yahoo.com.br,(11) 900000235,regular,2026-01-20,2026-06-27,4,599.01,True,False,False,True,2025-03-30 00:00:00+00:00
236,Isabella,Vasconcelos,isabella.vasconcelos657@terra.com.br,(11) 900000236,novo,,,0,0.0,True,False,False,True,2026-05-04 00:00:00+00:00
237,Marcelo,Rodrigues,marcelo.rodrigues295@outlook.com.br,(11) 900000237,regular,2026-02-06,2026-06-03,4,1893.84,True,False,False,True,2025-06-08 00:00:00+00:00
238,Leandro,Sousa,leandro.sousa53@outlook.com.br,(31) 95110-4754,novo,,,0,0.0,True,True,False,True,2026-01-25 00:00:00+00:00
239,Gustavo,Cardoso,gustavo.cardoso564@hotmail.com,(11) 900000239,dormant,2025-07-08,2025-07-08,1,286.83,True,False,False,True,2024-05-20 00:00:00+00:00
240,Felipe,Fogaça,felipe.fogaça776@icloud.com,(11) 900000240,premium,2025-01-13,2026-06-19,18,13465.9,False,False,False,True,2024-04-21 00:00:00+00:00
241,Enzo Gabriel,Silveira,enzo gabriel.silveira818@icloud.com,(11) 900000241,dormant,2025-07-29,2025-07-29,1,203.17,True,False,True,True,2025-02-19 00:00:00+00:00
242,Vitor Gabriel,Monteiro,vitor gabriel.monteiro624@yahoo.com.br,(11) 900000242,regular,2025-09-28,2026-04-04,4,633.93,True,True,True,True,2025-02-28 00:00:00+00:00
243,Theodoro,da Cruz,theodoro.dacruz235@live.com,(11) 900000243,premium,2024-07-28,2026-06-13,5,5619.71,True,False,False,True,2024-04-10 00:00:00+00:00
244,Gabrielly,Farias,gabrielly.farias101@live.com.br,(35) 96924-5937,dormant,2025-01-12,2025-01-12,1,223.3,True,False,True,False,2024-09-06 00:00:00+00:00
245,Ana Sophia,Cavalcanti,ana sophia.cavalcanti741@outlook.com.br,(31) 94793-5646,novo,,,0,0.0,True,False,True,True,2026-01-31 00:00:00+00:00
246,Emanuella,Camargo,emanuella.camargo855@uol.com.br,(11) 900000246,dormant,2025-04-14,2025-04-14,1,182.89,True,True,False,True,2024-10-05 00:00:00+00:00
247,Melina,Carvalho,melina.carvalho533@bol.com.br,(11) 900000247,regular,2026-02-12,2026-05-07,4,1500.3,True,False,True,True,2025-05-19 00:00:00+00:00
248,Isadora,Nascimento,isadora.nascimento849@icloud.com,(67) 98058-9113,novo,,,0,0.0,False,True,False,True,2026-05-18 00:00:00+00:00
249,Daniela,Cavalcante,daniela.cavalcante409@gmail.com,(62) 95610-1438,regular,2025-12-04,2026-06-02,3,1516.31,True,False,True,True,2025-01-05 00:00:00+00:00
250,Rafaela,Novais,rafaela.novais734@uol.com.br,(77) 95679-8250,premium,2024-08-19,2026-06-05,9,5452.58,True,False,False,True,2025-06-03 00:00:00+00:00
251,Maria Sophia,Caldeira,maria sophia.caldeira973@bol.com.br,(66) 91125-4573,dormant,2024-10-02,2024-10-02,1,431.18,True,True,True,True,2025-01-27 00:00:00+00:00
252,Raquel,Mendes,raquel.mendes195@terra.com.br,(86) 91775-1401,regular,2025-09-09,2026-04-12,2,869.91,True,False,True,True,2025-06-02 00:00:00+00:00
253,Augusto,Fernandes,augusto.fernandes434@hotmail.com,(11) 900000253,dormant,2025-03-30,2025-03-30,1,302.58,True,True,False,True,2024-11-15 00:00:00+00:00
254,Maria Eduarda,da Conceição,maria eduarda.daconceição339@outlook.com.br.br,(11) 900000254,dormant,2025-01-07,2025-01-07,1,415.01,True,False,False,True,2025-04-29 00:00:00+00:00
255,Liz,Gomes,liz.gomes700@gmail.com,(11) 900000255,novo,,,0,0.0,True,False,False,False,2026-06-08 00:00:00+00:00
256,Aylla,Costa,aylla.costa566@live.com,(11) 900000256,dormant,2025-12-18,2025-12-18,1,185.86,True,False,False,True,2025-03-06 00:00:00+00:00
257,Ian,Ferreira,ian.ferreira909@terra.com.br,(82) 99249-9125,regular,2025-12-30,2026-06-22,4,748.62,True,False,True,True,2025-02-11 00:00:00+00:00
258,Isaac,da Costa,isaac.dacosta681@bol.com.br.br,(11) 900000258,regular,2025-09-30,2026-04-27,4,1247.35,True,False,False,True,2025-03-31 00:00:00+00:00
259,Hadassa,Lima,hadassa.lima886@yahoo.com.br,,dormant,2025-08-30,2025-08-30,1,56.39,True,False,True,True,2024-07-17 00:00:00+00:00
260,Mariah,Porto,mariah.260@exemplo.com.br,(11) 900000260,regular,2026-02-22,2026-04-10,4,848.06,True,True,True,True,2025-03-31 00:00:00+00:00
261,Cauê,Fogaça,cauê.fogaça988@gmail.com,(89) 92368-8767,dormant,2025-07-15,2025-07-15,1,152.9,True,True,True,True,2025-01-17 00:00:00+00:00
262,Kamilly,,kamilly.santos451@live.com,(91) 92190-3404,regular,2025-07-11,2026-05-07,2,677.75,True,True,False,True,2025-01-29 00:00:00+00:00
263,Rael,Nascimento,rael.263@exemplo.com.br,(11) 900000263,regular,2026-01-01,2026-04-13,4,586.55,True,False,False,True,2025-09-17 00:00:00+00:00
264,Vitor Gabriel,Vasconcelos,vitor gabriel.vasconcelos58@icloud.com,(46) 98078-3613,dormant,2025-04-11,2025-04-11,1,488.47,True,False,False,True,2024-08-25 00:00:00+00:00
265,Ana Cecília,Andrade,ana cecília.andrade733@live.com,(11) 95171-3395,novo,,,0,0.0,True,False,False,True,2026-05-19 00:00:00+00:00
266,Liz,Cavalcante,liz.cavalcante327@yahoo.com.br,(11) 900000266,premium,2025-08-23,2026-06-07,9,7452.82,True,False,False,True,2025-04-13 00:00:00+00:00
267,Lucca,Duarte,lucca.duarte924@bol.com.br,(18) 99481-2604,regular,2025-07-05,2026-05-24,4,603.51,True,True,False,True,2025-03-23 00:00:00+00:00
268,José,Sampaio,josé.sampaio4@yahoo.com.br.br,(11) 900000268,dormant,2024-09-18,2024-09-18,1,444.15,True,False,False,True,2025-01-06 00:00:00+00:00
269,Kamilly,,kamilly.garcia761@live.com,,dormant,2024-12-07,2024-12-07,1,212.98,True,False,False,True,2025-04-12 00:00:00+00:00
270,Dom,Porto,dom.porto511@hotmail.com,(63) 98457-7590,novo,,,0,0.0,True,False,False,True,2026-06-18 00:00:00+00:00
271,Francisco,Siqueira,francisco.siqueira206@live.com,(44) 91863-6374,dormant,2025-11-16,2025-11-16,1,201.63,True,False,False,True,2024-01-25 00:00:00+00:00
272,Ayla,da Paz,ayla.dapaz202@terra.com.br.br,,premium,2024-07-30,2026-06-13,6,12148.21,False,False,False,True,2024-03-13 00:00:00+00:00
273,Ágatha,Oliveira,ágatha.oliveira102@yahoo.com.br,(89) 95001-7012,dormant,2025-10-13,2025-10-13,1,368.82,True,False,False,True,2024-03-04 00:00:00+00:00
274,Lunna,Marques,lunna.marques378@gmail.com,(69) 93242-4154,dormant,2024-11-10,2024-11-10,1,437.76,True,False,True,True,2024-03-16 00:00:00+00:00
275,Enzo,Freitas,enzo.freitas880@yahoo.com.br,(11) 900000275,premium,2024-09-15,2026-06-15,5,6055.79,True,True,False,False,2025-03-28 00:00:00+00:00
276,Maria Liz,,maria liz.barbosa826@yahoo.com.br,(11) 900000276,dormant,2025-02-21,2025-02-21,1,429.48,True,False,True,True,2025-01-19 00:00:00+00:00
277,Maria Liz,Barbosa,maria liz.barbosa483@uol.com.br,(53) 91115-5426,regular,2026-01-03,2026-06-10,4,1819.01,True,False,True,True,2025-07-01 00:00:00+00:00
278,João Felipe,Ramos,joão felipe.ramos952@yahoo.com.br,(11) 900000278,dormant,2025-07-07,2025-07-07,1,432.81,True,False,False,False,2024-12-08 00:00:00+00:00
279,Kevin,Jesus,kevin.jesus140@live.com,(11) 900000279,regular,2026-01-23,2026-05-02,2,1145.81,True,False,True,True,2025-09-01 00:00:00+00:00
280,Ana Vitória,Vieira,ana vitória.vieira452@yahoo.com.br,(11) 900000280,premium,2025-06-01,2026-06-16,24,10729.23,True,True,False,True,2024-12-03 00:00:00+00:00
281,Benjamim,Ribeiro,benjamim.ribeiro569@bol.com.br,,regular,2026-03-16,2026-04-25,3,1278.05,True,True,False,True,2025-09-28 00:00:00+00:00
282,Noah,Moreira,noah.moreira689@icloud.com,(11) 900000282,dormant,2025-09-26,2025-09-26,1,168.92,True,False,False,True,2024-07-26 00:00:00+00:00
283,Melina,Porto,melina.porto219@hotmail.com,,premium,2025-08-07,2026-06-18,10,2888.34,True,False,False,False,2024-05-29 00:00:00+00:00
284,Sarah,Albuquerque,sarah.albuquerque778@terra.com.br,(31) 92696-5827,novo,,,0,0.0,True,False,False,True,2026-04-06 00:00:00+00:00
285,Diogo,Almeida,diogo.almeida154@hotmail.com,(11) 900000285,novo,,,0,0.0,True,True,True,True,2026-02-22 00:00:00+00:00
286,Kamilly,Lima,kamilly.lima25@outlook.com.br,,dormant,2025-03-07,2025-03-07,1,332.37,True,False,True,True,2025-04-29 00:00:00+00:00
287,Enzo,Porto,enzo.porto928@icloud.com,(11) 900000287,dormant,2024-12-28,2024-12-28,1,489.65,True,True,False,True,2025-05-13 00:00:00+00:00
288,Beatriz,Gonçalves,beatriz.gonçalves379@hotmail.com,(27) 96303-1617,novo,,,0,0.0,True,False,False,True,2026-06-03 00:00:00+00:00
289,Daniel,das Neves,daniel.dasneves39@yahoo.com.br,(11) 900000289,dormant,2024-09-09,2024-09-09,1,444.86,False,False,False,True,2024-04-26 00:00:00+00:00
290,Valentim,Cavalcante,valentim.cavalcante61@terra.com.br,(11) 900000290,regular,2026-03-17,2026-04-09,3,1410.1,True,True,True,True,2025-07-02 00:00:00+00:00
291,Vinicius,Silva,vinicius.silva686@hotmail.com,(93) 97850-7925,novo,,,0,0.0,True,True,False,True,2026-04-12 00:00:00+00:00
292,Levi,da Cunha,levi.dacunha390@hotmail.com,(11) 900000292,regular,2025-10-02,2026-05-24,4,903.28,False,True,False,True,2025-05-20 00:00:00+00:00
293,Emanuella,Gomes,emanuella.gomes680@yahoo.com.br,(11) 900000293,dormant,2024-07-02,2024-07-02,1,342.2,True,True,False,True,2024-08-05 00:00:00+00:00
294,Vitor Hugo,Barbosa,vitor hugo.barbosa256@terra.com.br,(11) 900000294,premium,2025-06-09,2026-06-29,15,8384.24,True,False,False,True,2025-07-03 00:00:00+00:00
295,Maria Flor,da Paz,maria flor.dapaz714@bol.com.br,(33) 91870-5349,regular,2025-12-14,2026-05-14,3,1822.54,True,True,False,True,2025-07-12 00:00:00+00:00
296,Ana Júlia,Sousa,ana júlia.sousa665@uol.com.br,(83) 95973-8320,regular,2025-10-31,2026-05-06,4,614.95,True,True,False,True,2024-12-06 00:00:00+00:00
297,Julia,Alves,julia.alves97@uol.com.br,(41) 90506-4138,regular,2025-12-14,2026-05-26,2,1089.1,True,True,True,True,2025-08-26 00:00:00+00:00
298,Renan,Leão,renan.leão825@live.com,,novo,,,0,0.0,True,False,True,True,2026-01-29 00:00:00+00:00
299,Dante,Casa Grande,dante.casagrande247@bol.com.br,,regular,2025-12-15,2026-06-12,3,1297.83,True,False,False,True,2025-07-02 00:00:00+00:00
300,Francisco,Aparecida,francisco.aparecida650@uol.com.br,(99) 96571-9182,novo,,,0,0.0,True,False,False,True,2026-04-25 00:00:00+00:00
301,Isabel,Barbosa,isabel.barbosa147@gmail.com,(73) 92344-5655,premium,2025-08-18,2026-06-15,12,14821.21,True,False,True,True,2024-09-20 00:00:00+00:00
302,Marcela,da Mata,marcela.damata499@uol.com.br,(11) 900000302,regular,2025-08-06,2026-04-14,2,1447.13,True,False,False,True,2025-08-17 00:00:00+00:00
303,Maria Flor,Dias,maria flor.dias325@outlook.com.br,(11) 900000303,dormant,2025-02-22,2025-02-22,1,355.5,True,False,True,True,2025-03-25 00:00:00+00:00
304,Fernando,Castro,fernando.castro629@bol.com.br,(11) 900000304,regular,2026-03-08,2026-05-07,3,879.91,True,True,False,True,2025-05-01 00:00:00+00:00
305,Carlos Eduardo,Rocha,carlos eduardo.rocha630@bol.com.br,(11) 900000305,regular,2025-11-06,2026-04-25,3,1265.84,True,False,False,True,2025-01-06 00:00:00+00:00
306,Maria Eduarda,Caldeira,maria eduarda.caldeira736@yahoo.com.br,,novo,,,0,0.0,True,False,True,True,2026-01-06 00:00:00+00:00
307,Joaquim,Albuquerque,joaquim.albuquerque834@gmail.com,(11) 900000307,dormant,2024-07-19,2024-07-19,1,495.15,True,False,False,True,2024-11-27 00:00:00+00:00
308,Dom,Almeida,dom.almeida574@hotmail.com,(11) 900000308,regular,2025-12-16,2026-05-31,4,1485.09,True,True,False,True,2025-02-11 00:00:00+00:00
309,Lucca,Oliveira,lucca.oliveira48@outlook.com.br,,premium,2025-02-22,2026-06-25,12,7538.92,True,True,False,True,2024-07-03 00:00:00+00:00
310,Isabela,Monteiro,isabela.monteiro541@gmail.com,(51) 96253-2447,dormant,2025-05-27,2025-05-27,1,348.12,True,True,False,True,2024-04-20 00:00:00+00:00
311,Kaique,Andrade,kaique.andrade470@uol.com.br,(19) 97687-0146,novo,,,0,0.0,True,True,False,True,2026-03-17 00:00:00+00:00
312,João Guilherme,Leão,joão guilherme.leão955@uol.com.br,(11) 900000312,regular,2025-09-07,2026-04-11,3,1861.76,True,False,False,True,2025-07-15 00:00:00+00:00
313,Milena,Duarte,milena.duarte62@outlook.com.br,(13) 92059-3040,novo,,,0,0.0,True,False,False,True,2026-06-15 00:00:00+00:00
314,Maria Julia,Moura,maria julia.moura923@terra.com.br,(11) 900000314,regular,2025-09-07,2026-06-26,3,594.71,True,True,True,True,2024-12-29 00:00:00+00:00
315,Hellena,Fogaça,hellena.fogaça677@yahoo.com.br,(11) 900000315,regular,2025-12-27,2026-05-26,3,1122.86,True,False,True,True,2025-07-17 00:00:00+00:00
316,João Miguel,Nunes,joão miguel.nunes744@uol.com.br,(92) 98427-0103,novo,,,0,0.0,True,False,True,True,2026-04-14 00:00:00+00:00
317,Pedro Lucas,Almeida,pedro lucas.almeida27@icloud.com,(87) 90593-2525,dormant,2025-10-03,2025-10-03,1,196.99,True,False,False,True,2024-03-13 00:00:00+00:00
318,Dante,Almeida,dante.almeida803@yahoo.com.br,,regular,2026-01-06,2026-05-23,4,1773.77,True,False,False,True,2025-06-12 00:00:00+00:00
319,João Miguel,Vasconcelos,joão miguel.vasconcelos709@hotmail.com,(46) 91569-1545,premium,2025-10-26,2026-06-01,14,7077.72,True,False,True,True,2024-01-12 00:00:00+00:00
320,João Gabriel,Castro,joão gabriel.castro920@outlook.com.br,(89) 95289-5392,regular,2025-09-17,2026-04-28,3,1012.86,True,False,True,True,2025-08-14 00:00:00+00:00
321,Gabriela,das Neves,gabriela.dasneves288@bol.com.br,(11) 900000321,novo,,,0,0.0,True,True,False,True,2026-05-26 00:00:00+00:00
322,Anna Liz,Pimenta,anna liz.pimenta571@uol.com.br,(11) 900000322,dormant,2024-10-01,2024-10-01,1,341.89,True,False,False,True,2025-05-03 00:00:00+00:00
323,Felipe,Santos,felipe.santos430@terra.com.br,(77) 90433-1541,dormant,2025-09-12,2025-09-12,1,58.62,True,False,False,True,2024-06-26 00:00:00+00:00
324,Alexandre,Aragão,alexandre.aragão90@outlook.com.br,(74) 96267-6586,novo,,,0,0.0,True,False,True,True,2026-03-07 00:00:00+00:00
325,Guilherme,Mendes,guilherme.mendes150@uol.com.br,(11) 900000325,dormant,2025-01-27,2025-01-27,1,79.94,True,False,False,True,2024-04-23 00:00:00+00:00
326,Diogo,Fernandes,diogo.fernandes181@yahoo.com.br,(49) 92181-5997,novo,,,0,0.0,True,False,True,True,2026-03-14 00:00:00+00:00
327,Bento,Lopes,bento.lopes607@yahoo.com.br,(73) 92015-3368,novo,,,0,0.0,True,False,True,True,2026-04-20 00:00:00+00:00
328,Valentina,da Luz,valentina.daluz915@bol.com.br,(21) 93106-9872,novo,,,0,0.0,True,False,False,True,2026-04-08 00:00:00+00:00
329,Cauê,Fonseca,cauê.fonseca564@gmail.com,(69) 91497-3103,regular,2026-01-20,2026-05-21,4,1977.96,True,True,False,True,2025-02-10 00:00:00+00:00
330,Luigi,Porto,luigi.porto39@bol.com.br,(11) 900000330,regular,2026-02-25,2026-06-04,2,953.72,True,True,False,True,2025-07-10 00:00:00+00:00
331,Yasmin,Gomes,yasmin.gomes31@yahoo.com.br,(47) 96527-0477,regular,2025-09-22,2026-06-20,3,1705.71,True,False,False,True,2025-05-29 00:00:00+00:00
332,Vinicius,Câmara,vinicius.câmara991@bol.com.br,(11) 900000332,premium,2025-05-21,2026-06-21,14,5664.95,True,False,True,True,2025-04-08 00:00:00+00:00
333,Davi,Gomes,davi.gomes679@icloud.com,(67) 98793-7416,regular,2025-08-27,2026-04-06,2,1910.63,True,False,False,True,2025-07-14 00:00:00+00:00
334,Bernardo,Montenegro,bernardo.montenegro48@icloud.com,(11) 900000334,dormant,2025-06-29,2025-06-29,1,197.7,True,True,True,True,2024-07-26 00:00:00+00:00
335,Lavínia,Barros,lavínia.barros188@outlook.com.br,(11) 900000335,regular,2026-02-22,2026-04-19,4,1104.16,True,False,False,True,2024-12-27 00:00:00+00:00
336,Isabella,Novaes,isabella.novaes643@terra.com.br,(14) 98709-9861,regular,2025-12-27,2026-05-23,3,1854.79,True,False,True,True,2025-03-18 00:00:00+00:00
337,Kamilly,Cassiano,kamilly.cassiano76@yahoo.com.br,(11) 900000337,novo,,,0,0.0,True,False,True,False,2026-01-31 00:00:00+00:00
338,Hadassa,Rezende,hadassa.rezende596@live.com,(86) 90246-2996,regular,2026-02-16,2026-05-19,3,1627.51,True,False,False,True,2025-06-12 00:00:00+00:00
339,Breno,Gonçalves,breno.gonçalves920@terra.com.br,(11) 900000339,dormant,2025-09-15,2025-09-15,1,464.33,True,False,False,True,2024-09-30 00:00:00+00:00
340,Alana,Mendonça,alana.mendonça473@hotmail.com,(11) 900000340,regular,2025-09-04,2026-06-13,4,1230.9,True,True,False,True,2024-12-22 00:00:00+00:00
341,Marcos Vinicius,,marcos vinicius.macedo661@uol.com.br,,regular,2025-12-07,2026-06-15,2,1265.87,True,True,False,True,2025-03-17 00:00:00+00:00
342,Joana,Sousa,joana.sousa649@live.com,(98) 95082-1486,regular,2025-12-25,2026-04-11,2,1694.01,True,False,True,True,2025-01-12 00:00:00+00:00
343,João Gabriel,Vasconcelos,joão gabriel.vasconcelos268@icloud.com,(11) 900000343,regular,2025-11-14,2026-05-18,3,1088.14,True,False,True,True,2025-01-04 00:00:00+00:00
344,Eloah,Santos,eloah.santos614@uol.com.br,,novo,,,0,0.0,True,False,False,True,2026-02-23 00:00:00+00:00
345,Yan,Freitas,yan.345@exemplo.com.br,(95) 96103-5797,regular,2025-11-06,2026-05-05,4,1417.2,True,True,True,True,2025-09-06 00:00:00+00:00
346,Luiz Gustavo,Melo,luiz gustavo.melo58@icloud.com,(42) 95241-4060,regular,2025-12-18,2026-05-01,3,1574.07,True,False,False,True,2025-07-13 00:00:00+00:00
347,Luan,Oliveira,luan.oliveira808@uol.com.br,(11) 900000347,regular,2025-11-16,2026-06-14,3,1892.95,True,False,True,True,2025-04-03 00:00:00+00:00
348,João,Ramos,joão.ramos510@yahoo.com.br,,regular,2026-03-23,2026-04-08,2,1626.77,True,True,False,False,2025-05-05 00:00:00+00:00
349,Antony,Câmara,antony.câmara282@bol.com.br,(24) 94665-7437,regular,2025-11-13,2026-04-04,4,1826.88,True,False,False,True,2025-05-25 00:00:00+00:00
350,Ana Julia,Rocha,ana julia.rocha985@icloud.com,(61) 99108-5899,regular,2025-07-23,2026-06-15,3,760.01,True,True,False,True,2025-01-27 00:00:00+00:00
351,Alexia,da Rosa,alexia.darosa875@hotmail.com,(88) 91545-4443,regular,2026-01-01,2026-06-12,4,522.77,True,False,True,True,2025-05-08 00:00:00+00:00
352,Kaique,Moreira,kaique.moreira712@uol.com.br,(11) 900000352,regular,2025-08-08,2026-05-08,2,1669.98,True,True,False,True,2025-08-28 00:00:00+00:00
353,Larissa,Guerra,larissa.guerra700@outlook.com.br,(11) 900000353,dormant,2025-09-16,2025-09-16,1,438.56,True,False,True,True,2024-04-17 00:00:00+00:00
354,Natália,da Rosa,natália.darosa674@yahoo.com.br,,dormant,2024-10-20,2024-10-20,1,73.74,True,False,False,True,2024-10-01 00:00:00+00:00
355,Luiz Miguel,da Rocha,luiz miguel.darocha209@hotmail.com,,regular,2026-03-25,2026-04-29,4,1026.23,True,False,False,True,2025-04-12 00:00:00+00:00
356,Maria Julia,Cardoso,maria julia.cardoso163@bol.com.br,(11) 900000356,regular,2025-11-10,2026-05-07,4,709.4,True,False,False,False,2024-12-25 00:00:00+00:00
357,Esther,da Luz,esther.daluz407@bol.com.br,(83) 91709-9917,dormant,2025-12-28,2025-12-28,1,64.7,True,False,False,True,2024-01-21 00:00:00+00:00
358,Mathias,Montenegro,mathias.montenegro903@hotmail.com,(51) 98460-2235,novo,,,0,0.0,True,True,False,True,2026-04-29 00:00:00+00:00
359,Julia,Nunes,julia.nunes675@live.com,(11) 900000359,dormant,2025-02-19,2025-02-19,1,425.14,True,False,False,True,2024-06-20 00:00:00+00:00
360,Anthony,Machado,anthony.machado398@bol.com.br,(11) 900000360,regular,2025-09-27,2026-04-11,4,1092.89,True,False,False,True,2025-02-26 00:00:00+00:00
361,Liz,Guerra,liz.guerra136@outlook.com.br,(87) 96008-3505,dormant,2025-06-15,2025-06-15,1,379.17,True,True,True,True,2024-03-06 00:00:00+00:00
362,Sofia,Correia,sofia.correia995@gmail.com,(11) 900000362,dormant,2025-06-19,2025-06-19,1,191.67,True,True,False,True,2024-05-09 00:00:00+00:00
363,Ana Laura,Cavalcante,ana laura.cavalcante494@hotmail.com,(11) 900000363,regular,2025-12-17,2026-06-12,2,1872.59,True,False,False,True,2025-01-06 00:00:00+00:00
364,João Felipe,,joão felipe.fernandes835@live.com,(44) 93260-3323,regular,2025-08-31,2026-04-21,4,1967.53,True,False,True,True,2024-12-17 00:00:00+00:00
365,Augusto,,augusto.pastor316@icloud.com,(11) 900000365,novo,,,0,0.0,True,False,True,True,2026-01-14 00:00:00+00:00
366,Calebe,Ribeiro,calebe.ribeiro47@hotmail.com,(11) 900000366,dormant,2025-03-27,2025-03-27,1,462.62,True,False,True,True,2024-11-11 00:00:00+00:00
367,Maria Júlia,Sampaio,maria júlia.sampaio639@yahoo.com.br,,dormant,2025-09-08,2025-09-08,1,347.77,True,False,False,True,2025-05-19 00:00:00+00:00
368,Noah,Sales,noah.sales448@gmail.com,(22) 96184-9926,novo,,,0,0.0,True,False,False,True,2026-01-02 00:00:00+00:00
369,Gustavo Henrique,Moraes,gustavo henrique.moraes187@hotmail.com,(16) 91173-9348,dormant,2025-01-03,2025-01-03,1,55.09,True,False,False,True,2024-03-02 00:00:00+00:00
370,Nathan,Fogaça,nathan.fogaça827@outlook.com.br,(19) 92087-3753,novo,,,0,0.0,True,True,False,True,2026-03-20 00:00:00+00:00
371,André,Albuquerque,andré.albuquerque766@hotmail.com,(11) 900000371,premium,2024-07-31,2026-06-25,21,4939.03,True,False,False,True,2025-04-07 00:00:00+00:00
372,Ravi,Marques,ravi.marques970@bol.com.br,(11) 97012-0455,premium,2025-03-15,2026-06-01,24,8402.96,True,False,False,True,2024-12-23 00:00:00+00:00
373,Letícia,Sousa,letícia.sousa311@hotmail.com,(11) 900000373,regular,2025-10-20,2026-06-28,2,902.26,True,False,False,True,2025-02-22 00:00:00+00:00
374,Vitor Gabriel,Siqueira,vitor gabriel.siqueira830@hotmail.com,(48) 95216-6746,dormant,2024-12-31,2024-12-31,1,205.17,True,False,True,True,2024-01-03 00:00:00+00:00
375,Maria Liz,Leão,maria liz.leão916@yahoo.com.br,(11) 900000375,dormant,2025-03-30,2025-03-30,1,290.82,True,True,False,True,2024-09-09 00:00:00+00:00
376,Luna,Cirino,luna.cirino384@outlook.com.br,(44) 99027-7167,novo,,,0,0.0,True,False,False,True,2026-03-26 00:00:00+00:00
377,Caleb,Azevedo,caleb.azevedo316@bol.com.br,(28) 90899-3588,regular,2025-12-16,2026-04-03,3,535.3,True,False,False,True,2025-05-28 00:00:00+00:00
378,Gabriel,Lopes,gabriel.lopes971@uol.com.br,(88) 95628-9002,regular,2025-10-03,2026-04-20,2,1478.14,True,False,False,True,2025-06-20 00:00:00+00:00
379,Mirella,Melo,mirella.melo12@live.com,(11) 900000379,dormant,2025-07-04,2025-07-04,1,450.31,False,False,False,False,2024-08-24 00:00:00+00:00
380,Pietro,Novaes,pietro.novaes737@outlook.com.br,(63) 93177-9717,regular,2025-07-30,2026-04-11,2,1478.35,True,True,False,True,2025-02-09 00:00:00+00:00
381,Maitê,Dias,maitê.dias322@hotmail.com,(93) 90166-0880,regular,2025-09-13,2026-06-20,2,1198.01,True,False,True,True,2025-02-20 00:00:00+00:00
382,Fernando,Vieira,fernando.vieira386@bol.com.br,(96) 98375-5037,dormant,2025-03-23,2025-03-23,1,484.39,True,False,False,True,2024-01-26 00:00:00+00:00
383,Bianca,Novais,bianca.novais658@live.com,(46) 97113-0554,premium,2025-02-04,2026-06-08,6,13924.48,True,False,False,True,2024-04-08 00:00:00+00:00
384,Ágatha,Moreira,ágatha.moreira929@terra.com.br,(11) 900000384,novo,,,0,0.0,True,False,False,True,2026-05-28 00:00:00+00:00
385,Matteo,Correia,matteo.correia104@hotmail.com,(55) 93735-1609,regular,2025-09-16,2026-06-18,4,524.37,True,False,False,True,2025-07-09 00:00:00+00:00
386,Josué,Vargas,josué.vargas610@live.com,(82) 99827-0808,dormant,2025-06-10,2025-06-10,1,452.42,False,True,False,True,2025-05-24 00:00:00+00:00
387,Luana,Pacheco,luana.pacheco936@live.com,(96) 92922-1699,premium,2025-06-15,2026-06-01,24,9354.68,True,False,True,True,2024-08-14 00:00:00+00:00
388,Aurora,Montenegro,aurora.montenegro641@outlook.com.br,(67) 99346-5472,regular,2026-02-07,2026-04-03,4,621.56,True,True,False,True,2025-08-11 00:00:00+00:00
389,João Guilherme,Jesus,joão guilherme.jesus849@icloud.com,(21) 98583-3394,regular,2025-12-11,2026-05-10,3,1388.45,True,False,False,True,2025-04-26 00:00:00+00:00
390,Catarina,Rocha,catarina.rocha772@yahoo.com.br,(11) 900000390,dormant,2025-07-15,2025-07-15,1,497.61,True,False,False,True,2024-12-30 00:00:00+00:00
391,Lara,Rocha,lara.rocha200@icloud.com,(17) 96081-0620,regular,2026-01-15,2026-06-02,4,1217.74,True,False,False,True,2025-05-20 00:00:00+00:00
392,Daniel,Costa,daniel.392@exemplo.com.br,(11) 900000392,regular,2025-07-01,2026-04-27,4,562.37,True,False,True,True,2025-02-16 00:00:00+00:00
393,Elisa,Machado,elisa.machado263@hotmail.com,(11) 900000393,premium,2024-11-07,2026-06-16,8,4469.17,True,True,False,True,2024-10-10 00:00:00+00:00
394,Lara,Viana,lara.viana366@terra.com.br,(11) 900000394,regular,2026-03-05,2026-05-04,3,1325.71,True,False,False,True,2025-09-08 00:00:00+00:00
395,Zoe,Sousa,zoe.sousa963@uol.com.br,(11) 900000395,premium,2025-10-15,2026-06-16,24,7209.15,True,False,True,True,2024-12-01 00:00:00+00:00
396,Gabriela,Aparecida,gabriela.aparecida87@outlook.com.br,(15) 98422-9405,dormant,2025-07-17,2025-07-17,1,378.72,True,False,False,True,2024-08-10 00:00:00+00:00
397,Maria Flor,Santos,maria flor.santos949@yahoo.com.br.br,(11) 900000397,regular,2025-08-27,2026-06-26,2,1429.95,False,False,False,True,2025-10-03 00:00:00+00:00
398,Ísis,Fogaça,ísis.fogaça756@hotmail.com,,regular,2025-11-07,2026-06-02,4,1389.16,True,True,False,True,2025-09-18 00:00:00+00:00
399,Anna Liz,Moura,anna liz.moura944@uol.com.br,(11) 900000399,regular,2025-09-11,2026-04-25,3,620.28,True,False,False,True,2025-06-18 00:00:00+00:00
400,Francisco,Ferreira,francisco.ferreira858@uol.com.br,(11) 900000400,dormant,2025-11-19,2025-11-19,1,129.72,True,False,True,True,2025-06-17 00:00:00+00:00
401,Antony,Camargo,antony.camargo630@terra.com.br,(77) 93993-0561,regular,2025-07-29,2026-06-01,4,1973.78,True,False,False,False,2025-04-26 00:00:00+00:00
402,Helena,da Cunha,helena.402@exemplo.com.br,(16) 90858-8770,premium,2025-06-30,2026-06-29,16,11777.67,False,True,True,True,2024-07-07 00:00:00+00:00
403,Ana Carolina,Rezende,ana carolina.rezende22@uol.com.br,(32) 98112-8801,regular,2026-03-08,2026-05-04,4,1447.19,True,True,False,True,2025-07-11 00:00:00+00:00
404,Otto,Rios,otto.rios265@uol.com.br,,regular,2025-08-30,2026-04-22,3,589.38,True,True,False,True,2025-08-23 00:00:00+00:00
405,Laís,,laís.caldeira387@uol.com.br,(73) 91207-5011,dormant,2025-11-28,2025-11-28,1,141.03,True,True,True,True,2024-02-04 00:00:00+00:00
406,Cauê,Cavalcanti,cauê.406@exemplo.com.br,(11) 900000406,regular,2025-11-17,2026-04-04,2,538.71,True,True,False,True,2025-09-18 00:00:00+00:00
407,Ana Vitória,Almeida,ana vitória.407@exemplo.com.br,(11) 900000407,premium,2026-01-01,2026-06-20,21,10392.44,True,False,False,True,2024-03-02 00:00:00+00:00
408,Milena,Caldeira,milena.caldeira494@bol.com.br,(22) 99147-6607,novo,,,0,0.0,True,False,True,True,2026-06-18 00:00:00+00:00
409,Levi,Nascimento,levi.nascimento555@uol.com.br,(11) 900000409,premium,2025-02-17,2026-06-05,22,10741.07,True,False,False,True,2025-04-05 00:00:00+00:00
410,João Miguel,Campos,joão miguel.410@exemplo.com.br,(11) 900000410,premium,2024-08-02,2026-06-14,20,14437.37,True,False,False,True,2024-04-30 00:00:00+00:00
411,Catarina,Cunha,catarina.cunha970@outlook.com.br,(97) 92223-9431,dormant,2024-08-25,2024-08-25,1,263.79,True,False,True,True,2025-03-14 00:00:00+00:00
412,Luiz Miguel,Rios,luiz miguel.rios557@gmail.com,(83) 98141-4139,dormant,2024-10-19,2024-10-19,1,229.7,True,True,False,True,2024-02-20 00:00:00+00:00
413,Mariah,Farias,mariah.farias692@terra.com.br,(11) 900000413,regular,2025-12-24,2026-05-21,2,1935.8,True,False,False,True,2025-07-16 00:00:00+00:00
414,Manuella,Farias,manuella.farias685@bol.com.br,(11) 900000414,dormant,2025-06-02,2025-06-02,1,121.43,True,False,False,True,2025-04-12 00:00:00+00:00
415,Thales,Viana,thales.viana875@uol.com.br,(73) 94525-7775,regular,2025-11-07,2026-04-04,3,1908.0,True,False,False,True,2025-02-21 00:00:00+00:00
416,Ana Laura,Mendonça,ana laura.mendonça435@icloud.com,(11) 900000416,premium,2025-01-20,2026-06-24,22,2563.1,True,False,True,True,2024-07-24 00:00:00+00:00
417,Eduardo,Siqueira,eduardo.siqueira343@hotmail.com,(11) 900000417,dormant,2024-11-27,2024-11-27,1,460.38,True,False,False,True,2025-06-08 00:00:00+00:00
418,Vicente,Nogueira,vicente.nogueira941@icloud.com,(85) 92563-9427,regular,2025-08-20,2026-06-06,3,1912.21,True,False,False,True,2025-09-15 00:00:00+00:00
419,Melissa,Moraes,melissa.moraes429@hotmail.com.br,(61) 95803-9282,novo,,,0,0.0,True,True,False,True,2026-05-06 00:00:00+00:00
420,Maitê,Castro,maitê.castro499@yahoo.com.br,(11) 900000420,regular,2025-08-09,2026-05-06,3,771.18,True,False,False,True,2025-08-31 00:00:00+00:00
421,Ester,da Conceição,ester.daconceição287@gmail.com,(11) 900000421,dormant,2025-04-03,2025-04-03,1,283.13,True,False,False,True,2024-06-20 00:00:00+00:00
422,Gustavo,Santos,gustavo.santos272@icloud.com,(14) 94989-2665,dormant,2025-10-25,2025-10-25,1,300.83,True,True,True,True,2024-11-01 00:00:00+00:00
423,Eduardo,Moreira,eduardo.moreira189@bol.com.br,(49) 93865-5779,premium,2025-06-25,2026-06-16,12,10300.35,True,False,True,False,2024-02-01 00:00:00+00:00
424,Anthony Gabriel,Montenegro,anthony gabriel.montenegro549@yahoo.com.br,(74) 92318-4322,regular,2025-11-23,2026-05-05,2,1640.01,True,True,False,True,2025-08-05 00:00:00+00:00
425,Levi,Fonseca,levi.fonseca735@hotmail.com,(11) 900000425,regular,2025-10-01,2026-04-10,3,992.84,True,False,False,True,2025-05-27 00:00:00+00:00
426,Lorenzo,Ramos,lorenzo.ramos587@outlook.com.br,(11) 900000426,regular,2025-11-09,2026-04-03,2,848.34,True,True,True,True,2025-09-19 00:00:00+00:00
427,Bruno,Oliveira,bruno.oliveira467@yahoo.com.br,(11) 900000427,novo,,,0,0.0,True,False,False,True,2026-05-24 00:00:00+00:00
428,Alice,Barros,alice.barros703@uol.com.br,(77) 99772-3692,dormant,2024-07-29,2024-07-29,1,442.09,True,True,False,True,2024-01-07 00:00:00+00:00
429,Luiz Otávio,Pinto,luiz otávio.pinto686@icloud.com,(11) 92579-9136,regular,2026-01-17,2026-05-23,3,865.36,True,True,False,True,2025-03-29 00:00:00+00:00
430,Helena,Cardoso,helena.cardoso788@hotmail.com,(11) 900000430,dormant,2025-02-09,2025-02-09,1,402.45,True,False,False,True,2024-12-27 00:00:00+00:00
431,Maria Laura,Pimenta,maria laura.pimenta1@gmail.com.br,(94) 91172-9806,regular,2026-01-05,2026-05-20,3,632.23,True,False,False,True,2025-06-03 00:00:00+00:00
432,Rebeca,Leão,rebeca.leão739@terra.com.br,(11) 900000432,regular,2025-12-24,2026-06-16,4,1564.08,True,False,False,True,2025-01-24 00:00:00+00:00
433,Gael Henrique,Lima,gael henrique.lima498@yahoo.com.br,,dormant,2025-04-06,2025-04-06,1,482.64,True,False,True,True,2024-11-01 00:00:00+00:00
434,Thomas,Mendes,thomas.mendes928@uol.com.br,(11) 900000434,dormant,2026-01-01,2026-01-01,1,460.18,True,False,False,True,2024-01-07 00:00:00+00:00
435,Rebeca,Campos,rebeca.campos927@icloud.com,(11) 900000435,regular,2025-09-05,2026-04-13,2,707.56,True,False,False,True,2025-07-07 00:00:00+00:00
436,Thiago,da Luz,thiago.daluz634@icloud.com.br,(68) 99594-6368,regular,2025-11-23,2026-06-26,4,1187.04,True,True,False,True,2025-07-11 00:00:00+00:00
437,Maria Sophia,,maria sophia.cavalcanti819@terra.com.br,,regular,2025-09-29,2026-04-25,2,1128.04,True,False,False,True,2025-01-12 00:00:00+00:00
438,Maria Sophia,da Cunha,maria sophia.dacunha609@bol.com.br,(41) 96213-7213,dormant,2025-09-27,2025-09-27,1,467.96,True,False,False,True,2024-02-09 00:00:00+00:00
439,Nicole,Guerra,nicole.guerra105@terra.com.br,(11) 900000439,dormant,2025-02-18,2025-02-18,1,463.03,True,True,False,True,2024-03-29 00:00:00+00:00
440,Felipe,Azevedo,felipe.azevedo113@bol.com.br,(11) 900000440,premium,2025-10-15,2026-06-12,11,12595.94,False,True,False,True,2025-01-05 00:00:00+00:00
441,Allana,Silva,allana.silva296@gmail.com,(11) 900000441,regular,2026-02-09,2026-06-01,3,1307.59,False,False,False,True,2025-09-25 00:00:00+00:00
442,Nina,Moreira,nina.moreira934@uol.com.br,(11) 900000442,regular,2026-03-09,2026-05-14,3,861.75,True,False,False,True,2025-07-13 00:00:00+00:00
443,Clarice,Rios,clarice.rios126@outlook.com.br,(63) 99380-1184,regular,2026-03-02,2026-05-31,2,1305.56,True,True,False,True,2025-06-14 00:00:00+00:00
444,Cecília,Ferreira,cecília.ferreira963@bol.com.br,(11) 900000444,dormant,2024-09-07,2024-09-07,1,105.73,True,True,False,True,2025-03-14 00:00:00+00:00
445,Joana,Montenegro,joana.montenegro949@hotmail.com,(11) 900000445,novo,,,0,0.0,True,False,False,True,2026-05-03 00:00:00+00:00
446,Theodoro,Sales,theodoro.sales889@live.com,(49) 99735-7790,novo,,,0,0.0,True,False,False,True,2026-05-15 00:00:00+00:00
447,Maria Luísa,Camargo,maria luísa.camargo327@bol.com.br,(11) 900000447,regular,2025-11-28,2026-04-10,3,751.35,True,True,False,True,2025-05-17 00:00:00+00:00
448,Antony,Sampaio,antony.sampaio914@bol.com.br,(11) 900000448,regular,2026-02-17,2026-06-03,2,559.72,True,False,True,True,2024-12-26 00:00:00+00:00
449,Ana Sophia,Fogaça,ana sophia.fogaça890@uol.com.br,(12) 92373-3343,dormant,2025-02-02,2025-02-02,1,491.57,True,False,False,True,2025-02-02 00:00:00+00:00
450,Raul,Costa,raul.costa314@uol.com.br,(44) 92111-7908,regular,2025-12-18,2026-06-29,3,1886.11,True,False,False,True,2025-08-04 00:00:00+00:00
451,Bryan,Mendes,bryan.451@exemplo.com.br,(28) 97947-2846,dormant,2025-06-25,2025-06-25,1,241.7,True,False,True,True,2025-05-11 00:00:00+00:00
452,Pedro Miguel,Sá,pedro miguel.sá442@yahoo.com.br,(11) 900000452,regular,2025-07-05,2026-04-02,3,1825.53,True,False,False,True,2025-03-03 00:00:00+00:00
453,Luiz Fernando,Marques,luiz fernando.marques117@hotmail.com,(98) 97500-3691,dormant,2024-11-04,2024-11-04,1,86.26,True,False,True,False,2024-07-05 00:00:00+00:00
454,Aylla,Fonseca,aylla.fonseca649@bol.com.br.br,(11) 900000454,regular,2025-12-29,2026-05-21,2,742.54,True,False,False,True,2025-03-15 00:00:00+00:00
455,Léo,Monteiro,léo.455@exemplo.com.br,(11) 900000455,novo,,,0,0.0,True,True,False,False,2026-03-23 00:00:00+00:00
456,João,Oliveira,joão.oliveira559@uol.com.br,(11) 900000456,regular,2025-10-29,2026-06-15,2,971.07,True,True,False,True,2025-01-30 00:00:00+00:00
457,Maria Júlia,Albuquerque,maria júlia.albuquerque693@yahoo.com.br.br,(67) 97288-5744,novo,,,0,0.0,True,False,False,True,2026-02-11 00:00:00+00:00
458,Calebe,Gonçalves,calebe.458@exemplo.com.br,(11) 900000458,dormant,2025-11-17,2025-11-17,1,407.27,True,False,True,True,2024-09-07 00:00:00+00:00
459,Eloah,Fonseca,eloah.fonseca144@icloud.com,(11) 900000459,premium,2025-08-07,2026-06-14,11,6640.77,True,False,False,True,2025-04-26 00:00:00+00:00
460,Stephany,Cavalcanti,stephany.cavalcanti575@bol.com.br,(43) 95877-1694,dormant,2024-09-30,2024-09-30,1,289.11,True,False,True,True,2024-02-08 00:00:00+00:00
461,Maria Fernanda,Pires,maria fernanda.pires610@yahoo.com.br,(11) 900000461,dormant,2024-10-02,2024-10-02,1,279.94,True,False,True,True,2025-04-10 00:00:00+00:00
462,Caroline,da Conceição,caroline.daconceição899@terra.com.br,(31) 94496-4759,regular,2026-01-14,2026-06-14,3,1783.33,True,False,False,True,2025-04-25 00:00:00+00:00
463,Raquel,Machado,raquel.machado246@outlook.com.br,(11) 900000463,premium,2024-09-09,2026-06-14,23,4492.57,True,True,False,True,2025-06-17 00:00:00+00:00
464,Isabella,Caldeira,isabella.caldeira192@hotmail.com,(11) 900000464,dormant,2025-03-15,2025-03-15,1,382.94,True,False,False,True,2025-06-27 00:00:00+00:00
465,Vinicius,Pinto,vinicius.pinto840@yahoo.com.br,(11) 900000465,regular,2026-03-19,2026-06-16,2,1153.09,True,False,False,True,2025-01-11 00:00:00+00:00
466,Sara,Cavalcante,sara.cavalcante958@gmail.com,(11) 900000466,dormant,2024-08-04,2024-08-04,1,267.02,True,True,True,True,2024-06-04 00:00:00+00:00
467,João Gabriel,Sampaio,joão gabriel.sampaio330@icloud.com,(11) 900000467,premium,2025-04-10,2026-06-05,12,6269.01,True,False,False,True,2025-07-04 00:00:00+00:00
468,Cecilia,Mendes,cecilia.mendes477@icloud.com,(11) 900000468,dormant,2024-10-21,2024-10-21,1,278.01,True,True,True,True,2024-11-12 00:00:00+00:00
469,Antônio,Abreu,antônio.469@exemplo.com.br,(11) 900000469,regular,2025-11-08,2026-05-10,3,1004.49,True,False,True,True,2025-02-04 00:00:00+00:00
470,Antony,Vargas,antony.vargas39@outlook.com.br,(18) 99308-5368,regular,2025-08-25,2026-05-04,4,1674.5,True,False,False,True,2025-02-02 00:00:00+00:00
471,Luiza,Gonçalves,luiza.gonçalves794@uol.com.br,(11) 900000471,dormant,2025-11-06,2025-11-06,1,406.37,True,False,True,True,2025-01-07 00:00:00+00:00
472,Yago,da Paz,yago.dapaz687@icloud.com,(12) 96312-2417,novo,,,0,0.0,True,False,False,True,2026-03-25 00:00:00+00:00
473,Marcela,da Mata,marcela.damata684@live.com,(11) 900000473,regular,2025-11-14,2026-04-25,4,1649.89,True,False,False,True,2025-04-01 00:00:00+00:00
474,Alexia,da Mata,alexia.damata862@yahoo.com.br,(74) 90312-0735,dormant,2025-02-26,2025-02-26,1,391.0,True,False,False,True,2025-02-16 00:00:00+00:00
475,Laura,das Neves,laura.dasneves13@live.com,(48) 97051-2046,dormant,2025-04-27,2025-04-27,1,149.14,True,False,True,True,2024-10-24 00:00:00+00:00
476,Diego,Nogueira,diego.nogueira997@live.com,(11) 900000476,dormant,2025-06-12,2025-06-12,1,432.93,False,True,True,True,2025-06-20 00:00:00+00:00
477,Thales,Sousa,thales.sousa820@gmail.com,(11) 900000477,regular,2025-11-10,2026-06-23,2,974.32,True,False,False,True,2025-08-25 00:00:00+00:00
478,Liam,Pires,liam.pires620@gmail.com,(99) 91474-3503,regular,2025-08-08,2026-05-21,2,1993.27,True,False,True,True,2025-05-06 00:00:00+00:00
479,Henry Gabriel,da Costa,henry gabriel.dacosta300@outlook.com.br,(33) 90249-1630,dormant,2025-01-14,2025-01-14,1,417.49,True,True,False,True,2024-02-01 00:00:00+00:00
480,Bryan,Pacheco,bryan.pacheco845@live.com,(11) 900000480,premium,2025-10-19,2026-06-20,17,10796.02,True,False,True,True,2024-05-10 00:00:00+00:00
481,Dante,Araújo,dante.araújo377@terra.com.br,(11) 900000481,novo,,,0,0.0,True,False,False,True,2026-05-23 00:00:00+00:00
482,Luna,Siqueira,luna.siqueira804@uol.com.br,(11) 900000482,novo,,,0,0.0,True,False,True,True,2026-04-08 00:00:00+00:00
483,Ana Beatriz,Nogueira,ana beatriz.nogueira226@live.com,(11) 900000483,novo,,,0,0.0,True,False,False,True,2026-01-04 00:00:00+00:00
484,Lorenzo,Azevedo,lorenzo.azevedo866@icloud.com,(11) 900000484,novo,,,0,0.0,True,False,True,True,2026-06-16 00:00:00+00:00
485,Gabrielly,Siqueira,gabrielly.siqueira90@yahoo.com.br,(11) 900000485,dormant,2025-08-05,2025-08-05,1,349.13,True,False,False,False,2025-02-24 00:00:00+00:00
486,Mateus,Moura,mateus.moura991@live.com,(11) 900000486,dormant,2025-11-12,2025-11-12,1,387.65,True,False,True,True,2024-06-21 00:00:00+00:00
487,Davi Luiz,Aparecida,davi luiz.aparecida926@yahoo.com.br,(11) 900000487,novo,,,0,0.0,True,True,False,True,2026-04-23 00:00:00+00:00
488,Hellena,Ribeiro,hellena.ribeiro863@live.com,(11) 900000488,regular,2026-01-08,2026-04-12,3,1739.7,True,False,False,True,2025-05-06 00:00:00+00:00
489,Emanuel,Martins,emanuel.martins402@gmail.com,(45) 98650-9480,novo,,,0,0.0,True,True,False,True,2026-06-13 00:00:00+00:00
490,Diego,da Rosa,diego.darosa546@hotmail.com,(11) 900000490,regular,2026-02-19,2026-05-20,4,1982.19,True,False,True,True,2025-02-15 00:00:00+00:00
491,Sara,Ribeiro,sara.ribeiro604@uol.com.br,(11) 900000491,premium,2025-11-14,2026-06-21,18,4395.92,True,False,False,True,2025-02-11 00:00:00+00:00
492,Gustavo Henrique,,gustavo henrique.cavalcante484@yahoo.com.br,(62) 98528-9755,regular,2025-12-26,2026-04-29,2,1642.83,True,True,False,True,2025-02-25 00:00:00+00:00
493,Ísis,Duarte,ísis.duarte219@terra.com.br,(65) 96593-9836,novo,,,0,0.0,True,True,False,True,2026-05-07 00:00:00+00:00
494,Ísis,Souza,ísis.souza789@bol.com.br,(45) 97760-0490,novo,,,0,0.0,True,False,True,True,2026-02-26 00:00:00+00:00
495,Rafaela,Carvalho,rafaela.carvalho323@bol.com.br,(11) 900000495,dormant,2025-11-08,2025-11-08,1,210.99,True,True,False,True,2024-04-26 00:00:00+00:00
496,Leonardo,Brito,leonardo.brito497@gmail.com,(82) 95224-5933,regular,2025-07-01,2026-04-08,2,1437.82,True,True,False,False,2025-06-08 00:00:00+00:00
497,Théo,da Rosa,théo.darosa612@hotmail.com,(62) 99315-7279,regular,2025-07-30,2026-04-20,2,1993.13,True,False,False,True,2025-07-15 00:00:00+00:00
498,Gabriel,Peixoto,gabriel.peixoto285@bol.com.br,(11) 900000498,premium,2025-08-09,2026-06-20,23,3348.83,True,False,True,True,2025-05-10 00:00:00+00:00
499,Isaque,Vargas,isaque.vargas288@uol.com.br,(11) 900000499,premium,2024-11-09,2026-06-08,19,2421.06,True,True,False,True,2024-12-07 00:00:00+00:00
500,Kaique,Duarte,kaique.duarte96@icloud.com,(11) 900000500,regular,2026-03-06,2026-06-12,3,1168.28,True,False,False,True,2025-04-20 00:00:00+00:00
501,Pedro Miguel,Lopes,pedro miguel.lopes508@bol.com.br,(55) 92251-7908,dormant,2024-08-26,2024-08-26,1,227.52,True,True,False,True,2024-12-18 00:00:00+00:00
502,Isabelly,da Luz,isabelly.daluz409@hotmail.com,(62) 98622-7837,novo,,,0,0.0,True,False,False,True,2026-05-30 00:00:00+00:00
503,Isabela,Rezende,isabela.rezende135@uol.com.br,(11) 900000503,dormant,2025-08-22,2025-08-22,1,270.96,False,True,False,True,2025-01-09 00:00:00+00:00
504,Júlia,Lima,júlia.lima17@terra.com.br,(42) 93559-0425,regular,2025-07-24,2026-05-27,3,504.06,True,True,False,True,2025-03-20 00:00:00+00:00
505,Luísa,Pinto,luísa.pinto357@yahoo.com.br,(74) 90335-2110,dormant,2025-06-02,2025-06-02,1,147.91,True,False,False,True,2025-04-23 00:00:00+00:00
506,Ryan,Pinto,ryan.pinto138@yahoo.com.br,(17) 90514-7705,regular,2025-09-03,2026-04-22,2,906.71,True,False,True,True,2025-02-27 00:00:00+00:00
507,Otto,Sousa,otto.507@exemplo.com.br,,regular,2026-02-05,2026-04-02,3,1037.99,True,True,False,True,2024-12-12 00:00:00+00:00
508,Otávio,Costela,otávio.costela849@icloud.com,(99) 94879-2069,regular,2026-01-26,2026-05-09,2,1666.58,True,False,False,True,2025-04-16 00:00:00+00:00
509,Sara,Aparecida,sara.aparecida581@bol.com.br,(11) 900000509,dormant,2024-08-27,2024-08-27,1,494.32,True,False,False,True,2024-10-11 00:00:00+00:00
510,Davi Luiz,,davi luiz.gomes888@bol.com.br,(45) 91046-3681,dormant,2025-09-07,2025-09-07,1,310.69,True,True,False,False,2025-01-03 00:00:00+00:00
511,Ana Vitória,Mendonça,ana vitória.mendonça70@icloud.com,(11) 900000511,regular,2025-09-15,2026-05-22,2,579.08,True,False,False,True,2025-05-12 00:00:00+00:00
512,Sofia,das Neves,sofia.dasneves852@terra.com.br,(91) 96205-5543,regular,2025-10-19,2026-05-12,2,1751.49,True,True,False,True,2025-08-13 00:00:00+00:00
513,Melissa,da Mota,melissa.damota755@gmail.com,(11) 900000513,premium,2025-03-08,2026-06-12,14,5446.47,True,False,False,True,2025-04-10 00:00:00+00:00
514,João Guilherme,Borges,joão guilherme.borges827@outlook.com.br,(99) 99363-9264,regular,2025-11-05,2026-06-06,2,693.63,True,False,False,True,2025-03-29 00:00:00+00:00
515,Bella,Machado,bella.machado550@icloud.com,(11) 900000515,premium,2025-05-23,2026-06-04,6,14603.38,True,True,True,True,2024-07-20 00:00:00+00:00
516,João Gabriel,Lopes,joão gabriel.lopes64@yahoo.com.br,(11) 900000516,regular,2025-09-11,2026-06-03,4,536.97,True,False,False,True,2025-09-13 00:00:00+00:00
517,Bento,Teixeira,bento.teixeira447@terra.com.br,(65) 96474-2312,dormant,2025-03-27,2025-03-27,1,342.58,True,False,False,True,2025-05-24 00:00:00+00:00
518,Léo,Alves,léo.alves581@bol.com.br,(11) 900000518,dormant,2025-05-17,2025-05-17,1,258.63,True,False,False,True,2024-12-29 00:00:00+00:00
519,Milena,Pereira,milena.pereira387@live.com,(48) 92677-2233,regular,2025-08-15,2026-06-04,3,1725.34,True,False,False,False,2025-07-24 00:00:00+00:00
520,Benício,Jesus,benício.520@exemplo.com.br,(13) 96333-1279,premium,2024-10-21,2026-06-03,15,3000.6,True,False,True,True,2025-04-07 00:00:00+00:00
521,Mariana,Sales,mariana.sales832@terra.com.br,(82) 93660-9656,regular,2025-07-28,2026-06-10,4,1446.57,True,False,False,True,2025-01-13 00:00:00+00:00
522,Stella,Moura,stella.moura797@gmail.com,(99) 91770-3886,premium,2024-07-02,2026-06-08,8,4447.02,True,False,False,True,2024-05-25 00:00:00+00:00
523,Bruno,Novais,bruno.novais505@outlook.com.br,(98) 90347-6447,regular,2026-01-02,2026-06-01,4,1992.16,True,False,True,True,2024-12-03 00:00:00+00:00
524,Lucas Gabriel,Lima,lucas gabriel.lima283@bol.com.br,(11) 900000524,regular,2025-11-24,2026-04-04,3,1514.29,True,True,False,True,2025-05-04 00:00:00+00:00
525,Zoe,Carvalho,zoe.carvalho599@outlook.com.br,(65) 95702-7937,dormant,2024-11-24,2024-11-24,1,352.77,True,False,False,True,2025-03-25 00:00:00+00:00
526,Fernando,da Cunha,fernando.dacunha105@terra.com.br,(11) 900000526,premium,2025-05-31,2026-06-08,18,12069.44,False,False,False,True,2024-03-01 00:00:00+00:00
527,Nina,Pimenta,nina.pimenta16@yahoo.com.br,(49) 98602-5922,novo,,,0,0.0,True,False,True,True,2026-05-24 00:00:00+00:00
528,João Vitor,Cavalcanti,joão vitor.cavalcanti397@gmail.com,(67) 94474-2123,novo,,,0,0.0,True,False,True,True,2026-04-13 00:00:00+00:00
529,André,Pinto,andré.pinto161@bol.com.br,(11) 900000529,regular,2025-11-21,2026-06-10,4,808.43,True,False,False,True,2025-06-09 00:00:00+00:00
530,Pedro Henrique,Pastor,pedro henrique.pastor439@live.com,(81) 96719-9038,regular,2025-11-25,2026-05-10,3,1269.89,True,True,True,True,2025-09-12 00:00:00+00:00
531,Agatha,Pinto,agatha.pinto466@icloud.com,(11) 900000531,premium,2025-10-28,2026-06-09,13,6756.69,True,False,False,True,2024-06-17 00:00:00+00:00
532,Ana Cecília,Farias,ana cecília.farias243@hotmail.com,(11) 900000532,regular,2026-03-31,2026-05-13,3,1012.62,True,False,False,True,2025-02-08 00:00:00+00:00
533,Luiz Gustavo,Marques,luiz gustavo.marques297@terra.com.br,(11) 900000533,novo,,,0,0.0,True,False,False,True,2026-03-23 00:00:00+00:00
534,Davi Lucca,da Rocha,davi lucca.darocha106@live.com,(11) 900000534,regular,2025-11-16,2026-05-12,4,762.17,True,False,False,True,2025-06-26 00:00:00+00:00
535,Danilo,Caldeira,danilo.caldeira682@icloud.com,,regular,2025-08-03,2026-05-04,2,949.33,True,True,True,True,2025-04-15 00:00:00+00:00
536,Erick,Mendes,erick.mendes874@bol.com.br,(69) 99548-9952,regular,2025-12-11,2026-04-02,4,766.03,True,False,False,True,2025-03-22 00:00:00+00:00
537,Maysa,Moreira,maysa.moreira581@live.com,(92) 92934-3010,dormant,2025-12-01,2025-12-01,1,483.96,True,False,False,True,2024-09-20 00:00:00+00:00
538,Maria Flor,Pires,maria flor.pires922@hotmail.com,(11) 900000538,regular,2026-03-08,2026-05-10,4,1444.53,True,False,False,False,2025-05-16 00:00:00+00:00
539,Antônio,Porto,antônio.porto31@uol.com.br,(16) 94144-8850,premium,2025-11-05,2026-06-20,6,5168.21,True,False,False,True,2024-08-10 00:00:00+00:00
540,Ian,Rodrigues,ian.rodrigues567@terra.com.br.br,(38) 96990-2355,premium,2025-08-29,2026-06-06,7,8168.94,True,False,True,True,2024-12-20 00:00:00+00:00
541,Maria Luiza,Melo,maria luiza.melo986@gmail.com,(11) 900000541,dormant,2025-03-30,2025-03-30,1,332.05,True,False,False,True,2024-03-02 00:00:00+00:00
542,Raquel,da Rosa,raquel.darosa281@terra.com.br,(11) 900000542,novo,,,0,0.0,True,False,False,False,2026-03-16 00:00:00+00:00
543,Camila,Garcia,camila.garcia896@icloud.com,(11) 900000543,dormant,2025-07-17,2025-07-17,1,387.74,True,False,True,True,2024-11-19 00:00:00+00:00
544,Benício,da Mata,benício.damata732@outlook.com.br,,regular,2026-03-11,2026-04-12,2,1123.44,False,False,False,True,2025-01-08 00:00:00+00:00
545,Erick,Monteiro,erick.monteiro717@uol.com.br,(48) 97438-4215,premium,2024-11-06,2026-06-28,20,8316.51,True,True,False,True,2024-07-02 00:00:00+00:00
546,Breno,Vasconcelos,breno.vasconcelos785@uol.com.br,(11) 900000546,dormant,2025-10-24,2025-10-24,1,160.62,True,False,True,True,2025-02-06 00:00:00+00:00
547,Maria Sophia,Siqueira,maria sophia.siqueira104@icloud.com,(27) 95218-2307,novo,,,0,0.0,True,False,False,True,2026-05-21 00:00:00+00:00
548,Hellena,Silva,hellena.silva226@icloud.com,(11) 900000548,regular,2025-11-22,2026-05-02,3,687.85,True,False,False,True,2025-01-30 00:00:00+00:00
549,Gustavo,Moreira,gustavo.moreira651@bol.com.br,(11) 900000549,regular,2025-12-31,2026-04-28,2,1959.27,True,False,False,True,2025-09-05 00:00:00+00:00
550,Sophia,Dias,sophia.dias356@live.com,(11) 900000550,novo,,,0,0.0,True,False,False,True,2026-02-27 00:00:00+00:00
551,Olívia,,olívia.caldeira842@uol.com.br,(42) 98542-4932,regular,2025-08-30,2026-04-25,4,1007.76,True,False,True,True,2025-04-21 00:00:00+00:00
552,Diego,,diego.dasneves437@terra.com.br,(75) 90207-0160,dormant,2024-12-05,2024-12-05,1,189.01,True,False,True,True,2025-02-07 00:00:00+00:00
553,Erick,Lima,erick.lima429@outlook.com.br,(11) 900000553,dormant,2024-08-14,2024-08-14,1,360.13,True,False,False,True,2025-04-21 00:00:00+00:00
554,Sophie,Barros,sophie.barros69@live.com,,premium,2024-11-05,2026-06-16,21,6901.1,True,False,False,False,2025-03-13 00:00:00+00:00
555,João,Borges,joão.borges871@live.com,(11) 900000555,dormant,2025-01-26,2025-01-26,1,203.75,True,False,True,True,2025-06-16 00:00:00+00:00
556,Valentim,Fonseca,valentim.fonseca323@outlook.com.br,(11) 900000556,dormant,2025-12-20,2025-12-20,1,127.57,True,True,False,True,2024-06-30 00:00:00+00:00
557,Clara,Mendes,clara.mendes892@live.com,(11) 900000557,premium,2025-07-25,2026-06-22,9,7914.44,True,False,False,True,2024-12-02 00:00:00+00:00
558,Heitor,Duarte,heitor.558@exemplo.com.br,(11) 900000558,novo,,,0,0.0,True,False,True,True,2026-04-22 00:00:00+00:00
559,Ryan,Novaes,ryan.novaes527@yahoo.com.br,(88) 96153-9669,dormant,2025-06-02,2025-06-02,1,337.64,True,True,False,True,2024-12-10 00:00:00+00:00
560,Caroline,Nogueira,caroline.nogueira528@uol.com.br,(11) 900000560,dormant,2024-07-10,2024-07-10,1,102.64,True,True,True,True,2025-04-18 00:00:00+00:00
561,Gael,Macedo,gael.macedo788@yahoo.com.br,(24) 96191-9657,novo,,,0,0.0,True,True,False,True,2026-04-13 00:00:00+00:00
562,Davi,Borges,davi.borges928@uol.com.br,(11) 900000562,dormant,2025-02-10,2025-02-10,1,307.75,True,False,False,True,2024-01-07 00:00:00+00:00
563,Maitê,Costa,maitê.costa765@uol.com.br,(31) 94946-5190,regular,2025-07-04,2026-06-14,2,552.74,True,False,False,True,2025-09-22 00:00:00+00:00
564,Nina,Guerra,nina.guerra283@yahoo.com.br,(19) 90580-0851,regular,2025-07-17,2026-04-07,3,614.93,True,False,False,True,2025-06-23 00:00:00+00:00
565,Alexia,Alves,alexia.alves910@uol.com.br,(71) 99656-6668,premium,2024-07-08,2026-06-06,11,6582.88,True,False,False,True,2024-08-25 00:00:00+00:00
566,Otávio,Ribeiro,otávio.ribeiro109@yahoo.com.br,(86) 92386-5624,premium,2025-11-26,2026-06-04,24,9082.72,True,True,False,True,2025-02-19 00:00:00+00:00
567,José,Carvalho,josé.carvalho867@gmail.com,(11) 900000567,premium,2024-08-24,2026-06-23,15,12429.56,True,False,False,True,2025-03-28 00:00:00+00:00
568,Maria Alice,Viana,maria alice.viana619@outlook.com.br,,regular,2025-08-01,2026-06-26,3,1430.84,True,False,True,True,2025-03-04 00:00:00+00:00
569,Luiz Miguel,Marques,luiz miguel.marques413@icloud.com,(68) 98765-3269,regular,2026-02-11,2026-06-16,3,752.18,True,True,False,True,2025-06-08 00:00:00+00:00
570,Anthony Gabriel,Oliveira,anthony gabriel.oliveira952@live.com,(11) 900000570,regular,2025-10-13,2026-06-15,4,804.31,True,False,True,False,2025-03-07 00:00:00+00:00
571,Maria Sophia,Santos,maria sophia.santos988@terra.com.br,(11) 900000571,dormant,2024-12-27,2024-12-27,1,233.33,True,False,False,True,2024-05-13 00:00:00+00:00
572,Emanuel,Moreira,emanuel.moreira226@hotmail.com,(11) 900000572,premium,2025-12-21,2026-06-17,18,9300.73,True,False,False,True,2024-06-02 00:00:00+00:00
573,Sophie,Vasconcelos,sophie.vasconcelos326@gmail.com,(85) 97879-5654,premium,2025-05-18,2026-06-06,10,5338.79,True,True,False,True,2024-09-29 00:00:00+00:00
574,Amanda,Cavalcante,amanda.cavalcante844@gmail.com,(22) 99407-9290,premium,2024-09-19,2026-06-20,12,11142.64,True,False,False,True,2025-03-12 00:00:00+00:00
575,Ana,Sousa,ana.sousa237@gmail.com,(17) 97128-1442,premium,2025-04-16,2026-06-29,8,6559.23,True,False,False,False,2024-09-04 00:00:00+00:00
576,Alana,da Mota,alana.damota936@bol.com.br,(11) 900000576,dormant,2024-09-13,2024-09-13,1,215.02,True,False,True,True,2024-02-11 00:00:00+00:00
577,Vicente,Viana,vicente.viana668@uol.com.br,,regular,2025-07-26,2026-06-10,4,1075.66,True,False,True,True,2025-07-13 00:00:00+00:00
578,Maria Vitória,Cirino,maria vitória.cirino874@icloud.com,(11) 900000578,novo,,,0,0.0,True,False,False,True,2026-01-09 00:00:00+00:00
579,Renan,Ribeiro,renan.ribeiro403@live.com,(11) 900000579,dormant,2024-07-12,2024-07-12,1,179.22,True,False,False,True,2025-04-23 00:00:00+00:00
580,Maria Fernanda,Guerra,maria fernanda.guerra394@live.com,(22) 97836-6742,dormant,2025-09-19,2025-09-19,1,283.86,True,False,True,True,2024-03-27 00:00:00+00:00
581,Sofia,Lopes,sofia.lopes222@gmail.com,(17) 97658-0185,regular,2025-08-20,2026-04-17,4,598.44,True,True,False,True,2025-02-20 00:00:00+00:00
582,Luana,Pimenta,luana.pimenta749@bol.com.br,(35) 94414-9673,dormant,2025-05-12,2025-05-12,1,392.98,True,False,True,True,2024-02-22 00:00:00+00:00
583,Mathias,Moreira,mathias.moreira376@terra.com.br,(11) 900000583,novo,,,0,0.0,True,True,False,True,2026-02-23 00:00:00+00:00
584,Sabrina,Caldeira,sabrina.caldeira651@live.com,(42) 93443-0091,dormant,2025-03-06,2025-03-06,1,59.77,True,False,False,True,2025-05-29 00:00:00+00:00
585,Danilo,Peixoto,danilo.peixoto161@uol.com.br,(11) 900000585,dormant,2025-12-24,2025-12-24,1,351.83,True,False,False,True,2024-04-18 00:00:00+00:00
586,Léo,da Cunha,léo.dacunha653@bol.com.br,(84) 91746-5421,dormant,2025-03-06,2025-03-06,1,211.74,True,True,False,True,2024-06-09 00:00:00+00:00
587,Yuri,,yuri.vasconcelos11@gmail.com,(51) 96504-4271,premium,2025-05-29,2026-06-16,8,8613.18,True,True,True,True,2024-07-11 00:00:00+00:00
588,Mariane,Costa,mariane.costa870@outlook.com.br,(11) 900000588,premium,2025-12-11,2026-06-01,8,12728.23,True,True,False,True,2024-04-22 00:00:00+00:00
589,Luísa,Silva,luísa.silva874@bol.com.br,(11) 900000589,premium,2025-01-13,2026-06-17,12,14415.3,True,False,False,True,2024-08-07 00:00:00+00:00
590,Kaique,Rezende,kaique.rezende284@gmail.com,(11) 900000590,regular,2026-02-28,2026-06-10,4,746.41,True,False,True,True,2025-04-17 00:00:00+00:00
591,Mariane,,mariane.591@exemplo.com.br,(63) 91830-6719,regular,2025-11-12,2026-06-02,2,1951.8,False,False,False,True,2024-12-09 00:00:00+00:00
592,Stella,Fogaça,stella.fogaça549@terra.com.br,(22) 96015-8517,dormant,2024-12-06,2024-12-06,1,242.06,True,False,True,True,2025-05-15 00:00:00+00:00
593,Amanda,Ramos,amanda.ramos407@uol.com.br,(11) 900000593,regular,2025-11-30,2026-06-10,2,1526.31,True,True,False,True,2025-09-18 00:00:00+00:00
594,Mariah,Barros,mariah.barros602@live.com,(11) 900000594,regular,2026-01-19,2026-05-22,4,1094.08,True,True,True,True,2025-04-11 00:00:00+00:00
595,Davi Lucas,Vieira,davi lucas.vieira163@icloud.com,(24) 97870-0505,novo,,,0,0.0,True,False,True,True,2026-03-03 00:00:00+00:00
596,Bryan,Guerra,bryan.guerra394@hotmail.com,(11) 900000596,regular,2025-11-20,2026-06-07,2,1661.98,True,True,True,True,2025-05-20 00:00:00+00:00
597,João Miguel,Mendonça,joão miguel.mendonça334@gmail.com,(85) 99032-0204,regular,2025-12-19,2026-05-28,3,1999.2,True,False,False,True,2024-12-21 00:00:00+00:00
598,Gael,Marques,gael.marques824@yahoo.com.br,(11) 900000598,premium,2025-06-04,2026-06-28,7,4995.14,True,False,True,True,2025-03-15 00:00:00+00:00
599,Letícia,Fernandes,letícia.fernandes108@outlook.com.br,(33) 91982-5309,dormant,2025-07-09,2025-07-09,1,167.63,True,False,False,True,2024-11-20 00:00:00+00:00
600,Luiz Felipe,Farias,luiz felipe.farias996@hotmail.com,(11) 900000600,regular,2026-02-21,2026-06-11,3,1624.42,True,False,True,True,2025-07-14 00:00:00+00:00
601,Ryan,Pacheco,ryan.pacheco683@gmail.com,(11) 900000601,regular,2025-08-08,2026-06-20,2,915.43,True,False,True,True,2025-05-28 00:00:00+00:00
602,Anthony Gabriel,Cavalcanti,anthony gabriel.cavalcanti605@hotmail.com.br,(16) 96723-2487,premium,2025-12-22,2026-06-21,5,14784.03,True,False,False,True,2025-06-24 00:00:00+00:00
603,Juliana,da Costa,juliana.dacosta344@yahoo.com.br,(11) 900000603,regular,2025-10-25,2026-04-29,3,1698.62,True,True,False,True,2025-09-03 00:00:00+00:00
604,Anthony,Novais,anthony.604@exemplo.com.br,(11) 900000604,regular,2025-11-29,2026-06-11,2,1997.84,True,True,False,True,2025-06-24 00:00:00+00:00
605,Maria Fernanda,Vargas,maria fernanda.vargas615@uol.com.br,(14) 90312-7722,regular,2025-09-20,2026-06-11,4,1832.41,True,False,False,True,2025-04-01 00:00:00+00:00
606,Caio,Aragão,caio.aragão193@terra.com.br,(16) 93645-9701,novo,,,0,0.0,True,True,False,True,2026-01-18 00:00:00+00:00
607,Cauã,Nascimento,cauã.nascimento718@yahoo.com.br,(11) 900000607,regular,2025-12-30,2026-05-25,2,579.4,True,False,False,True,2024-11-29 00:00:00+00:00
608,Aylla,Leão,aylla.leão661@uol.com.br,(33) 93153-1363,regular,2025-10-30,2026-05-06,2,1011.72,False,False,True,True,2025-04-20 00:00:00+00:00
609,Fernanda,Câmara,fernanda.câmara340@hotmail.com,(85) 99706-2397,dormant,2024-12-11,2024-12-11,1,466.51,True,True,True,True,2024-03-20 00:00:00+00:00
610,Luiz Henrique,Gomes,luiz henrique.gomes141@terra.com.br,,regular,2025-11-01,2026-04-24,3,874.83,True,False,False,True,2025-02-07 00:00:00+00:00
611,João Gabriel,Marques,joão gabriel.marques939@uol.com.br,(44) 94352-0904,premium,2024-10-11,2026-06-19,21,9158.98,True,True,True,True,2024-12-16 00:00:00+00:00
612,João Gabriel,Camargo,joão gabriel.camargo249@live.com,(82) 96253-4929,regular,2026-03-11,2026-04-03,3,1509.24,True,False,True,True,2025-05-04 00:00:00+00:00
613,Luigi,Oliveira,luigi.oliveira106@icloud.com.br,(11) 900000613,regular,2025-09-10,2026-05-23,3,757.52,True,True,False,True,2025-01-10 00:00:00+00:00
614,Agatha,Albuquerque,agatha.albuquerque425@outlook.com.br,(11) 900000614,regular,2025-07-23,2026-06-20,2,1860.3,True,False,False,True,2025-03-30 00:00:00+00:00
615,Anthony,Leão,anthony.leão621@gmail.com,(11) 900000615,premium,2025-11-06,2026-06-12,14,4464.22,True,False,False,True,2025-04-26 00:00:00+00:00
616,Marcela,Monteiro,marcela.616@exemplo.com.br,(11) 900000616,dormant,2024-12-03,2024-12-03,1,110.74,True,False,False,True,2025-05-02 00:00:00+00:00
617,Fernando,Almeida,fernando.almeida895@live.com,(24) 92799-0772,novo,,,0,0.0,True,False,False,True,2026-05-28 00:00:00+00:00
618,Jade,Cirino,jade.618@exemplo.com.br,(83) 90165-8046,regular,2026-03-07,2026-04-25,2,879.8,True,True,False,True,2025-02-08 00:00:00+00:00
619,Vitor Hugo,Sampaio,vitor hugo.sampaio42@icloud.com,(11) 900000619,regular,2025-11-15,2026-05-02,4,811.69,True,True,False,True,2025-03-14 00:00:00+00:00
620,Hadassa,Fonseca,hadassa.fonseca634@live.com,(11) 900000620,dormant,2024-12-22,2024-12-22,1,187.04,True,False,True,True,2024-09-01 00:00:00+00:00
621,Bruna,da Costa,bruna.dacosta892@icloud.com,(11) 900000621,regular,2025-11-03,2026-06-12,2,848.12,True,False,False,True,2025-03-14 00:00:00+00:00
622,Lavínia,da Mota,lavínia.damota784@gmail.com,(11) 900000622,regular,2025-10-19,2026-04-10,2,1833.28,True,False,False,True,2025-03-26 00:00:00+00:00
623,Sophia,Rocha,sophia.rocha82@icloud.com,,dormant,2024-08-16,2024-08-16,1,237.49,True,True,False,True,2025-05-30 00:00:00+00:00
624,Ana,Machado,ana.624@exemplo.com.br,(11) 900000624,novo,,,0,0.0,True,False,True,True,2026-02-04 00:00:00+00:00
625,Henrique,Cavalcante,henrique.625@exemplo.com.br,(11) 900000625,premium,2025-05-11,2026-06-05,13,9635.52,True,False,False,True,2025-01-25 00:00:00+00:00
626,Vitória,Cardoso,vitória.cardoso169@live.com,(41) 96704-3103,regular,2025-07-31,2026-04-12,3,1962.63,True,False,True,True,2025-09-26 00:00:00+00:00
627,Raquel,Ramos,raquel.ramos104@terra.com.br,(65) 99557-9887,regular,2026-03-23,2026-05-22,2,1180.12,True,False,False,True,2025-01-20 00:00:00+00:00
628,Maria Cecília,da Rosa,maria cecília.darosa380@yahoo.com.br,(24) 92437-5402,novo,,,0,0.0,True,True,False,True,2026-02-02 00:00:00+00:00
629,Clarice,da Paz,clarice.dapaz753@live.com,(11) 900000629,regular,2025-12-16,2026-06-13,4,969.27,True,False,False,True,2025-05-18 00:00:00+00:00
630,Renan,Camargo,renan.camargo520@gmail.com,(31) 99274-5238,dormant,2024-07-09,2024-07-09,1,192.41,False,True,False,True,2024-03-14 00:00:00+00:00
631,Bernardo,Rios,bernardo.rios793@terra.com.br,(41) 92578-2841,regular,2026-02-18,2026-04-17,3,1223.34,True,True,False,True,2024-12-30 00:00:00+00:00
632,Benicio,Guerra,benicio.guerra432@live.com,(11) 900000632,dormant,2024-07-31,2024-07-31,1,224.43,True,False,False,True,2024-08-10 00:00:00+00:00
633,Maria Júlia,da Rocha,maria júlia.darocha789@yahoo.com.br,(75) 95170-2814,regular,2025-10-30,2026-05-31,3,681.73,True,True,False,True,2025-03-17 00:00:00+00:00
634,Benicio,Guerra,benicio.guerra623@uol.com.br,(77) 95150-9398,regular,2025-10-05,2026-04-21,2,1534.74,True,False,False,True,2025-05-04 00:00:00+00:00
635,Pedro Miguel,Viana,pedro miguel.viana681@bol.com.br,(11) 900000635,novo,,,0,0.0,True,False,False,True,2026-02-16 00:00:00+00:00
636,Mariane,Dias,mariane.636@exemplo.com.br,(11) 900000636,regular,2025-12-11,2026-04-25,3,1783.89,True,True,False,True,2025-02-16 00:00:00+00:00
637,Alice,Ferreira,alice.ferreira867@terra.com.br,(24) 97813-7674,regular,2026-02-23,2026-06-18,4,1897.6,True,False,True,True,2025-08-20 00:00:00+00:00
638,Luan,Siqueira,luan.siqueira270@outlook.com.br,(66) 92991-2347,regular,2025-12-19,2026-05-19,3,667.45,True,False,False,True,2025-04-01 00:00:00+00:00
639,Sabrina,Farias,sabrina.farias963@hotmail.com,(49) 91064-6287,premium,2024-08-21,2026-06-21,21,5563.08,True,False,False,True,2025-02-17 00:00:00+00:00
640,João Guilherme,Costa,joão guilherme.costa870@yahoo.com.br,(51) 94870-4947,dormant,2025-06-03,2025-06-03,1,470.48,True,False,False,True,2024-04-26 00:00:00+00:00
641,Maria Fernanda,Câmara,maria fernanda.641@exemplo.com.br,(11) 900000641,dormant,2024-09-13,2024-09-13,1,344.33,True,False,False,True,2024-10-04 00:00:00+00:00
642,Mariane,Sales,mariane.sales717@uol.com.br,(11) 900000642,regular,2026-01-08,2026-06-15,2,1306.53,True,False,False,True,2025-09-01 00:00:00+00:00
643,Luiza,da Luz,luiza.643@exemplo.com.br,(11) 900000643,premium,2025-04-09,2026-06-10,24,2092.25,True,False,False,True,2025-06-20 00:00:00+00:00
644,João Vitor,Dias,joão vitor.dias798@live.com,(11) 900000644,regular,2025-12-31,2026-06-07,4,1806.01,True,True,False,True,2025-03-12 00:00:00+00:00
645,Amanda,da Rocha,amanda.darocha942@icloud.com,(11) 900000645,premium,2025-10-06,2026-06-05,16,7668.61,True,True,False,True,2025-05-01 00:00:00+00:00
646,Ana Vitória,Rodrigues,ana vitória.rodrigues61@bol.com.br,(13) 95189-5202,regular,2025-12-07,2026-04-30,3,546.6,True,False,False,True,2025-01-06 00:00:00+00:00
647,Rafaela,da Paz,rafaela.dapaz10@terra.com.br,(89) 96521-3283,regular,2026-02-04,2026-06-03,4,854.51,True,False,False,True,2025-06-13 00:00:00+00:00
648,Marcos Vinicius,Vieira,marcos vinicius.vieira158@icloud.com.br,(11) 900000648,dormant,2025-09-02,2025-09-02,1,162.72,True,False,False,True,2025-05-26 00:00:00+00:00
649,Ana Lívia,Sales,ana lívia.sales819@terra.com.br,(11) 900000649,regular,2025-09-21,2026-06-12,2,1326.04,True,True,False,True,2025-03-27 00:00:00+00:00
650,Pedro Miguel,Cardoso,pedro miguel.cardoso664@yahoo.com.br,(11) 900000650,dormant,2024-07-29,2024-07-29,1,350.02,True,False,False,True,2024-07-15 00:00:00+00:00
651,Arthur Miguel,Vasconcelos,arthur miguel.651@exemplo.com.br,(71) 90310-8907,regular,2026-03-22,2026-04-27,2,1675.96,True,True,False,True,2025-03-17 00:00:00+00:00
652,Isaac,da Cunha,isaac.dacunha281@gmail.com,(11) 900000652,premium,2024-09-06,2026-06-11,9,8854.32,True,False,True,True,2024-09-30 00:00:00+00:00
653,Léo,Rios,léo.rios345@terra.com.br,(11) 900000653,dormant,2025-07-14,2025-07-14,1,284.1,True,False,False,True,2024-03-29 00:00:00+00:00
654,Rodrigo,Montenegro,rodrigo.montenegro355@hotmail.com,(11) 900000654,regular,2025-12-30,2026-04-26,4,1434.76,True,False,True,True,2025-08-02 00:00:00+00:00
655,Anthony,Silveira,anthony.silveira194@hotmail.com,(11) 900000655,dormant,2025-12-22,2025-12-22,1,58.26,True,False,True,True,2024-12-31 00:00:00+00:00
656,Daniela,Garcia,daniela.garcia351@outlook.com.br,(11) 900000656,dormant,2025-06-06,2025-06-06,1,316.62,True,True,False,True,2024-05-01 00:00:00+00:00
657,Raquel,Carvalho,raquel.carvalho276@live.com,(45) 94801-5716,novo,,,0,0.0,False,False,True,True,2026-05-15 00:00:00+00:00
658,Alice,Marques,alice.marques754@bol.com.br,(75) 93864-6317,dormant,2025-09-23,2025-09-23,1,121.3,True,False,False,True,2025-05-11 00:00:00+00:00
659,Emilly,Cavalcanti,emilly.cavalcanti168@gmail.com,(91) 91678-1126,premium,2025-05-25,2026-06-29,23,7330.31,True,False,False,True,2024-01-25 00:00:00+00:00
660,Isadora,Sales,isadora.sales30@hotmail.com,(11) 900000660,novo,,,0,0.0,False,True,False,True,2026-02-01 00:00:00+00:00
661,Ravi Lucca,Lima,ravi lucca.lima803@live.com,(15) 99946-5796,dormant,2025-07-06,2025-07-06,1,398.6,True,False,True,True,2024-03-13 00:00:00+00:00
662,Maria Vitória,Moraes,maria vitória.moraes83@bol.com.br,(11) 900000662,premium,2025-06-24,2026-06-15,25,13572.87,True,True,False,True,2025-03-21 00:00:00+00:00
663,Bento,Brito,bento.brito637@gmail.com,(11) 900000663,premium,2025-02-27,2026-06-06,13,9943.3,True,False,True,True,2025-01-01 00:00:00+00:00
664,Gael,Teixeira,gael.teixeira538@hotmail.com,(99) 97734-7784,dormant,2025-10-12,2025-10-12,1,343.67,True,False,True,True,2024-03-01 00:00:00+00:00
665,Vitória,Fernandes,vitória.fernandes409@icloud.com,(11) 900000665,regular,2026-01-03,2026-05-12,4,763.68,True,False,False,True,2025-03-20 00:00:00+00:00
666,Maria Clara,Andrade,maria clara.andrade503@gmail.com,(11) 900000666,regular,2026-03-25,2026-05-23,2,1649.24,True,False,True,True,2025-06-12 00:00:00+00:00
667,Mariah,Teixeira,mariah.teixeira261@hotmail.com,(91) 98897-7828,novo,,,0,0.0,True,True,True,True,2026-01-31 00:00:00+00:00
668,Daniel,Gonçalves,daniel.gonçalves681@bol.com.br,(92) 99695-4500,premium,2025-05-03,2026-06-23,15,3396.39,True,False,False,True,2025-05-20 00:00:00+00:00
669,Caleb,Cardoso,caleb.cardoso73@terra.com.br,(42) 99056-1655,novo,,,0,0.0,True,False,False,True,2026-04-23 00:00:00+00:00
670,Juliana,Ferreira,juliana.ferreira543@gmail.com,(11) 900000670,premium,2024-10-17,2026-06-05,7,11046.46,True,True,False,True,2025-07-04 00:00:00+00:00
671,Bárbara,Cavalcante,bárbara.cavalcante91@gmail.com,(33) 90769-8640,regular,2026-03-29,2026-06-01,4,744.35,True,False,True,True,2025-01-28 00:00:00+00:00
672,Maria Isis,Pastor,maria isis.pastor623@gmail.com,(31) 96965-9171,dormant,2025-04-12,2025-04-12,1,466.24,True,True,False,True,2025-02-17 00:00:00+00:00
673,Noah,Fernandes,noah.fernandes859@live.com,(94) 95294-5637,dormant,2024-10-28,2024-10-28,1,268.19,True,False,False,False,2024-08-15 00:00:00+00:00
674,Dom,Nascimento,dom.nascimento917@uol.com.br,(17) 94049-6391,premium,2025-11-25,2026-06-05,5,14903.77,True,True,False,True,2024-05-22 00:00:00+00:00
675,Gabriel,Pastor,gabriel.pastor433@terra.com.br,(13) 91987-6351,novo,,,0,0.0,True,True,False,True,2026-03-06 00:00:00+00:00
676,Ana Julia,Montenegro,ana julia.montenegro643@bol.com.br,(71) 98536-6498,dormant,2024-11-15,2024-11-15,1,269.36,True,False,False,True,2024-04-28 00:00:00+00:00
677,Maria,Rios,maria.rios916@icloud.com,(11) 900000677,novo,,,0,0.0,True,True,False,True,2026-02-12 00:00:00+00:00
678,Sophia,Pimenta,sophia.pimenta247@outlook.com.br,,regular,2026-01-12,2026-04-26,2,1958.94,True,False,False,True,2025-07-08 00:00:00+00:00
679,Dante,Moreira,dante.moreira539@uol.com.br,(46) 97232-4665,dormant,2024-07-08,2024-07-08,1,347.72,True,False,False,True,2024-11-29 00:00:00+00:00
680,Davi Lucas,Porto,davi lucas.porto341@uol.com.br,(65) 94424-9363,premium,2024-09-16,2026-06-19,11,13985.84,True,True,False,True,2025-03-16 00:00:00+00:00
681,Ian,Cassiano,ian.cassiano486@uol.com.br,(11) 900000681,premium,2024-07-02,2026-06-16,15,12105.32,True,False,False,True,2024-01-06 00:00:00+00:00
682,Nathan,Castro,nathan.castro662@bol.com.br,(11) 900000682,novo,,,0,0.0,True,False,False,True,2026-03-04 00:00:00+00:00
683,Daniel,Barros,daniel.barros957@terra.com.br,(21) 91651-6231,regular,2026-03-31,2026-04-19,4,783.62,True,False,False,True,2025-05-31 00:00:00+00:00
684,Melissa,Campos,melissa.campos905@icloud.com,(11) 900000684,regular,2026-01-31,2026-04-04,3,762.18,True,False,False,True,2025-01-19 00:00:00+00:00
685,Heloisa,Souza,heloisa.souza896@uol.com.br,(68) 93212-3476,regular,2025-09-08,2026-05-08,3,1383.93,True,False,False,True,2025-06-19 00:00:00+00:00
686,Thomas,Pastor,thomas.686@exemplo.com.br,(91) 98515-8673,regular,2025-08-10,2026-05-02,3,1256.64,True,False,False,True,2025-04-23 00:00:00+00:00
687,Agatha,Viana,agatha.viana257@yahoo.com.br,(45) 97540-9003,regular,2025-10-13,2026-05-09,2,1531.87,True,False,True,True,2025-07-29 00:00:00+00:00
688,Thiago,Novaes,thiago.novaes949@outlook.com.br,(27) 95183-7606,dormant,2025-07-02,2025-07-02,1,299.44,True,False,False,True,2025-06-13 00:00:00+00:00
689,Thomas,da Rosa,thomas.darosa805@hotmail.com,(11) 900000689,premium,2024-12-10,2026-06-13,5,2457.27,True,True,False,True,2024-05-15 00:00:00+00:00
690,Enrico,Vasconcelos,enrico.vasconcelos213@live.com,(85) 96561-2481,dormant,2025-03-14,2025-03-14,1,256.39,True,True,False,True,2024-10-12 00:00:00+00:00
691,Clarice,Leão,clarice.691@exemplo.com.br,(33) 97002-7206,regular,2025-11-11,2026-05-17,2,1870.72,True,True,True,True,2025-05-13 00:00:00+00:00
692,Murilo,Pires,murilo.pires325@bol.com.br,,dormant,2025-09-12,2025-09-12,1,441.86,False,True,False,True,2024-03-21 00:00:00+00:00
693,Ana Sophia,Oliveira,ana sophia.oliveira599@hotmail.com,(11) 900000693,premium,2025-04-29,2026-06-25,17,10822.58,True,True,False,True,2025-03-08 00:00:00+00:00
694,Maria Liz,Sousa,maria liz.sousa914@yahoo.com.br,(11) 900000694,regular,2025-12-10,2026-04-19,2,608.86,True,False,False,True,2025-05-25 00:00:00+00:00
695,Luiz Otávio,Gonçalves,luiz otávio.gonçalves566@outlook.com.br,(11) 900000695,novo,,,0,0.0,True,True,True,False,2026-06-10 00:00:00+00:00
696,Vinicius,Sampaio,vinicius.sampaio62@yahoo.com.br.br,(11) 900000696,premium,2025-09-09,2026-06-04,14,5109.74,True,True,False,True,2025-03-22 00:00:00+00:00
697,Luigi,Nunes,luigi.nunes653@hotmail.com,(11) 900000697,dormant,2025-12-12,2025-12-12,1,172.51,True,False,False,True,2024-12-15 00:00:00+00:00
698,Vitor,da Paz,vitor.dapaz793@live.com,(51) 92639-3436,dormant,2025-12-13,2025-12-13,1,77.55,True,True,False,True,2024-03-03 00:00:00+00:00
699,Luiz Miguel,Jesus,luiz miguel.jesus87@yahoo.com.br,(11) 900000699,novo,,,0,0.0,True,True,False,True,2026-06-03 00:00:00+00:00
700,Maria Cecília,Barros,maria cecília.barros4@gmail.com,(85) 92563-6694,dormant,2024-09-17,2024-09-17,1,414.77,True,False,True,True,2025-03-18 00:00:00+00:00
701,Diogo,Brito,diogo.brito544@icloud.com,(11) 900000701,novo,,,0,0.0,True,True,False,True,2026-03-27 00:00:00+00:00
702,Anthony,da Cunha,anthony.dacunha580@icloud.com,(51) 94652-8092,regular,2026-02-02,2026-05-09,2,1232.16,True,False,False,True,2025-06-29 00:00:00+00:00
703,Vicente,Cavalcante,vicente.cavalcante8@icloud.com,(92) 95721-5862,regular,2026-04-01,2026-04-15,2,1282.79,True,False,True,True,2025-09-28 00:00:00+00:00
704,Vicente,Camargo,vicente.camargo136@terra.com.br,,novo,,,0,0.0,True,False,False,True,2026-01-25 00:00:00+00:00
705,Caio,Cardoso,caio.cardoso893@live.com,(15) 95644-9485,regular,2026-02-23,2026-05-20,4,1437.19,True,False,True,True,2025-05-22 00:00:00+00:00
706,Luiza,,luiza.cavalcante541@terra.com.br,(91) 92870-3203,regular,2025-07-07,2026-04-19,2,1889.42,True,False,True,True,2025-04-03 00:00:00+00:00
707,Luiz Otávio,Andrade,luiz otávio.andrade489@live.com,(11) 900000707,dormant,2025-07-13,2025-07-13,1,100.7,True,True,True,True,2025-06-19 00:00:00+00:00
708,Maria Vitória,Marques,maria vitória.marques957@live.com.br,,novo,,,0,0.0,True,True,False,True,2026-02-23 00:00:00+00:00
709,Henry Gabriel,Silveira,henry gabriel.silveira721@yahoo.com.br,(11) 900000709,regular,2025-07-18,2026-05-11,2,979.38,True,False,True,True,2025-02-01 00:00:00+00:00
710,Otávio,Pacheco,otávio.pacheco95@gmail.com,(11) 900000710,regular,2025-08-29,2026-04-22,4,1774.91,True,False,False,True,2025-07-27 00:00:00+00:00
711,Joaquim,Gonçalves,joaquim.gonçalves207@terra.com.br,(11) 900000711,dormant,2025-11-16,2025-11-16,1,128.57,True,False,False,True,2024-12-18 00:00:00+00:00
712,Anthony,Farias,anthony.farias983@gmail.com,(79) 95923-0450,novo,,,0,0.0,True,False,False,True,2026-03-08 00:00:00+00:00
713,Diego,Novaes,diego.novaes497@outlook.com.br,(11) 900000713,dormant,2024-11-15,2024-11-15,1,373.55,True,False,True,True,2024-08-10 00:00:00+00:00
714,Luan,Gomes,luan.gomes365@outlook.com.br,(16) 92147-6492,premium,2025-10-17,2026-06-29,8,5440.44,True,False,False,True,2024-02-05 00:00:00+00:00
715,Elisa,Rios,elisa.rios900@hotmail.com,(47) 98377-6749,premium,2024-08-17,2026-06-02,13,2434.54,True,False,False,True,2025-01-22 00:00:00+00:00
716,Lavínia,Borges,lavínia.borges257@outlook.com.br,,premium,2024-07-01,2026-06-14,20,13739.66,True,True,False,True,2025-01-04 00:00:00+00:00
717,Emilly,Pimenta,emilly.pimenta607@yahoo.com.br,(73) 96108-5732,regular,2026-03-05,2026-04-19,2,1274.67,True,False,False,True,2025-01-07 00:00:00+00:00
718,Maya,Moura,maya.moura450@icloud.com,(11) 900000718,novo,,,0,0.0,True,False,False,True,2026-03-07 00:00:00+00:00
719,Ana Clara,da Cruz,ana clara.dacruz170@icloud.com,(69) 94908-1081,novo,,,0,0.0,True,True,False,True,2026-03-30 00:00:00+00:00
720,Nina,Lima,nina.lima188@outlook.com.br,(11) 900000720,premium,2025-03-20,2026-06-08,11,10121.11,True,True,False,True,2024-02-23 00:00:00+00:00
721,Arthur Gabriel,Camargo,arthur gabriel.camargo762@live.com,(11) 900000721,regular,2026-01-21,2026-05-15,3,1011.57,True,True,False,True,2025-04-24 00:00:00+00:00
722,Maria,Sá,maria.sá519@live.com,(11) 95232-1941,dormant,2025-10-08,2025-10-08,1,203.87,False,False,False,True,2024-06-04 00:00:00+00:00
723,Luara,Nascimento,luara.nascimento308@gmail.com,(11) 900000723,regular,2025-07-22,2026-06-14,3,1783.73,True,False,False,True,2025-09-10 00:00:00+00:00
724,Mariah,da Rosa,mariah.darosa18@terra.com.br,(61) 94122-0310,novo,,,0,0.0,True,False,False,True,2026-04-09 00:00:00+00:00
725,Marcos Vinicius,Alves,marcos vinicius.725@exemplo.com.br,(88) 92368-3147,regular,2025-08-10,2026-04-28,2,1479.93,True,False,True,True,2025-09-16 00:00:00+00:00
726,Juan,Melo,juan.melo317@outlook.com.br,(11) 900000726,novo,,,0,0.0,True,False,False,True,2026-03-09 00:00:00+00:00
727,Ryan,Costa,ryan.costa1@bol.com.br,(55) 90501-6679,novo,,,0,0.0,True,False,True,True,2026-03-27 00:00:00+00:00
728,Amanda,Andrade,amanda.andrade898@live.com,(62) 97899-7308,regular,2025-11-09,2026-06-12,2,1421.81,False,False,True,True,2024-12-07 00:00:00+00:00
729,Arthur Miguel,Lima,arthur miguel.lima706@terra.com.br,(11) 900000729,regular,2025-12-16,2026-04-11,4,847.02,False,False,False,True,2025-02-12 00:00:00+00:00
730,Luiza,Almeida,luiza.almeida639@yahoo.com.br,(17) 93757-3839,regular,2025-11-18,2026-05-20,3,1758.81,True,False,False,True,2024-12-12 00:00:00+00:00
731,Camila,Pereira,camila.pereira244@live.com,(11) 900000731,regular,2026-03-16,2026-04-03,3,1185.85,True,False,True,True,2025-07-04 00:00:00+00:00
732,Alexia,Sales,alexia.sales830@hotmail.com,(88) 92232-9716,novo,,,0,0.0,True,False,False,True,2026-06-04 00:00:00+00:00
733,Marina,da Rosa,marina.darosa911@uol.com.br,(11) 900000733,dormant,2025-03-01,2025-03-01,1,233.58,True,True,False,True,2024-08-01 00:00:00+00:00
734,Milena,Andrade,milena.andrade727@hotmail.com,(37) 96193-1837,premium,2025-11-25,2026-06-19,20,13448.46,True,False,False,True,2024-12-23 00:00:00+00:00
735,Valentim,Fernandes,valentim.fernandes349@terra.com.br,(11) 900000735,regular,2026-02-10,2026-04-10,2,1154.37,True,False,False,True,2025-08-29 00:00:00+00:00
736,Maria Cecília,Sá,maria cecília.sá471@hotmail.com.br,(11) 900000736,premium,2024-10-20,2026-06-11,19,5412.61,True,True,True,True,2025-03-01 00:00:00+00:00
737,Isaac,Costela,isaac.costela937@terra.com.br,(11) 900000737,dormant,2025-07-28,2025-07-28,1,221.63,True,True,False,True,2025-01-15 00:00:00+00:00
738,João Guilherme,Campos,joão guilherme.campos550@uol.com.br,(74) 96037-5482,premium,2024-09-11,2026-06-19,20,10701.53,True,False,False,True,2024-12-28 00:00:00+00:00
739,Enzo Gabriel,,enzo gabriel.damata989@terra.com.br,(66) 95328-6326,dormant,2025-06-05,2025-06-05,1,321.86,True,False,False,True,2024-09-16 00:00:00+00:00
740,Júlia,Jesus,júlia.jesus889@live.com,(98) 95072-0811,regular,2025-11-26,2026-04-22,2,1597.56,True,False,False,True,2025-02-25 00:00:00+00:00
741,Camila,Dias,camila.dias61@outlook.com.br,(11) 900000741,regular,2025-11-04,2026-04-15,2,705.47,True,False,False,True,2025-01-10 00:00:00+00:00
742,Ana Carolina,Leão,ana carolina.leão212@outlook.com.br,(22) 95504-8926,regular,2025-08-24,2026-06-13,3,1530.92,True,False,False,True,2025-05-03 00:00:00+00:00
743,Maitê,Ramos,maitê.ramos642@uol.com.br,(75) 95634-1085,premium,2025-05-11,2026-06-08,8,12959.48,True,False,False,True,2025-02-28 00:00:00+00:00
744,Heloisa,Silveira,heloisa.silveira643@yahoo.com.br,(99) 98431-8848,novo,,,0,0.0,True,True,False,False,2026-01-29 00:00:00+00:00
745,Carolina,Sá,carolina.sá907@yahoo.com.br,(11) 900000745,dormant,2024-08-30,2024-08-30,1,338.99,True,True,True,True,2024-11-27 00:00:00+00:00
746,Henry,Siqueira,henry.siqueira263@gmail.com,(48) 94851-0174,dormant,2025-09-10,2025-09-10,1,170.72,True,False,False,True,2025-06-10 00:00:00+00:00
747,Anthony,Marques,anthony.marques891@terra.com.br,(11) 900000747,premium,2025-12-01,2026-06-18,23,4283.74,True,False,False,True,2024-08-21 00:00:00+00:00
748,João Lucas,Silva,joão lucas.silva791@outlook.com.br,(99) 93158-9357,regular,2026-03-12,2026-05-05,3,1095.09,False,False,True,True,2025-06-21 00:00:00+00:00
749,Gael Henrique,Casa Grande,gael henrique.casagrande929@outlook.com.br,(65) 91106-2737,regular,2026-02-20,2026-04-05,2,996.81,True,False,False,True,2025-04-01 00:00:00+00:00
750,Eduardo,Freitas,eduardo.freitas265@icloud.com,(63) 99886-4976,regular,2026-02-13,2026-05-10,2,1524.6,True,True,False,True,2025-06-29 00:00:00+00:00
751,Lunna,Sales,lunna.sales221@live.com,(66) 92282-7728,regular,2025-07-17,2026-05-09,4,980.28,True,False,False,True,2025-07-22 00:00:00+00:00
752,Sarah,Campos,sarah.campos584@uol.com.br,(81) 97028-5196,novo,,,0,0.0,True,False,False,True,2026-06-05 00:00:00+00:00
753,Henry,Campos,henry.campos528@terra.com.br,(18) 90821-5454,dormant,2025-03-30,2025-03-30,1,58.13,True,False,True,True,2025-06-17 00:00:00+00:00
754,Ana Beatriz,Mendonça,ana beatriz.mendonça597@gmail.com,(11) 900000754,dormant,2024-11-14,2024-11-14,1,344.72,True,True,False,True,2024-05-03 00:00:00+00:00
755,Mariana,Abreu,mariana.abreu446@hotmail.com,(42) 91067-9497,dormant,2025-08-22,2025-08-22,1,356.66,True,True,False,True,2024-04-19 00:00:00+00:00
756,Bárbara,Viana,bárbara.viana307@outlook.com.br,,premium,2024-10-05,2026-06-03,21,11212.85,True,False,False,True,2024-04-22 00:00:00+00:00
757,Maria Laura,Silveira,maria laura.silveira800@yahoo.com.br,(11) 900000757,regular,2026-01-22,2026-05-18,4,1568.01,True,False,False,True,2025-01-05 00:00:00+00:00
758,Julia,Gomes,julia.gomes54@uol.com.br,,novo,,,0,0.0,True,True,False,True,2026-05-27 00:00:00+00:00
759,Isabela,Fernandes,isabela.fernandes631@icloud.com,(11) 900000759,regular,2026-02-10,2026-04-06,3,1973.59,True,False,False,True,2024-12-27 00:00:00+00:00
760,Josué,Ramos,josué.ramos632@icloud.com,(11) 900000760,regular,2026-03-23,2026-05-30,2,1002.23,True,False,False,True,2025-01-04 00:00:00+00:00
761,Maria Laura,Montenegro,maria laura.montenegro416@gmail.com,(11) 900000761,dormant,2024-07-04,2024-07-04,1,79.65,True,False,True,True,2025-06-18 00:00:00+00:00
762,Enzo Gabriel,Nascimento,enzo gabriel.nascimento871@terra.com.br,(62) 99070-5626,novo,,,0,0.0,True,False,False,True,2026-01-07 00:00:00+00:00
763,Benicio,Moura,benicio.moura378@terra.com.br,(51) 94111-8242,regular,2026-02-03,2026-05-07,2,1600.1,True,True,False,True,2025-08-31 00:00:00+00:00
764,Luiz Otávio,da Cunha,luiz otávio.dacunha86@hotmail.com,(11) 900000764,regular,2026-01-21,2026-05-29,4,969.91,True,True,False,True,2024-11-29 00:00:00+00:00
765,Danilo,da Rosa,danilo.darosa792@outlook.com.br.br,(11) 900000765,dormant,2024-11-29,2024-11-29,1,253.97,True,False,False,True,2024-09-16 00:00:00+00:00
766,Nathan,da Costa,nathan.dacosta890@uol.com.br,(92) 98861-4057,dormant,2025-08-01,2025-08-01,1,235.78,True,False,False,True,2024-05-08 00:00:00+00:00
767,Joana,Azevedo,joana.azevedo652@live.com,,regular,2025-10-17,2026-04-15,4,520.92,True,False,True,True,2024-12-04 00:00:00+00:00
768,Benjamin,Jesus,benjamin.jesus868@uol.com.br,(11) 900000768,premium,2025-01-14,2026-06-28,23,2437.45,False,True,True,True,2024-10-14 00:00:00+00:00
769,Joana,Machado,joana.machado810@hotmail.com,,premium,2025-10-02,2026-06-06,25,14602.71,True,True,True,True,2025-04-28 00:00:00+00:00
770,Melissa,Costela,melissa.costela813@yahoo.com.br,(48) 98238-6870,dormant,2025-01-25,2025-01-25,1,166.57,False,False,False,True,2025-07-01 00:00:00+00:00
771,Alexandre,Martins,alexandre.martins682@bol.com.br,(11) 900000771,regular,2025-11-07,2026-04-24,3,543.76,True,False,False,True,2025-06-04 00:00:00+00:00
772,Otávio,Pacheco,otávio.pacheco473@icloud.com,(16) 90289-1416,premium,2025-09-30,2026-06-09,12,9066.02,True,True,False,True,2024-08-01 00:00:00+00:00
773,Joaquim,Carvalho,joaquim.carvalho581@icloud.com,(15) 96398-5547,premium,2024-08-09,2026-06-26,17,9361.85,True,False,False,True,2024-04-03 00:00:00+00:00
774,Yago,,yago.dacruz730@terra.com.br,(38) 93795-0209,premium,2025-09-16,2026-06-22,20,12545.11,True,True,False,True,2024-05-14 00:00:00+00:00
775,Maria Laura,Abreu,maria laura.abreu838@gmail.com,(11) 900000775,regular,2026-02-02,2026-04-02,2,1296.29,True,False,False,True,2025-01-28 00:00:00+00:00
776,Bento,Rios,bento.rios166@live.com,(11) 900000776,regular,2025-08-31,2026-05-10,2,1427.52,True,False,False,True,2025-07-31 00:00:00+00:00
777,Maria Eduarda,Freitas,maria eduarda.freitas651@uol.com.br,(75) 90304-5319,regular,2025-08-02,2026-06-12,4,740.9,True,False,True,True,2025-07-19 00:00:00+00:00
778,Ana Júlia,Silva,ana júlia.silva192@uol.com.br,(11) 900000778,regular,2026-03-14,2026-04-08,4,1934.37,True,False,False,True,2025-02-18 00:00:00+00:00
779,Matteo,Porto,matteo.porto325@outlook.com.br,(11) 900000779,regular,2026-03-19,2026-06-01,3,1774.98,False,False,False,True,2025-05-23 00:00:00+00:00
780,Luiz Fernando,Azevedo,luiz fernando.azevedo815@yahoo.com.br,(11) 900000780,regular,2025-07-24,2026-06-22,4,700.27,True,True,False,True,2025-01-21 00:00:00+00:00
781,Sophia,Pimenta,sophia.pimenta454@bol.com.br,(81) 90605-6641,dormant,2025-11-12,2025-11-12,1,189.17,False,True,False,True,2025-07-01 00:00:00+00:00
782,Rafaela,Martins,rafaela.martins32@live.com,(45) 98030-4687,premium,2025-05-19,2026-06-03,18,4493.87,True,False,True,True,2024-12-11 00:00:00+00:00
783,Ana Vitória,Abreu,ana vitória.abreu942@outlook.com.br,(11) 900000783,regular,2026-01-10,2026-06-23,3,862.94,True,False,False,True,2025-03-11 00:00:00+00:00
784,Matteo,Cavalcante,matteo.cavalcante419@terra.com.br,(27) 91107-6095,premium,2025-06-01,2026-06-17,20,6289.67,True,False,True,True,2024-02-25 00:00:00+00:00
785,Theodoro,da Cruz,theodoro.dacruz115@hotmail.com,,regular,2025-07-04,2026-06-18,2,533.82,True,True,True,True,2024-12-07 00:00:00+00:00
786,Maria Júlia,da Costa,maria júlia.dacosta541@terra.com.br,,dormant,2024-07-30,2024-07-30,1,161.57,True,True,True,True,2025-06-12 00:00:00+00:00
787,Cauê,Farias,cauê.farias588@icloud.com,(11) 900000787,regular,2025-07-31,2026-06-03,2,702.56,True,True,False,True,2025-01-20 00:00:00+00:00
788,Enzo Gabriel,Araújo,enzo gabriel.araújo847@gmail.com,(49) 95120-7049,regular,2025-11-30,2026-05-02,3,1497.68,False,False,True,True,2025-01-15 00:00:00+00:00
789,Luana,Azevedo,luana.azevedo952@hotmail.com,(11) 900000789,regular,2026-02-13,2026-05-04,4,978.98,True,False,True,True,2024-12-31 00:00:00+00:00
790,Ravi Lucca,Peixoto,ravi lucca.peixoto646@gmail.com,(81) 96769-9150,regular,2026-03-29,2026-06-09,3,533.76,True,True,False,True,2025-05-08 00:00:00+00:00
791,Maria,Moreira,maria.moreira431@terra.com.br,(11) 900000791,dormant,2024-07-05,2024-07-05,1,178.41,True,True,False,True,2025-04-21 00:00:00+00:00
792,José,Porto,josé.porto976@icloud.com,(11) 900000792,dormant,2024-12-02,2024-12-02,1,218.14,True,True,False,True,2024-11-27 00:00:00+00:00
793,Caio,Araújo,caio.araújo464@yahoo.com.br,,regular,2025-12-30,2026-05-08,4,932.3,True,False,True,True,2025-08-13 00:00:00+00:00
794,Ana Lívia,Pacheco,ana lívia.pacheco197@outlook.com.br,(97) 95498-2274,regular,2026-02-20,2026-06-26,4,911.62,True,True,False,True,2025-01-22 00:00:00+00:00
795,Caroline,da Rocha,caroline.darocha212@terra.com.br,(11) 900000795,regular,2025-12-23,2026-05-12,3,1652.63,True,True,True,True,2025-08-02 00:00:00+00:00
796,Lavínia,Ferreira,lavínia.796@exemplo.com.br,(11) 900000796,regular,2025-07-25,2026-04-16,4,1483.18,True,False,False,False,2025-04-22 00:00:00+00:00
797,Bruna,Pimenta,bruna.797@exemplo.com.br,(67) 95217-0730,regular,2025-12-18,2026-05-05,2,1112.03,True,False,False,True,2025-05-09 00:00:00+00:00
798,Pietro,Sales,pietro.sales486@uol.com.br,(84) 99337-5636,novo,,,0,0.0,True,False,False,True,2026-01-27 00:00:00+00:00
799,Léo,Abreu,léo.abreu658@terra.com.br,,dormant,2025-10-05,2025-10-05,1,322.02,True,False,False,True,2024-11-17 00:00:00+00:00
800,Antônio,Barbosa,antônio.barbosa803@terra.com.br,(11) 900000800,regular,2025-11-10,2026-06-19,4,1920.56,True,False,False,True,2025-06-15 00:00:00+00:00
801,Caio,Alves,caio.alves120@uol.com.br,(11) 900000801,dormant,2025-04-27,2025-04-27,1,91.01,True,False,False,True,2025-02-07 00:00:00+00:00
802,Luiz Henrique,Costa,luiz henrique.costa448@gmail.com,(11) 900000802,regular,2025-12-14,2026-04-25,3,733.63,True,False,True,True,2025-08-30 00:00:00+00:00
803,Ana Laura,,ana laura.marques541@uol.com.br,(47) 95289-6112,novo,,,0,0.0,False,False,False,True,2026-01-23 00:00:00+00:00
804,José Pedro,,josé pedro.vieira55@uol.com.br,(11) 900000804,regular,2025-10-28,2026-06-11,3,1390.91,False,True,False,True,2025-07-09 00:00:00+00:00
805,Marcos Vinicius,Nascimento,marcos vinicius.nascimento260@bol.com.br,(11) 900000805,regular,2025-10-14,2026-05-21,4,834.43,False,False,False,True,2025-05-27 00:00:00+00:00
806,Otto,Siqueira,otto.siqueira739@hotmail.com,(85) 99128-6857,dormant,2025-09-22,2025-09-22,1,207.43,True,False,True,True,2024-03-12 00:00:00+00:00
807,Rafaela,Martins,rafaela.martins738@yahoo.com.br,(32) 95877-7496,premium,2025-09-07,2026-06-27,6,10633.63,False,False,True,True,2024-01-08 00:00:00+00:00
808,Brayan,Costela,brayan.costela876@uol.com.br,(11) 900000808,dormant,2024-07-27,2024-07-27,1,439.58,True,False,True,True,2025-03-07 00:00:00+00:00
809,Levi,Freitas,levi.freitas456@bol.com.br,(11) 900000809,regular,2025-11-23,2026-05-18,2,1973.12,True,False,False,True,2025-09-26 00:00:00+00:00
810,Bryan,Martins,bryan.martins460@icloud.com,(37) 96776-6575,regular,2025-07-27,2026-05-14,4,1221.09,True,False,True,True,2025-10-02 00:00:00+00:00
811,Yago,Garcia,yago.garcia614@gmail.com,(11) 900000811,regular,2026-02-14,2026-06-09,2,1126.46,True,True,False,True,2025-04-29 00:00:00+00:00
812,Olivia,Nogueira,olivia.812@exemplo.com.br,(14) 93111-5083,dormant,2024-09-10,2024-09-10,1,458.43,True,False,False,True,2024-03-06 00:00:00+00:00
813,Brenda,Costa,brenda.costa686@terra.com.br,(11) 900000813,regular,2026-02-09,2026-06-04,4,714.62,True,False,False,True,2025-08-12 00:00:00+00:00
814,Ana Clara,da Paz,ana clara.dapaz864@terra.com.br,(63) 96907-8263,dormant,2025-07-26,2025-07-26,1,484.08,True,False,False,True,2024-11-24 00:00:00+00:00
815,Rafael,Silveira,rafael.silveira221@uol.com.br,(86) 93898-7751,regular,2026-02-11,2026-04-19,3,1221.18,True,False,False,True,2025-07-08 00:00:00+00:00
816,Ana Sophia,Correia,ana sophia.correia583@outlook.com.br,(66) 93778-0529,dormant,2025-03-19,2025-03-19,1,205.82,True,False,False,True,2024-01-08 00:00:00+00:00
817,José Miguel,das Neves,josé miguel.dasneves726@gmail.com,(93) 95536-6684,regular,2025-09-11,2026-05-29,4,1817.8,True,True,False,True,2025-08-20 00:00:00+00:00
818,Aylla,,aylla.pastor274@gmail.com,(11) 900000818,dormant,2024-08-17,2024-08-17,1,68.85,True,True,False,True,2024-06-28 00:00:00+00:00
819,Giovanna,,giovanna.costela706@outlook.com.br,,dormant,2024-07-20,2024-07-20,1,379.6,True,False,True,True,2024-10-25 00:00:00+00:00
820,Davi Lucas,Nascimento,davi lucas.nascimento940@outlook.com.br,(11) 900000820,premium,2024-07-20,2026-06-02,12,4785.53,True,False,True,True,2025-05-21 00:00:00+00:00
821,Gustavo Henrique,Rocha,gustavo henrique.rocha855@icloud.com,(11) 900000821,dormant,2025-09-10,2025-09-10,1,372.36,True,False,False,True,2024-06-12 00:00:00+00:00
822,Alice,Costela,alice.costela334@uol.com.br,(18) 98170-5802,novo,,,0,0.0,True,True,False,True,2026-04-16 00:00:00+00:00
823,Beatriz,Jesus,beatriz.jesus217@outlook.com.br,(11) 900000823,premium,2024-09-14,2026-06-06,8,7141.24,True,False,False,True,2024-01-09 00:00:00+00:00
824,José Pedro,Costela,josé pedro.costela588@bol.com.br,(71) 97299-4938,novo,,,0,0.0,True,False,False,True,2026-05-21 00:00:00+00:00
825,Maria Cecília,da Mota,maria cecília.damota140@uol.com.br,(11) 900000825,novo,,,0,0.0,True,False,False,True,2026-01-26 00:00:00+00:00
826,Mariane,Marques,mariane.marques849@live.com,(11) 900000826,premium,2025-08-08,2026-06-18,16,7769.19,True,False,False,True,2025-04-02 00:00:00+00:00
827,Kamilly,da Cruz,kamilly.dacruz985@yahoo.com.br,(71) 97629-1603,premium,2025-09-21,2026-06-28,15,7118.35,True,False,False,True,2024-09-15 00:00:00+00:00
828,Levi,da Mota,levi.damota463@icloud.com,(18) 91376-8151,regular,2026-03-11,2026-04-04,2,1795.37,True,False,True,True,2025-08-25 00:00:00+00:00
829,Gustavo Henrique,Montenegro,gustavo henrique.montenegro830@terra.com.br,(64) 97243-8070,dormant,2025-04-14,2025-04-14,1,52.4,True,False,False,True,2025-01-21 00:00:00+00:00
830,Diogo,Porto,diogo.porto764@live.com,(51) 95636-0041,dormant,2025-04-27,2025-04-27,1,337.25,True,True,False,True,2024-05-23 00:00:00+00:00
831,João Gabriel,Duarte,joão gabriel.duarte580@live.com,(89) 97118-3727,regular,2026-03-13,2026-05-28,2,1090.97,True,False,False,True,2025-06-26 00:00:00+00:00
832,Agatha,Castro,agatha.castro586@yahoo.com.br,(11) 900000832,dormant,2024-10-24,2024-10-24,1,55.13,True,False,False,True,2024-06-28 00:00:00+00:00
833,Eduardo,Rios,eduardo.rios844@gmail.com.br,(13) 92752-3083,regular,2025-10-04,2026-05-03,2,1966.57,True,False,True,True,2025-07-17 00:00:00+00:00
834,Luísa,Sampaio,luísa.sampaio969@gmail.com,(99) 91647-0900,regular,2025-09-08,2026-06-13,4,1641.02,True,True,False,True,2025-08-08 00:00:00+00:00
835,Gabriela,Vargas,gabriela.vargas483@uol.com.br,(11) 900000835,dormant,2024-09-13,2024-09-13,1,172.65,True,False,True,True,2025-04-10 00:00:00+00:00
836,Bárbara,Correia,bárbara.correia112@hotmail.com,(11) 900000836,dormant,2025-12-07,2025-12-07,1,206.7,True,True,False,True,2024-05-22 00:00:00+00:00
837,Ayla,Novais,ayla.novais909@uol.com.br,(11) 900000837,premium,2025-04-13,2026-06-09,5,3888.72,True,False,False,True,2024-10-05 00:00:00+00:00
838,Ayla,Cavalcanti,ayla.cavalcanti34@gmail.com,(62) 95063-7314,dormant,2024-09-27,2024-09-27,1,188.48,True,True,True,True,2025-01-19 00:00:00+00:00
839,Emilly,Aparecida,emilly.aparecida807@hotmail.com,(11) 900000839,regular,2026-03-17,2026-04-21,4,1089.1,True,True,False,True,2025-03-24 00:00:00+00:00
840,Theodoro,Brito,theodoro.brito427@terra.com.br,(54) 92525-7150,regular,2025-07-08,2026-06-07,4,1577.67,True,False,False,True,2025-03-11 00:00:00+00:00
841,Manuela,Garcia,manuela.garcia826@icloud.com,(11) 900000841,regular,2026-03-28,2026-05-01,2,1098.56,True,False,False,True,2025-02-03 00:00:00+00:00
842,Renan,Sousa,renan.sousa985@outlook.com.br,(11) 900000842,dormant,2025-08-05,2025-08-05,1,459.9,True,False,False,True,2024-04-10 00:00:00+00:00
843,Kevin,Garcia,kevin.843@exemplo.com.br,(11) 900000843,regular,2025-12-02,2026-05-01,2,1149.2,True,True,False,True,2025-01-30 00:00:00+00:00
844,Raquel,Vieira,raquel.vieira300@outlook.com.br,(17) 90355-3380,dormant,2025-03-05,2025-03-05,1,471.99,True,False,True,True,2024-10-26 00:00:00+00:00
845,Theo,Rodrigues,theo.rodrigues443@uol.com.br.br,(51) 98527-0171,novo,,,0,0.0,True,False,True,True,2026-02-24 00:00:00+00:00
846,Matheus,Aragão,matheus.846@exemplo.com.br,(11) 900000846,regular,2026-03-06,2026-06-12,4,984.35,True,False,False,True,2025-08-05 00:00:00+00:00
847,Emanuel,Lima,emanuel.lima446@live.com,(27) 92336-2934,dormant,2025-05-11,2025-05-11,1,234.14,True,False,False,True,2025-01-25 00:00:00+00:00
848,Allana,Oliveira,allana.oliveira817@live.com,(11) 900000848,novo,,,0,0.0,True,False,True,True,2026-06-11 00:00:00+00:00
849,Lunna,Lima,lunna.849@exemplo.com.br,(71) 92706-6149,novo,,,0,0.0,True,False,False,True,2026-03-13 00:00:00+00:00
850,Stephany,Cassiano,stephany.cassiano229@icloud.com,(11) 900000850,premium,2025-03-01,2026-06-14,9,5014.17,False,False,False,True,2025-02-20 00:00:00+00:00
851,Maria Luísa,Barbosa,maria luísa.barbosa649@terra.com.br,(11) 900000851,regular,2025-07-19,2026-04-02,4,840.33,True,False,True,True,2025-08-18 00:00:00+00:00
852,Mariane,Guerra,mariane.guerra318@outlook.com.br,(61) 95674-9160,regular,2026-01-18,2026-06-15,4,1258.38,True,False,True,True,2024-12-16 00:00:00+00:00
853,Josué,Gomes,josué.gomes787@yahoo.com.br,(11) 900000853,regular,2025-12-11,2026-06-06,3,1863.38,True,True,False,True,2024-12-17 00:00:00+00:00
854,Laís,Sousa,laís.sousa824@uol.com.br,(11) 900000854,dormant,2025-12-22,2025-12-22,1,253.13,True,True,False,True,2024-10-23 00:00:00+00:00
855,Juan,da Cunha,juan.dacunha938@uol.com.br,(11) 900000855,novo,,,0,0.0,False,False,False,True,2026-06-17 00:00:00+00:00
856,Marcos Vinicius,Lima,marcos vinicius.lima35@yahoo.com.br,(69) 94488-6946,regular,2025-10-25,2026-05-01,2,855.47,True,False,False,True,2025-06-01 00:00:00+00:00
857,Felipe,Caldeira,felipe.caldeira636@terra.com.br,(11) 900000857,dormant,2025-10-04,2025-10-04,1,413.24,True,True,False,True,2024-12-06 00:00:00+00:00
858,Gael,Azevedo,gael.azevedo778@outlook.com.br,(66) 94622-5223,dormant,2025-08-27,2025-08-27,1,414.82,True,True,False,True,2024-01-30 00:00:00+00:00
859,Mariah,Cirino,mariah.cirino16@icloud.com,(11) 900000859,dormant,2025-08-23,2025-08-23,1,373.76,True,True,True,True,2024-10-31 00:00:00+00:00
860,Valentim,Jesus,valentim.jesus48@live.com,(11) 900000860,dormant,2024-09-27,2024-09-27,1,379.54,True,False,False,True,2025-07-02 00:00:00+00:00
861,Caroline,Alves,caroline.alves277@uol.com.br,(87) 97100-4090,regular,2025-08-15,2026-04-24,3,1853.37,True,False,True,True,2024-12-04 00:00:00+00:00
862,Gael,Cunha,gael.cunha702@icloud.com,(11) 900000862,regular,2026-03-16,2026-06-23,3,1240.3,True,False,True,True,2025-06-19 00:00:00+00:00
863,Liz,Fernandes,liz.fernandes235@terra.com.br,(38) 95356-6905,novo,,,0,0.0,True,False,False,True,2026-03-22 00:00:00+00:00
864,Bianca,Brito,bianca.brito899@gmail.com,(81) 96209-1843,regular,2025-12-08,2026-06-23,2,1966.05,True,True,True,True,2024-12-02 00:00:00+00:00
865,Emilly,Machado,emilly.machado185@live.com,(97) 96305-0505,regular,2025-12-06,2026-04-21,2,1449.02,True,False,False,True,2025-07-26 00:00:00+00:00
866,Lívia,da Conceição,lívia.daconceição171@live.com,(62) 99156-7164,dormant,2025-11-06,2025-11-06,1,445.93,True,False,False,True,2025-01-06 00:00:00+00:00
867,Mathias,Silva,mathias.silva565@yahoo.com.br,(99) 99802-7148,dormant,2025-12-08,2025-12-08,1,425.97,True,False,False,True,2024-01-17 00:00:00+00:00
868,Maria Helena,Cavalcante,maria helena.cavalcante688@live.com,(11) 900000868,dormant,2025-09-20,2025-09-20,1,438.3,True,False,True,True,2024-12-14 00:00:00+00:00
869,Luara,Silva,luara.silva49@gmail.com,(11) 900000869,novo,,,0,0.0,True,False,False,True,2026-05-17 00:00:00+00:00
870,Sophie,Porto,sophie.porto650@live.com,(11) 900000870,novo,,,0,0.0,True,False,False,True,2026-04-11 00:00:00+00:00
871,Luiza,da Conceição,luiza.daconceição516@uol.com.br,(11) 900000871,dormant,2024-11-02,2024-11-02,1,60.16,True,False,False,True,2025-04-16 00:00:00+00:00
872,Igor,Oliveira,igor.oliveira460@terra.com.br,(11) 900000872,premium,2024-07-10,2026-06-14,24,11801.19,True,True,False,True,2024-03-16 00:00:00+00:00
873,Mateus,Gomes,mateus.gomes482@outlook.com.br,(31) 95289-9316,premium,2025-12-08,2026-06-09,21,14794.51,True,True,False,True,2024-08-24 00:00:00+00:00
874,Antony,Nascimento,antony.nascimento57@live.com,(28) 92437-7294,dormant,2024-12-30,2024-12-30,1,499.77,True,False,False,True,2024-07-29 00:00:00+00:00
875,João Vitor,Souza,joão vitor.souza846@gmail.com,,regular,2026-02-17,2026-05-29,3,1213.86,True,False,True,True,2025-05-03 00:00:00+00:00
876,Antonella,das Neves,antonella.dasneves120@icloud.com,(11) 900000876,regular,2026-03-12,2026-04-10,3,1070.29,True,False,False,True,2024-12-19 00:00:00+00:00
877,Brenda,Cassiano,brenda.cassiano521@uol.com.br,(11) 900000877,regular,2025-08-08,2026-06-07,2,1863.9,True,False,True,True,2025-09-18 00:00:00+00:00
878,Heloísa,Fernandes,heloísa.fernandes720@outlook.com.br,(86) 95661-8443,novo,,,0,0.0,True,False,False,True,2026-03-06 00:00:00+00:00
879,Ágatha,Gonçalves,ágatha.gonçalves163@hotmail.com,(11) 900000879,dormant,2025-06-17,2025-06-17,1,87.06,True,False,False,True,2024-02-22 00:00:00+00:00
880,Luísa,Sampaio,luísa.880@exemplo.com.br,(18) 92333-0591,regular,2025-12-16,2026-05-22,4,814.66,True,False,True,True,2025-06-08 00:00:00+00:00
881,Juan,Garcia,juan.garcia294@outlook.com.br,(11) 900000881,novo,,,0,0.0,True,False,False,True,2026-03-19 00:00:00+00:00
882,Camila,Pastor,camila.pastor895@outlook.com.br,(11) 900000882,regular,2026-03-23,2026-06-01,2,783.53,True,False,False,True,2024-12-04 00:00:00+00:00
883,Luiz Felipe,Rezende,luiz felipe.rezende53@outlook.com.br,(11) 900000883,novo,,,0,0.0,True,False,True,True,2026-03-18 00:00:00+00:00
884,Enzo,Campos,enzo.campos493@live.com,(96) 93099-9741,premium,2024-12-27,2026-06-19,15,7438.98,True,False,False,True,2024-08-11 00:00:00+00:00
885,Luiz Miguel,Gomes,luiz miguel.gomes220@live.com,(73) 94921-5182,regular,2025-08-30,2026-04-05,3,566.14,True,False,True,True,2025-06-20 00:00:00+00:00
886,Jade,Sampaio,jade.sampaio517@gmail.com,(55) 98887-1898,regular,2025-12-17,2026-06-25,3,912.69,True,False,False,True,2025-07-17 00:00:00+00:00
887,Josué,,josué.sá410@uol.com.br,(11) 900000887,dormant,2025-04-06,2025-04-06,1,273.28,True,False,False,True,2025-03-14 00:00:00+00:00
888,Bruno,Cardoso,bruno.cardoso943@uol.com.br,(11) 900000888,regular,2026-01-30,2026-04-06,3,734.97,True,False,False,True,2025-05-23 00:00:00+00:00
889,Emanuella,Nogueira,emanuella.nogueira68@yahoo.com.br,(68) 90340-8487,premium,2025-04-15,2026-06-14,12,10577.44,True,True,False,True,2024-11-11 00:00:00+00:00
890,João Lucas,Oliveira,joão lucas.oliveira196@live.com,(28) 98598-8310,regular,2026-01-31,2026-05-20,2,841.76,False,False,False,True,2024-12-02 00:00:00+00:00
891,Renan,Andrade,renan.andrade375@uol.com.br,(11) 900000891,regular,2026-01-30,2026-04-29,2,1775.4,True,False,False,True,2024-12-26 00:00:00+00:00
892,Agatha,Cardoso,agatha.cardoso899@outlook.com.br,(11) 900000892,regular,2025-10-11,2026-06-11,4,1393.03,True,False,True,True,2025-08-01 00:00:00+00:00
893,Thomas,Rocha,thomas.rocha717@outlook.com.br,(11) 900000893,regular,2026-03-16,2026-05-21,3,1687.54,True,False,False,True,2025-03-16 00:00:00+00:00
894,Luan,Leão,luan.leão221@yahoo.com.br,(28) 96609-3141,dormant,2024-12-06,2024-12-06,1,179.3,True,False,False,True,2025-04-21 00:00:00+00:00
895,Sophia,Camargo,sophia.camargo451@icloud.com,(64) 91515-5423,novo,,,0,0.0,True,True,False,True,2026-01-21 00:00:00+00:00
896,Yan,Albuquerque,yan.albuquerque44@hotmail.com,(49) 93611-2849,premium,2025-02-03,2026-06-03,23,7919.14,True,False,True,True,2024-03-23 00:00:00+00:00
897,Mariana,Brito,mariana.brito791@icloud.com,(42) 99484-9102,regular,2026-03-20,2026-06-27,2,1871.66,True,False,True,True,2025-02-22 00:00:00+00:00
898,Anna Liz,Sá,anna liz.sá306@outlook.com.br,(11) 900000898,regular,2026-02-21,2026-04-23,3,1328.03,True,False,False,True,2025-04-23 00:00:00+00:00
899,Valentim,Albuquerque,valentim.albuquerque923@icloud.com,(11) 900000899,regular,2025-08-07,2026-06-20,3,1948.76,True,False,True,True,2025-05-05 00:00:00+00:00
900,Larissa,Santos,larissa.santos869@live.com,,regular,2026-03-19,2026-06-01,4,907.79,True,False,False,True,2025-08-15 00:00:00+00:00
901,Luiz Otávio,Macedo,luiz otávio.macedo144@terra.com.br,(84) 98446-8341,dormant,2025-12-30,2025-12-30,1,112.27,True,True,False,True,2024-04-14 00:00:00+00:00
902,Ana Laura,Jesus,ana laura.902@exemplo.com.br,(11) 900000902,premium,2025-07-14,2026-06-05,10,2428.7,True,False,True,True,2024-11-03 00:00:00+00:00
903,Allana,Novaes,allana.novaes165@live.com,(11) 900000903,premium,2024-10-08,2026-06-26,6,8394.14,True,False,False,True,2024-12-14 00:00:00+00:00
904,Jade,,jade.albuquerque393@uol.com.br,(11) 900000904,novo,,,0,0.0,True,False,True,True,2026-02-10 00:00:00+00:00
905,Manuela,Cavalcante,manuela.cavalcante584@icloud.com,(11) 900000905,dormant,2025-08-08,2025-08-08,1,202.46,True,False,True,True,2024-08-13 00:00:00+00:00
906,Maya,Garcia,maya.garcia428@yahoo.com.br,,dormant,2025-01-19,2025-01-19,1,244.24,True,False,False,True,2025-05-17 00:00:00+00:00
907,Evelyn,Camargo,evelyn.camargo301@terra.com.br,(11) 900000907,premium,2025-07-20,2026-06-02,17,8345.26,True,False,False,True,2025-07-05 00:00:00+00:00
908,André,Sousa,andré.sousa626@outlook.com.br,(11) 900000908,dormant,2025-06-14,2025-06-14,1,301.95,True,False,False,True,2024-11-14 00:00:00+00:00
909,Anthony Gabriel,Pimenta,anthony gabriel.pimenta640@live.com,(34) 94510-5265,premium,2025-10-04,2026-06-26,11,9748.39,True,True,True,True,2024-11-20 00:00:00+00:00
910,Antony,Brito,antony.brito435@outlook.com.br,(91) 93188-2617,novo,,,0,0.0,True,False,False,True,2026-06-21 00:00:00+00:00
911,Anthony Gabriel,Cassiano,anthony gabriel.cassiano278@bol.com.br,(11) 900000911,dormant,2024-11-28,2024-11-28,1,56.73,True,False,True,True,2024-02-19 00:00:00+00:00
912,Vitor Gabriel,Caldeira,vitor gabriel.caldeira575@live.com,(74) 92256-0531,regular,2025-11-25,2026-05-06,2,1722.81,False,False,True,True,2025-02-03 00:00:00+00:00
913,Mateus,da Paz,mateus.dapaz591@gmail.com,(11) 900000913,dormant,2024-10-03,2024-10-03,1,85.34,True,True,True,True,2024-02-17 00:00:00+00:00
914,Isaac,Leão,isaac.leão520@live.com,,premium,2024-07-21,2026-06-05,17,4269.59,True,False,False,True,2025-04-14 00:00:00+00:00
915,Ísis,Monteiro,ísis.monteiro344@yahoo.com.br,(33) 96862-1102,regular,2025-12-21,2026-04-05,2,1733.41,True,False,False,True,2024-12-12 00:00:00+00:00
916,Leonardo,Ferreira,leonardo.ferreira396@icloud.com,(11) 900000916,dormant,2025-03-24,2025-03-24,1,415.34,True,False,True,True,2024-03-27 00:00:00+00:00
917,Amanda,da Paz,amanda.dapaz164@live.com,(11) 900000917,dormant,2025-05-02,2025-05-02,1,263.11,True,False,True,False,2025-03-06 00:00:00+00:00
918,Ian,,ian.daluz56@uol.com.br,,regular,2025-10-26,2026-05-03,3,1631.35,True,False,False,True,2025-07-18 00:00:00+00:00
919,Liz,Costa,liz.costa680@live.com,(11) 900000919,regular,2025-08-18,2026-06-14,2,1297.87,True,False,True,True,2025-05-01 00:00:00+00:00
920,João,Guerra,joão.guerra722@gmail.com,,dormant,2024-09-26,2024-09-26,1,186.58,True,False,True,True,2025-06-06 00:00:00+00:00
921,Yan,Correia,yan.correia280@yahoo.com.br,(69) 90931-0668,regular,2026-01-24,2026-05-07,4,1141.11,True,False,False,True,2025-08-31 00:00:00+00:00
922,Ana Laura,Sampaio,ana laura.sampaio604@uol.com.br,(11) 900000922,regular,2025-09-03,2026-04-09,4,1612.71,True,False,False,True,2025-05-23 00:00:00+00:00
923,Henry,da Mata,henry.damata942@terra.com.br,(15) 95635-0200,dormant,2025-11-04,2025-11-04,1,79.98,True,True,True,True,2024-06-15 00:00:00+00:00
924,Cauã,Ribeiro,cauã.ribeiro895@terra.com.br,(11) 900000924,regular,2025-11-06,2026-05-13,4,968.0,True,False,False,True,2025-04-24 00:00:00+00:00
925,Mariane,Fonseca,mariane.fonseca42@terra.com.br,(22) 91108-2555,regular,2026-03-19,2026-06-06,3,686.92,True,False,True,True,2024-12-02 00:00:00+00:00
926,Sarah,Pereira,sarah.pereira923@terra.com.br,(11) 900000926,regular,2025-12-21,2026-04-10,4,975.61,True,True,True,True,2025-07-13 00:00:00+00:00
927,Isaque,Aparecida,isaque.aparecida267@uol.com.br,(11) 900000927,novo,,,0,0.0,False,False,False,True,2026-04-30 00:00:00+00:00
928,Nathan,,nathan.nascimento8@yahoo.com.br,(11) 900000928,regular,2026-01-05,2026-04-15,4,1604.12,True,False,False,True,2025-02-27 00:00:00+00:00
929,Manuela,Pires,manuela.pires794@hotmail.com,(73) 91768-8029,dormant,2025-03-22,2025-03-22,1,452.14,True,True,False,True,2025-06-28 00:00:00+00:00
930,Yan,Sampaio,yan.sampaio302@yahoo.com.br,(18) 90903-6788,dormant,2025-03-01,2025-03-01,1,50.42,True,True,True,True,2025-07-02 00:00:00+00:00
931,Dom,Cavalcante,dom.cavalcante378@live.com,(96) 96866-9432,regular,2025-11-07,2026-05-06,3,1290.15,True,True,False,True,2024-11-29 00:00:00+00:00
932,André,Castro,andré.castro995@uol.com.br,(11) 900000932,novo,,,0,0.0,True,False,False,True,2026-05-27 00:00:00+00:00
933,Vitor Gabriel,Novaes,vitor gabriel.novaes674@hotmail.com,(11) 900000933,premium,2025-04-19,2026-06-20,7,5370.12,True,False,False,True,2024-08-04 00:00:00+00:00
934,João Felipe,da Mata,joão felipe.damata274@gmail.com,,dormant,2025-06-08,2025-06-08,1,98.54,True,False,False,True,2024-09-13 00:00:00+00:00
935,Theo,Costela,theo.costela447@icloud.com,(11) 900000935,novo,,,0,0.0,True,False,False,True,2026-02-18 00:00:00+00:00
936,João Felipe,Jesus,joão felipe.jesus148@bol.com.br,(33) 90053-4240,regular,2026-01-25,2026-05-27,4,1267.85,True,False,False,False,2024-12-19 00:00:00+00:00
937,Stephany,Ribeiro,stephany.ribeiro241@hotmail.com,(51) 94983-7354,dormant,2025-03-31,2025-03-31,1,325.67,False,True,True,True,2024-05-08 00:00:00+00:00
938,Nicolas,Pacheco,nicolas.pacheco382@outlook.com.br,(11) 900000938,premium,2024-08-31,2026-06-02,18,2202.31,True,False,False,False,2025-01-03 00:00:00+00:00
939,Luiz Miguel,Marques,luiz miguel.939@exemplo.com.br,,premium,2024-10-21,2026-06-22,11,2414.14,True,False,False,True,2025-01-04 00:00:00+00:00
940,Luiz Gustavo,Correia,luiz gustavo.correia308@live.com,(11) 900000940,novo,,,0,0.0,True,False,False,True,2026-01-18 00:00:00+00:00
941,Davi Miguel,Casa Grande,davi miguel.casagrande886@hotmail.com,(69) 93761-8209,regular,2025-12-24,2026-05-09,2,696.68,True,False,False,True,2025-05-17 00:00:00+00:00
942,Guilherme,Garcia,guilherme.garcia8@outlook.com.br,(11) 900000942,regular,2025-09-16,2026-04-12,3,531.79,True,False,False,True,2025-09-19 00:00:00+00:00
943,Apollo,Vieira,apollo.vieira364@gmail.com,(11) 900000943,dormant,2025-11-24,2025-11-24,1,450.97,True,False,False,True,2025-05-20 00:00:00+00:00
944,Luan,,luan.dasneves520@terra.com.br,(87) 92308-4810,regular,2025-10-03,2026-04-06,2,1893.92,True,False,False,True,2025-05-02 00:00:00+00:00
945,Caio,Caldeira,caio.caldeira453@icloud.com,(19) 91862-0303,regular,2025-08-06,2026-04-03,4,1466.84,True,True,False,True,2025-01-24 00:00:00+00:00
946,Letícia,Gomes,letícia.gomes471@yahoo.com.br,(43) 94361-7213,dormant,2025-07-25,2025-07-25,1,276.04,True,False,True,True,2024-01-12 00:00:00+00:00
947,Gustavo,,gustavo.947@exemplo.com.br,(11) 900000947,regular,2025-12-15,2026-06-10,2,1685.61,True,False,False,True,2025-04-07 00:00:00+00:00
948,Luiz Henrique,Lima,luiz henrique.lima765@icloud.com,(35) 99262-4945,novo,,,0,0.0,False,False,False,True,2026-03-06 00:00:00+00:00
949,Gustavo Henrique,da Mata,gustavo henrique.damata921@live.com,(47) 94102-2526,regular,2026-03-20,2026-05-20,3,1680.99,True,False,False,True,2025-07-11 00:00:00+00:00
950,Maitê,Silveira,maitê.silveira278@live.com,(11) 900000950,premium,2024-07-26,2026-06-23,15,5523.82,True,True,True,True,2025-06-20 00:00:00+00:00
951,Luiz Otávio,Vargas,luiz otávio.vargas762@outlook.com.br,(43) 95767-6952,regular,2025-11-20,2026-06-03,3,1076.29,True,False,True,True,2025-09-06 00:00:00+00:00
952,Samuel,Gomes,samuel.gomes847@outlook.com.br,(93) 98878-8361,regular,2026-01-15,2026-05-28,3,1743.39,True,False,True,True,2025-03-01 00:00:00+00:00
953,Laura,Moura,laura.moura267@uol.com.br,(11) 900000953,premium,2025-04-30,2026-06-26,16,6602.26,True,False,True,True,2024-05-31 00:00:00+00:00
954,João Felipe,Camargo,joão felipe.camargo454@gmail.com,,dormant,2025-03-11,2025-03-11,1,371.06,False,False,False,True,2024-08-02 00:00:00+00:00
955,Cecília,Fonseca,cecília.fonseca560@yahoo.com.br,,regular,2025-12-15,2026-05-28,4,1140.66,True,True,False,True,2025-09-11 00:00:00+00:00
956,Ana Beatriz,Marques,ana beatriz.marques602@yahoo.com.br,(67) 93330-2126,dormant,2024-09-26,2024-09-26,1,154.73,True,False,False,True,2025-02-10 00:00:00+00:00
957,Benjamim,Sampaio,benjamim.sampaio50@outlook.com.br,(48) 90191-7920,regular,2025-12-29,2026-05-20,4,1788.22,True,True,True,True,2025-07-02 00:00:00+00:00
958,Juan,,juan.fonseca287@yahoo.com.br,(11) 900000958,regular,2025-10-16,2026-06-05,2,1533.84,True,True,False,True,2025-09-09 00:00:00+00:00
959,João Lucas,Souza,joão lucas.souza120@icloud.com,,dormant,2025-07-25,2025-07-25,1,399.85,True,True,False,True,2025-04-19 00:00:00+00:00
960,Ana Clara,Melo,ana clara.melo609@outlook.com.br,(37) 97041-2009,dormant,2025-09-25,2025-09-25,1,132.32,True,False,True,True,2024-01-27 00:00:00+00:00
961,Luiz Felipe,Montenegro,luiz felipe.montenegro214@yahoo.com.br,(11) 900000961,novo,,,0,0.0,False,True,False,True,2026-01-21 00:00:00+00:00
962,Rafael,Lima,rafael.lima231@yahoo.com.br,(13) 91862-3690,dormant,2024-08-28,2024-08-28,1,340.88,True,False,False,True,2024-11-22 00:00:00+00:00
963,Pedro Lucas,Gonçalves,pedro lucas.gonçalves44@yahoo.com.br,(11) 900000963,regular,2025-09-04,2026-06-07,4,793.5,True,False,False,True,2025-06-02 00:00:00+00:00
964,Laís,Correia,laís.correia244@bol.com.br,(11) 900000964,dormant,2024-07-11,2024-07-11,1,137.09,True,False,False,True,2025-02-02 00:00:00+00:00
965,Luan,Nogueira,luan.965@exemplo.com.br,(11) 900000965,regular,2025-09-27,2026-05-18,3,1019.17,True,False,True,True,2025-06-12 00:00:00+00:00
966,Rodrigo,da Mata,rodrigo.damata214@hotmail.com,(11) 900000966,dormant,2024-11-05,2024-11-05,1,179.22,True,False,True,True,2024-01-15 00:00:00+00:00
967,Eduarda,Sá,eduarda.sá136@bol.com.br,(61) 98356-5215,novo,,,0,0.0,True,True,False,False,2026-06-04 00:00:00+00:00
968,Joana,Sousa,joana.sousa423@icloud.com,(11) 900000968,dormant,2024-08-26,2024-08-26,1,416.49,True,False,False,True,2024-08-07 00:00:00+00:00
969,Amanda,,amanda.castro840@yahoo.com.br,(83) 91133-2288,regular,2025-12-12,2026-05-28,3,1544.05,True,False,True,True,2025-09-15 00:00:00+00:00
970,Rebeca,Vargas,rebeca.vargas507@terra.com.br,(77) 92545-9606,premium,2024-08-20,2026-06-05,23,8334.24,True,False,False,True,2025-02-09 00:00:00+00:00
971,Rhavi,Costela,rhavi.costela904@hotmail.com,(11) 900000971,dormant,2025-04-03,2025-04-03,1,332.43,False,True,False,True,2024-09-11 00:00:00+00:00
972,Melina,Brito,melina.brito610@live.com,(28) 92421-4955,regular,2025-12-10,2026-04-23,4,552.6,True,False,False,True,2025-02-03 00:00:00+00:00
973,Felipe,Barbosa,felipe.barbosa885@yahoo.com.br,(82) 94747-2197,dormant,2025-02-25,2025-02-25,1,173.08,True,False,True,True,2024-01-15 00:00:00+00:00
974,Bruno,Fonseca,bruno.fonseca710@bol.com.br,(62) 96927-5895,regular,2025-11-19,2026-06-03,3,1911.89,True,False,True,True,2025-08-27 00:00:00+00:00
975,Evelyn,Barros,evelyn.barros30@outlook.com.br,,regular,2025-11-10,2026-06-12,2,1360.93,True,True,False,False,2025-04-07 00:00:00+00:00
976,Natália,Machado,natália.machado316@bol.com.br,(11) 900000976,novo,,,0,0.0,True,True,False,True,2026-04-23 00:00:00+00:00
977,Fernanda,Castro,fernanda.castro493@outlook.com.br,(11) 900000977,novo,,,0,0.0,True,False,False,True,2026-04-20 00:00:00+00:00
978,Maria Flor,Caldeira,maria flor.caldeira802@hotmail.com,,regular,2025-11-05,2026-05-21,4,1956.95,True,True,False,True,2025-02-19 00:00:00+00:00
979,Luiz Miguel,Siqueira,luiz miguel.siqueira717@hotmail.com,(61) 96365-1559,regular,2025-07-25,2026-05-23,3,1015.13,True,True,True,True,2025-06-28 00:00:00+00:00
980,Maria Vitória,Cunha,maria vitória.cunha84@live.com,(11) 900000980,novo,,,0,0.0,True,False,False,True,2026-06-21 00:00:00+00:00
981,Antonella,Nunes,antonella.nunes550@gmail.com,(51) 90567-3030,regular,2025-07-14,2026-04-23,4,709.29,True,False,False,False,2025-04-08 00:00:00+00:00
982,Lavínia,da Mata,lavínia.damata868@bol.com.br,(11) 900000982,regular,2025-09-21,2026-04-14,2,815.95,True,False,False,True,2025-08-15 00:00:00+00:00
983,Larissa,Moura,larissa.moura413@uol.com.br,(11) 900000983,dormant,2025-11-26,2025-11-26,1,165.38,True,True,True,True,2025-04-05 00:00:00+00:00
984,Cecília,Leão,cecília.leão167@live.com,(86) 98265-9608,regular,2025-07-03,2026-04-05,4,1095.37,True,False,False,True,2025-03-04 00:00:00+00:00
985,Miguel,Barbosa,miguel.barbosa258@yahoo.com.br,(32) 95027-2751,regular,2025-10-29,2026-05-30,2,1165.92,True,False,False,True,2025-04-18 00:00:00+00:00
986,Joana,da Luz,joana.daluz854@icloud.com.br,,regular,2025-10-06,2026-05-02,2,1205.43,True,True,False,True,2025-04-20 00:00:00+00:00
987,André,Machado,andré.machado234@yahoo.com.br,(79) 99103-3682,novo,,,0,0.0,True,False,False,True,2026-05-05 00:00:00+00:00
988,Gabriela,Cunha,gabriela.cunha969@terra.com.br,(11) 900000988,regular,2026-03-24,2026-04-05,3,867.94,True,False,True,True,2025-09-11 00:00:00+00:00
989,Milena,Campos,milena.campos92@live.com,(81) 96655-8685,regular,2026-02-02,2026-06-17,4,1926.07,True,False,False,True,2025-02-05 00:00:00+00:00
990,Ian,Cavalcanti,ian.cavalcanti828@live.com,,dormant,2024-07-25,2024-07-25,1,479.79,True,True,True,True,2024-09-05 00:00:00+00:00
991,Liz,Freitas,liz.freitas474@yahoo.com.br,,dormant,2025-12-16,2025-12-16,1,72.41,True,True,False,True,2025-05-19 00:00:00+00:00
992,Luan,Nogueira,luan.nogueira859@outlook.com.br,(51) 94649-1111,premium,2024-11-18,2026-06-06,22,11906.93,True,False,False,True,2024-10-09 00:00:00+00:00
993,Arthur Gabriel,Pimenta,arthur gabriel.pimenta189@outlook.com.br,(11) 900000993,dormant,2025-05-31,2025-05-31,1,170.53,True,True,False,True,2024-09-19 00:00:00+00:00
994,Amanda,,amanda.leão866@uol.com.br,(11) 900000994,dormant,2024-10-18,2024-10-18,1,324.73,True,False,True,True,2024-01-24 00:00:00+00:00
995,Maria Fernanda,Jesus,maria fernanda.jesus339@outlook.com.br,,regular,2025-11-04,2026-04-05,4,762.05,True,False,True,True,2025-08-23 00:00:00+00:00
996,Anthony Gabriel,Freitas,anthony gabriel.freitas750@uol.com.br,(95) 94444-6306,dormant,2024-10-29,2024-10-29,1,70.28,True,True,False,True,2024-12-05 00:00:00+00:00
997,Benício,Albuquerque,benício.albuquerque377@gmail.com,(11) 900000997,dormant,2025-05-07,2025-05-07,1,151.17,True,False,True,True,2024-06-27 00:00:00+00:00
998,Rodrigo,Novais,rodrigo.novais532@outlook.com.br,(11) 900000998,dormant,2025-09-29,2025-09-29,1,141.11,True,False,False,True,2025-05-03 00:00:00+00:00
999,Isis,Dias,isis.dias59@icloud.com,(11) 900000999,dormant,2025-02-07,2025-02-07,1,205.0,True,False,True,True,2024-12-15 00:00:00+00:00
1000,Vicente,Novaes,vicente.novaes406@yahoo.com.br,(32) 93110-6092,premium,2024-07-28,2026-06-20,10,8833.92,True,False,False,True,2024-02-27 00:00:00+00:00
1001,Benjamin,Pinto,benjamin.pinto645@icloud.com,(11) 900001001,dormant,2024-10-20,2024-10-20,1,210.37,True,True,True,True,2024-03-10 00:00:00+00:00
1002,Pedro Miguel,da Rosa,pedro miguel.darosa532@uol.com.br,(11) 900001002,premium,2024-07-14,2026-06-26,20,10517.24,True,True,False,True,2025-01-18 00:00:00+00:00
1003,Gustavo,Camargo,gustavo.camargo885@live.com,(11) 900001003,premium,2025-04-14,2026-06-16,20,14563.32,True,True,False,True,2024-01-26 00:00:00+00:00
1004,Eloá,Costela,eloá.costela916@outlook.com.br,(11) 900001004,regular,2025-07-06,2026-05-30,4,1833.64,True,True,False,True,2025-08-15 00:00:00+00:00
1005,Fernanda,Dias,fernanda.dias886@live.com,(11) 900001005,regular,2025-10-22,2026-05-05,4,1335.15,True,False,False,True,2025-09-17 00:00:00+00:00
1006,Caroline,Ferreira,caroline.ferreira992@live.com,(11) 900001006,regular,2025-09-06,2026-04-10,3,598.76,True,True,False,True,2025-05-22 00:00:00+00:00
1007,Augusto,Moreira,augusto.moreira644@icloud.com,(11) 900001007,regular,2025-11-05,2026-04-03,3,621.17,True,False,False,True,2025-04-15 00:00:00+00:00
1008,Enzo,Siqueira,enzo.siqueira610@yahoo.com.br,(12) 94731-5847,regular,2025-08-09,2026-05-28,3,1222.31,True,False,True,True,2025-02-05 00:00:00+00:00
1009,Maya,Lopes,maya.lopes180@icloud.com,(62) 93423-4619,dormant,2025-12-28,2025-12-28,1,323.94,True,False,True,True,2024-09-12 00:00:00+00:00
1010,Ana Lívia,Cavalcante,ana lívia.cavalcante968@uol.com.br,(89) 96769-4591,premium,2025-05-11,2026-06-12,22,10059.56,True,False,False,True,2024-01-31 00:00:00+00:00
1011,Hadassa,Lima,hadassa.lima748@uol.com.br,(43) 95172-0849,dormant,2024-12-28,2024-12-28,1,236.5,True,True,False,True,2024-01-06 00:00:00+00:00
1012,Julia,da Rocha,julia.darocha424@icloud.com,(43) 96012-5625,premium,2025-05-27,2026-06-14,11,2729.04,True,False,False,True,2025-03-22 00:00:00+00:00
1013,Samuel,Barbosa,samuel.barbosa642@uol.com.br,(48) 95251-0505,novo,,,0,0.0,True,True,True,True,2026-02-19 00:00:00+00:00
1014,Paulo,Martins,paulo.martins212@terra.com.br,(11) 900001014,regular,2025-11-24,2026-05-02,4,1918.75,True,False,True,True,2025-03-21 00:00:00+00:00
1015,Gustavo,Novais,gustavo.novais639@bol.com.br,(11) 900001015,regular,2025-09-28,2026-05-11,3,748.82,True,False,False,True,2025-04-21 00:00:00+00:00
1016,Marina,Monteiro,marina.monteiro608@gmail.com,,regular,2025-11-16,2026-06-09,3,1906.29,True,False,True,True,2025-08-04 00:00:00+00:00
1017,Yan,Leão,yan.leão838@hotmail.com,(11) 900001017,dormant,2025-04-12,2025-04-12,1,326.59,True,True,True,True,2024-03-09 00:00:00+00:00
1018,Asafe,da Paz,asafe.1018@exemplo.com.br,(11) 900001018,regular,2025-11-26,2026-04-28,2,1386.86,True,False,True,True,2025-04-28 00:00:00+00:00
1019,Bárbara,Ramos,bárbara.1019@exemplo.com.br,(11) 900001019,novo,,,0,0.0,True,False,True,True,2026-06-27 00:00:00+00:00
1020,Emanuel,Novais,emanuel.novais13@terra.com.br,(92) 99064-7715,regular,2025-11-21,2026-04-24,3,575.78,True,False,False,True,2025-08-12 00:00:00+00:00
1021,Gustavo,Alves,gustavo.1021@exemplo.com.br,,premium,2025-02-03,2026-06-02,16,3113.18,True,False,True,True,2024-06-03 00:00:00+00:00
1022,Calebe,Albuquerque,calebe.albuquerque831@yahoo.com.br,(11) 900001022,dormant,2025-11-22,2025-11-22,1,474.08,True,False,True,True,2024-08-19 00:00:00+00:00
1023,Anthony,Sales,anthony.sales496@gmail.com,(11) 900001023,regular,2026-03-28,2026-05-27,3,1174.01,True,False,False,True,2024-12-28 00:00:00+00:00
1024,Gabrielly,da Mata,gabrielly.damata498@yahoo.com.br,,premium,2024-10-09,2026-06-03,25,5910.48,True,False,False,True,2024-10-02 00:00:00+00:00
1025,João Guilherme,Pacheco,joão guilherme.pacheco777@live.com,(11) 900001025,regular,2025-09-07,2026-05-15,2,1728.75,True,True,False,True,2025-04-03 00:00:00+00:00
1026,Sarah,da Costa,sarah.dacosta104@live.com,(91) 94573-1441,dormant,2025-04-24,2025-04-24,1,383.75,True,False,False,True,2025-02-14 00:00:00+00:00
1027,Clarice,Novais,clarice.novais575@uol.com.br,(11) 900001027,dormant,2024-11-20,2024-11-20,1,82.38,True,True,False,True,2024-02-04 00:00:00+00:00
1028,Helena,,helena.correia370@live.com,(11) 900001028,dormant,2025-03-19,2025-03-19,1,338.73,True,True,True,True,2025-02-16 00:00:00+00:00
1029,Leandro,Montenegro,leandro.montenegro356@hotmail.com,(11) 900001029,dormant,2024-07-18,2024-07-18,1,215.72,False,True,False,True,2025-05-07 00:00:00+00:00
1030,Marcos Vinicius,Azevedo,marcos vinicius.azevedo577@bol.com.br,(68) 92491-2711,novo,,,0,0.0,True,True,True,True,2026-02-25 00:00:00+00:00
1031,Rodrigo,Almeida,rodrigo.almeida90@live.com,(11) 900001031,regular,2025-11-02,2026-05-31,3,1679.15,True,False,False,True,2025-05-29 00:00:00+00:00
1032,Ísis,Barros,ísis.barros617@terra.com.br,,premium,2025-11-16,2026-06-12,24,11613.82,True,True,False,True,2024-12-11 00:00:00+00:00
1033,Lorena,Cunha,lorena.cunha110@yahoo.com.br,(61) 98685-0745,premium,2025-10-08,2026-06-16,14,6278.25,True,False,True,True,2025-05-16 00:00:00+00:00
1034,Gael Henrique,Aragão,gael henrique.aragão234@outlook.com.br,(68) 93436-2948,novo,,,0,0.0,True,False,False,True,2026-04-05 00:00:00+00:00
1035,Marina,Moreira,marina.moreira246@outlook.com.br,(11) 900001035,regular,2025-10-26,2026-05-03,4,635.99,True,True,True,True,2025-07-10 00:00:00+00:00
1036,Vitor,da Costa,vitor.dacosta988@hotmail.com,(11) 900001036,premium,2025-04-16,2026-06-12,8,11613.63,True,False,False,True,2025-06-12 00:00:00+00:00
1037,Vitor Gabriel,Monteiro,vitor gabriel.monteiro31@uol.com.br,(11) 900001037,dormant,2025-01-18,2025-01-18,1,165.22,True,False,True,True,2024-05-20 00:00:00+00:00
1038,Milena,Sampaio,milena.sampaio923@live.com,,premium,2024-12-16,2026-06-27,20,10683.14,True,True,True,True,2024-12-29 00:00:00+00:00
1039,Ana Laura,Sales,ana laura.sales403@uol.com.br,,regular,2025-07-10,2026-05-12,4,1160.22,True,False,False,True,2025-02-15 00:00:00+00:00
1040,Luigi,Dias,luigi.dias640@hotmail.com,(11) 900001040,regular,2025-11-16,2026-06-02,4,1253.02,True,False,False,True,2025-03-07 00:00:00+00:00
1041,Asafe,Cavalcanti,asafe.cavalcanti678@bol.com.br,(11) 900001041,regular,2025-09-05,2026-05-22,4,1974.62,True,False,True,True,2025-04-29 00:00:00+00:00
1042,Thales,Melo,thales.melo275@hotmail.com,(11) 900001042,premium,2025-11-19,2026-06-03,19,9719.37,True,True,False,True,2025-04-20 00:00:00+00:00
1043,Gabriel,Brito,gabriel.brito368@bol.com.br,(35) 97758-4745,premium,2025-03-17,2026-06-15,17,7671.58,True,False,False,True,2024-02-03 00:00:00+00:00
1044,Maria Cecília,Albuquerque,maria cecília.albuquerque154@terra.com.br,,premium,2025-06-09,2026-06-10,24,6449.99,True,False,True,True,2024-12-05 00:00:00+00:00
1045,Ana Julia,Santos,ana julia.santos647@terra.com.br,(98) 99714-8026,regular,2026-03-01,2026-06-28,2,1021.5,False,False,True,True,2025-02-03 00:00:00+00:00
1046,Pedro Lucas,Ribeiro,pedro lucas.ribeiro416@yahoo.com.br,(44) 97039-6531,dormant,2025-09-18,2025-09-18,1,183.79,True,True,False,True,2024-09-26 00:00:00+00:00
1047,Mathias,Garcia,mathias.garcia834@hotmail.com,(14) 98782-4556,regular,2025-08-12,2026-05-27,4,847.85,True,False,True,False,2025-02-03 00:00:00+00:00
1048,Lara,da Mota,lara.damota413@bol.com.br,(11) 900001048,dormant,2025-12-15,2025-12-15,1,202.92,True,True,True,True,2024-07-20 00:00:00+00:00
1049,Cecilia,da Paz,cecilia.dapaz691@hotmail.com,(11) 900001049,dormant,2025-12-03,2025-12-03,1,475.84,True,True,False,False,2025-06-27 00:00:00+00:00
1050,Luan,da Rosa,luan.darosa456@live.com,,regular,2025-12-20,2026-04-19,4,665.81,True,False,False,True,2025-01-30 00:00:00+00:00
1051,Alícia,Azevedo,alícia.azevedo462@bol.com.br,(11) 900001051,novo,,,0,0.0,True,False,False,True,2026-04-27 00:00:00+00:00
1052,Ana Laura,Abreu,ana laura.abreu468@outlook.com.br,(43) 90042-5488,regular,2025-07-08,2026-04-09,3,1824.46,True,False,False,False,2025-08-21 00:00:00+00:00
1053,Leonardo,Borges,leonardo.borges317@bol.com.br,,dormant,2025-03-21,2025-03-21,1,417.89,True,False,False,True,2024-02-11 00:00:00+00:00
1054,João Pedro,Siqueira,joão pedro.siqueira215@uol.com.br,(71) 99143-0753,regular,2025-12-14,2026-05-21,4,903.82,True,False,True,True,2025-06-05 00:00:00+00:00
1055,Helena,Lima,helena.lima231@outlook.com.br,(11) 900001055,dormant,2025-12-23,2025-12-23,1,277.69,True,False,True,True,2024-04-16 00:00:00+00:00
1056,João Lucas,Rodrigues,joão lucas.rodrigues329@uol.com.br,(11) 900001056,premium,2025-02-01,2026-06-09,16,8893.22,True,False,True,True,2024-01-31 00:00:00+00:00
1057,Maria Eduarda,Nogueira,maria eduarda.nogueira251@yahoo.com.br,,dormant,2025-03-11,2025-03-11,1,263.88,True,True,False,True,2024-11-11 00:00:00+00:00
1058,Fernanda,Viana,fernanda.viana37@outlook.com.br,(11) 900001058,novo,,,0,0.0,True,False,False,True,2026-03-27 00:00:00+00:00
1059,Letícia,Martins,letícia.martins601@outlook.com.br,(65) 97080-6129,dormant,2024-10-25,2024-10-25,1,226.95,True,False,False,True,2025-06-04 00:00:00+00:00
1060,Ana Julia,Viana,ana julia.viana940@uol.com.br,(97) 95298-9406,regular,2025-10-17,2026-06-02,4,713.9,True,False,True,True,2025-03-26 00:00:00+00:00
1061,José,Guerra,josé.guerra80@gmail.com,(83) 98701-0415,premium,2025-05-27,2026-06-01,15,2761.68,True,True,False,True,2025-01-18 00:00:00+00:00
1062,Gael,da Rocha,gael.darocha508@live.com,(34) 90198-0382,dormant,2025-12-18,2025-12-18,1,238.02,True,False,False,True,2025-03-11 00:00:00+00:00
1063,Maya,Carvalho,maya.carvalho797@uol.com.br,(11) 900001063,regular,2025-10-06,2026-06-09,2,940.51,True,False,True,True,2025-06-14 00:00:00+00:00
1064,Alexandre,Cassiano,alexandre.cassiano533@hotmail.com,(99) 91331-7087,premium,2025-11-27,2026-06-15,15,6210.77,True,False,True,True,2024-04-24 00:00:00+00:00
1065,Heloísa,Araújo,heloísa.araújo695@hotmail.com,(21) 96723-8497,regular,2025-08-01,2026-04-24,3,1042.18,True,True,True,True,2025-07-25 00:00:00+00:00
1066,Josué,Lopes,josué.lopes162@yahoo.com.br,(11) 900001066,premium,2024-11-01,2026-06-06,22,11834.21,True,False,True,True,2024-02-18 00:00:00+00:00
1067,Maria Luiza,da Rocha,maria luiza.1067@exemplo.com.br,(11) 900001067,novo,,,0,0.0,True,False,True,True,2026-01-04 00:00:00+00:00
1068,Lara,Lima,lara.lima186@yahoo.com.br,(11) 900001068,regular,2025-09-06,2026-06-25,2,952.39,True,True,False,True,2025-03-22 00:00:00+00:00
1069,Bernardo,Ramos,bernardo.ramos567@live.com,(11) 900001069,dormant,2025-10-22,2025-10-22,1,150.24,True,False,False,True,2024-07-19 00:00:00+00:00
1070,Melissa,Montenegro,melissa.montenegro861@uol.com.br,(42) 98681-2259,regular,2025-07-05,2026-05-14,2,1243.19,True,False,True,True,2025-07-11 00:00:00+00:00
1071,Camila,Marques,camila.marques762@yahoo.com.br,(15) 94617-6792,premium,2024-12-24,2026-06-16,22,9434.47,True,False,False,True,2025-01-31 00:00:00+00:00
1072,Natália,Vasconcelos,natália.vasconcelos654@icloud.com,,regular,2025-10-27,2026-05-08,4,1518.07,True,False,True,True,2025-05-07 00:00:00+00:00
1073,Valentim,Cardoso,valentim.cardoso143@terra.com.br,(42) 99961-0023,regular,2025-09-13,2026-05-27,2,1077.56,True,True,False,True,2024-12-25 00:00:00+00:00
1074,Gael,Rios,gael.rios390@hotmail.com,(93) 97533-1266,premium,2025-05-30,2026-06-27,14,4684.67,True,False,False,True,2025-04-11 00:00:00+00:00
1075,Davi Lucas,Araújo,davi lucas.araújo703@bol.com.br,,premium,2024-09-23,2026-06-29,11,9448.92,True,True,True,True,2024-05-20 00:00:00+00:00
1076,Ian,Andrade,ian.andrade381@hotmail.com,(75) 95902-5176,novo,,,0,0.0,True,True,False,True,2026-02-07 00:00:00+00:00
1077,João Felipe,Porto,joão felipe.porto750@icloud.com,(11) 900001077,regular,2026-01-18,2026-05-25,4,1074.3,True,False,False,True,2025-01-25 00:00:00+00:00
1078,Luara,Moura,luara.moura501@uol.com.br,(11) 900001078,novo,,,0,0.0,True,False,False,True,2026-03-22 00:00:00+00:00
1079,Joana,Nunes,joana.nunes937@icloud.com,(11) 900001079,novo,,,0,0.0,True,False,True,True,2026-05-04 00:00:00+00:00
1080,Melissa,Fogaça,melissa.fogaça731@terra.com.br,(11) 900001080,premium,2025-12-19,2026-06-08,21,7158.31,True,False,False,True,2024-12-31 00:00:00+00:00
1081,Pietra,da Rosa,pietra.1081@exemplo.com.br,(11) 900001081,regular,2025-10-12,2026-06-05,4,1195.8,True,True,False,True,2025-06-23 00:00:00+00:00
1082,Amanda,da Cunha,amanda.dacunha983@outlook.com.br,(44) 91241-8938,novo,,,0,0.0,True,False,True,True,2026-01-31 00:00:00+00:00
1083,Melissa,das Neves,melissa.dasneves330@outlook.com.br,(11) 900001083,regular,2025-11-21,2026-04-09,4,999.16,True,True,False,True,2025-06-29 00:00:00+00:00
1084,Laura,da Luz,laura.daluz97@uol.com.br,(35) 90238-5037,regular,2025-12-30,2026-05-24,3,1543.11,True,True,False,True,2025-03-14 00:00:00+00:00
1085,Diogo,Nunes,diogo.nunes795@gmail.com,(41) 91699-1872,dormant,2025-04-15,2025-04-15,1,107.18,True,False,False,True,2024-01-30 00:00:00+00:00
1086,Vitor Hugo,Silveira,vitor hugo.1086@exemplo.com.br,(11) 900001086,regular,2025-07-22,2026-04-28,2,1571.08,True,False,True,True,2025-03-07 00:00:00+00:00
1087,Rafael,Almeida,rafael.almeida304@gmail.com,(11) 900001087,regular,2025-07-31,2026-04-26,2,1300.01,True,True,True,True,2025-03-17 00:00:00+00:00
1088,Hellena,Vargas,hellena.vargas758@outlook.com.br,(11) 900001088,regular,2025-10-31,2026-04-11,4,873.04,True,True,True,True,2025-05-12 00:00:00+00:00
1089,Emilly,Fogaça,emilly.fogaça546@uol.com.br,(38) 96033-1903,dormant,2024-08-03,2024-08-03,1,494.06,True,False,False,True,2025-01-11 00:00:00+00:00
1090,Júlia,Souza,júlia.souza620@icloud.com,(11) 900001090,novo,,,0,0.0,True,True,True,True,2026-06-01 00:00:00+00:00
1091,Alexia,Aparecida,alexia.aparecida356@terra.com.br,(42) 99342-9671,regular,2026-03-22,2026-06-28,4,1381.06,True,False,False,True,2025-03-22 00:00:00+00:00
1092,Eduardo,Barbosa,eduardo.barbosa541@bol.com.br,(11) 900001092,novo,,,0,0.0,True,True,True,True,2026-01-29 00:00:00+00:00
1093,Samuel,Moura,samuel.moura692@bol.com.br,(31) 98810-5697,dormant,2024-11-04,2024-11-04,1,282.0,True,False,False,True,2024-12-05 00:00:00+00:00
1094,Alana,Barros,alana.barros183@uol.com.br,(11) 900001094,dormant,2025-10-04,2025-10-04,1,180.72,True,True,False,True,2024-04-07 00:00:00+00:00
1095,Brayan,da Costa,brayan.dacosta842@live.com,(81) 91070-4496,regular,2025-09-17,2026-04-26,3,1806.09,True,False,False,True,2025-08-19 00:00:00+00:00
1096,Ana Clara,Barros,ana clara.barros688@gmail.com,(15) 99670-6670,novo,,,0,0.0,False,True,True,True,2026-03-25 00:00:00+00:00
1097,Pietro,Costela,pietro.1097@exemplo.com.br,(11) 900001097,regular,2026-03-09,2026-05-21,4,1685.37,True,True,True,True,2025-01-07 00:00:00+00:00
1098,Bárbara,da Luz,bárbara.daluz141@uol.com.br,(11) 900001098,premium,2025-03-23,2026-06-28,8,12213.03,True,False,False,True,2024-01-11 00:00:00+00:00
1099,Alícia,Nascimento,alícia.nascimento443@live.com,(68) 99984-2673,premium,2024-09-07,2026-06-13,19,5574.6,True,False,False,True,2025-01-01 00:00:00+00:00
1100,João,Albuquerque,joão.albuquerque340@bol.com.br,(14) 91384-5960,dormant,2024-09-14,2024-09-14,1,302.17,True,False,True,True,2024-03-30 00:00:00+00:00
1101,Yan,Fonseca,yan.fonseca491@bol.com.br,(11) 900001101,regular,2025-07-10,2026-06-17,3,1537.82,True,True,True,True,2025-06-01 00:00:00+00:00
1102,Lívia,Martins,lívia.martins158@gmail.com,(74) 90705-7836,regular,2025-08-16,2026-05-13,2,1404.96,True,True,True,True,2025-08-03 00:00:00+00:00
1103,Danilo,Pacheco,danilo.pacheco957@hotmail.com,(14) 99851-7244,regular,2025-08-23,2026-06-17,2,647.66,True,True,False,True,2025-08-16 00:00:00+00:00
1104,Valentim,Monteiro,valentim.monteiro408@yahoo.com.br,(11) 900001104,dormant,2025-02-11,2025-02-11,1,224.62,True,True,True,True,2024-07-15 00:00:00+00:00
1105,Natália,Macedo,natália.macedo637@terra.com.br,(11) 900001105,regular,2025-09-27,2026-04-14,4,760.08,True,True,True,True,2025-09-20 00:00:00+00:00
1106,Caio,Peixoto,caio.1106@exemplo.com.br,(42) 91187-1813,premium,2025-01-15,2026-06-28,9,3143.39,True,True,False,True,2024-04-02 00:00:00+00:00
1107,Nicolas,Duarte,nicolas.duarte351@terra.com.br.br,(66) 91642-0595,regular,2026-02-12,2026-04-25,2,1165.72,True,False,False,True,2025-07-01 00:00:00+00:00
1108,Bruna,Jesus,bruna.jesus669@terra.com.br,(85) 94902-5042,regular,2025-08-22,2026-06-10,2,727.04,True,False,False,True,2024-12-25 00:00:00+00:00
1109,Benjamim,Caldeira,benjamim.caldeira4@uol.com.br,,regular,2026-03-20,2026-06-23,4,733.39,True,False,True,True,2025-09-28 00:00:00+00:00
1110,Ana Sophia,Moraes,ana sophia.moraes901@icloud.com,(41) 93690-2611,dormant,2025-07-18,2025-07-18,1,88.24,True,True,False,True,2024-06-24 00:00:00+00:00
1111,Pietro,Nunes,pietro.nunes574@icloud.com,(67) 98180-9788,premium,2026-01-01,2026-06-19,22,13364.37,True,False,False,True,2024-05-25 00:00:00+00:00
1112,Lunna,Dias,lunna.dias349@bol.com.br,(11) 900001112,dormant,2024-07-25,2024-07-25,1,279.56,False,False,True,True,2024-02-14 00:00:00+00:00
1113,Ana Vitória,,ana vitória.souza940@hotmail.com,(11) 900001113,novo,,,0,0.0,False,False,True,True,2026-06-04 00:00:00+00:00
1114,Eloá,Rezende,eloá.rezende544@live.com,(11) 900001114,regular,2026-02-18,2026-04-10,4,1179.95,True,False,False,True,2025-01-18 00:00:00+00:00
1115,João Guilherme,Pereira,joão guilherme.pereira457@bol.com.br,(17) 95511-6682,dormant,2024-10-15,2024-10-15,1,231.62,True,False,False,True,2024-07-18 00:00:00+00:00
1116,Maya,Pires,maya.pires115@uol.com.br,(11) 900001116,regular,2026-03-30,2026-04-09,3,1511.35,True,False,True,True,2024-12-07 00:00:00+00:00
1117,Guilherme,Cardoso,guilherme.cardoso754@gmail.com,(71) 90212-8866,novo,,,0,0.0,True,False,False,True,2026-03-18 00:00:00+00:00
1118,Daniela,Cardoso,daniela.cardoso509@outlook.com.br,,regular,2026-02-08,2026-05-15,2,1349.28,True,False,False,True,2025-08-20 00:00:00+00:00
1119,Rodrigo,Silva,rodrigo.silva25@bol.com.br,(11) 900001119,dormant,2024-09-15,2024-09-15,1,454.98,True,False,False,True,2024-11-25 00:00:00+00:00
1120,Daniela,Machado,daniela.machado418@outlook.com.br,(79) 96472-2981,regular,2025-07-19,2026-04-07,2,1156.42,True,False,True,True,2025-08-11 00:00:00+00:00
1121,Kevin,Abreu,kevin.abreu219@terra.com.br,(81) 96572-8941,premium,2024-08-02,2026-06-09,18,11879.96,True,False,False,True,2024-12-28 00:00:00+00:00
1122,Ravi,da Rosa,ravi.darosa664@live.com,(38) 90988-9864,dormant,2025-07-01,2025-07-01,1,326.03,True,True,True,True,2024-01-31 00:00:00+00:00
1123,Ayla,Gomes,ayla.gomes994@terra.com.br,(11) 900001123,premium,2024-11-23,2026-06-29,9,9635.66,True,False,False,True,2025-02-25 00:00:00+00:00
1124,Ana Sophia,Brito,ana sophia.brito533@terra.com.br,(16) 92144-7732,regular,2026-03-25,2026-04-18,4,1510.09,False,False,False,True,2024-12-24 00:00:00+00:00
1125,Alícia,da Luz,alícia.daluz131@hotmail.com,(11) 900001125,regular,2026-03-20,2026-06-14,3,1015.73,False,False,False,True,2025-03-10 00:00:00+00:00
1126,Bruno,Nogueira,bruno.nogueira376@icloud.com,(11) 900001126,premium,2025-05-29,2026-06-07,17,7520.37,True,False,True,True,2025-02-27 00:00:00+00:00
1127,Lívia,Moreira,lívia.moreira787@yahoo.com.br,(81) 94117-6741,regular,2025-10-04,2026-05-20,4,1421.07,True,False,False,True,2025-05-06 00:00:00+00:00
1128,João Guilherme,da Mota,joão guilherme.damota840@hotmail.com,(43) 91315-2854,novo,,,0,0.0,True,True,True,True,2026-06-08 00:00:00+00:00
1129,Maria,Pires,maria.pires757@icloud.com,,regular,2025-11-16,2026-06-28,4,1792.72,True,False,False,True,2025-08-02 00:00:00+00:00
1130,Diogo,Santos,diogo.santos73@terra.com.br,(11) 900001130,novo,,,0,0.0,False,False,False,True,2026-02-19 00:00:00+00:00
1131,Samuel,Carvalho,samuel.carvalho961@outlook.com.br,(11) 900001131,regular,2025-09-05,2026-04-02,4,1068.82,True,True,False,True,2025-08-24 00:00:00+00:00
1132,João,Costa,joão.costa846@hotmail.com,(98) 93061-7893,regular,2026-01-18,2026-06-23,2,1000.57,True,True,False,True,2025-09-18 00:00:00+00:00
1133,Luiz Henrique,Andrade,luiz henrique.andrade385@outlook.com.br,,premium,2025-03-31,2026-06-17,7,12121.19,True,False,False,True,2024-11-24 00:00:00+00:00
1134,Vinicius,Pimenta,vinicius.pimenta209@outlook.com.br,(11) 900001134,regular,2025-12-30,2026-04-15,3,1155.17,False,False,False,True,2025-07-31 00:00:00+00:00
1135,Mariana,Vieira,mariana.vieira917@outlook.com.br,(44) 98741-3146,novo,,,0,0.0,True,True,True,True,2026-04-17 00:00:00+00:00
1136,Maitê,Duarte,maitê.duarte898@uol.com.br,(68) 91275-1562,novo,,,0,0.0,True,True,False,True,2026-02-05 00:00:00+00:00
1137,Maria Sophia,Mendonça,maria sophia.1137@exemplo.com.br,,dormant,2024-08-11,2024-08-11,1,242.35,True,False,True,True,2025-04-01 00:00:00+00:00
1138,Ravy,Alves,ravy.alves856@bol.com.br,(12) 98360-8545,dormant,2024-11-14,2024-11-14,1,190.26,True,False,True,True,2024-01-26 00:00:00+00:00
1139,Juliana,Gonçalves,juliana.gonçalves773@live.com,(68) 96404-7350,regular,2026-03-03,2026-06-14,3,1519.51,False,False,False,True,2025-07-17 00:00:00+00:00
1140,Ana Liz,Machado,ana liz.machado405@outlook.com.br,(11) 900001140,novo,,,0,0.0,True,False,False,True,2026-03-13 00:00:00+00:00
1141,José Pedro,Pereira,josé pedro.1141@exemplo.com.br,(11) 900001141,dormant,2025-01-29,2025-01-29,1,493.54,True,False,False,True,2024-07-18 00:00:00+00:00
1142,Rafaela,Costela,rafaela.costela633@terra.com.br,(11) 900001142,dormant,2025-07-25,2025-07-25,1,430.64,True,True,False,True,2024-10-24 00:00:00+00:00
1143,Júlia,Cunha,júlia.cunha375@icloud.com,(11) 900001143,premium,2025-11-21,2026-06-28,23,5284.84,True,True,True,True,2024-01-10 00:00:00+00:00
1144,Bryan,Castro,bryan.castro617@bol.com.br,(22) 90330-4166,regular,2025-07-24,2026-06-15,4,616.74,True,False,False,True,2025-02-20 00:00:00+00:00
1145,João,Sousa,joão.sousa341@bol.com.br,(11) 900001145,premium,2024-09-15,2026-06-10,20,13852.81,True,False,False,True,2024-05-13 00:00:00+00:00
1146,Kevin,Brito,kevin.1146@exemplo.com.br,(11) 900001146,premium,2024-07-11,2026-06-26,21,2205.07,True,False,True,True,2024-04-30 00:00:00+00:00
1147,Maria Cecília,Costa,maria cecília.costa189@hotmail.com,(11) 99764-6136,novo,,,0,0.0,True,False,False,True,2026-04-14 00:00:00+00:00
1148,Agatha,Mendes,agatha.mendes754@bol.com.br,(95) 93607-6581,regular,2025-08-02,2026-05-19,4,607.57,True,False,False,True,2025-07-27 00:00:00+00:00
1149,Marcela,Câmara,marcela.câmara844@gmail.com,(61) 93757-9145,regular,2026-02-27,2026-05-12,4,501.97,True,True,False,True,2025-05-11 00:00:00+00:00
1150,João Pedro,Pires,joão pedro.pires929@hotmail.com,(11) 900001150,regular,2025-11-27,2026-06-19,2,1276.42,True,False,True,True,2024-12-28 00:00:00+00:00
1151,Isis,Pimenta,isis.pimenta911@live.com,(99) 99307-4645,regular,2025-08-16,2026-04-25,3,955.85,True,False,False,True,2024-12-29 00:00:00+00:00
1152,Kevin,Andrade,kevin.andrade440@terra.com.br,(64) 90438-7875,dormant,2024-11-06,2024-11-06,1,444.59,True,False,False,True,2024-12-29 00:00:00+00:00
1153,Ravy,Duarte,ravy.duarte605@live.com,(88) 98811-6162,dormant,2024-10-19,2024-10-19,1,393.0,True,False,False,True,2024-07-29 00:00:00+00:00
1154,Apollo,Castro,apollo.castro87@icloud.com,(11) 900001154,regular,2025-12-28,2026-06-12,4,802.91,True,False,False,True,2025-08-24 00:00:00+00:00
1155,Sabrina,Mendonça,sabrina.mendonça946@yahoo.com.br,(67) 96041-6448,regular,2026-02-06,2026-04-25,3,829.63,True,False,False,True,2025-02-19 00:00:00+00:00
1156,Ayla,Pimenta,ayla.pimenta568@terra.com.br,,dormant,2025-01-27,2025-01-27,1,496.48,True,True,True,True,2025-02-03 00:00:00+00:00
1157,Lucas,Casa Grande,lucas.casagrande959@bol.com.br,(99) 93958-9477,premium,2024-10-24,2026-06-20,20,14772.27,True,False,False,True,2024-09-29 00:00:00+00:00
1158,Otto,Farias,otto.farias336@yahoo.com.br,(11) 900001158,novo,,,0,0.0,True,False,False,True,2026-01-04 00:00:00+00:00
1159,Davi Luiz,Abreu,davi luiz.abreu684@bol.com.br,,regular,2026-03-03,2026-05-06,3,986.39,True,False,False,True,2025-03-22 00:00:00+00:00
1160,Marcos Vinicius,Costa,marcos vinicius.costa872@hotmail.com,(82) 95109-7921,regular,2025-10-11,2026-05-06,4,574.23,True,False,False,True,2025-05-24 00:00:00+00:00
1161,Clara,Porto,clara.porto653@icloud.com.br,(11) 900001161,dormant,2024-11-23,2024-11-23,1,437.51,True,True,False,True,2025-03-13 00:00:00+00:00
1162,Emilly,Pinto,emilly.pinto539@outlook.com.br,(11) 900001162,dormant,2024-10-14,2024-10-14,1,400.37,True,True,False,True,2025-04-10 00:00:00+00:00
1163,Alana,Cavalcanti,alana.cavalcanti655@bol.com.br,(11) 900001163,dormant,2024-10-16,2024-10-16,1,346.79,True,False,False,True,2024-02-02 00:00:00+00:00
1164,Yuri,Sousa,yuri.sousa275@live.com,(11) 900001164,premium,2025-08-18,2026-06-02,23,12424.97,True,False,False,True,2025-01-07 00:00:00+00:00
1165,Lucas,Melo,lucas.melo925@gmail.com,(32) 91028-7675,regular,2025-10-30,2026-06-12,3,1086.31,False,False,False,True,2025-07-14 00:00:00+00:00
1166,Ana Julia,Montenegro,ana julia.montenegro896@hotmail.com,(11) 900001166,dormant,2025-11-21,2025-11-21,1,223.26,True,False,True,True,2025-06-27 00:00:00+00:00
1167,Anna Liz,Moura,anna liz.moura216@hotmail.com,(11) 900001167,novo,,,0,0.0,True,True,False,True,2026-03-27 00:00:00+00:00
1168,Isaque,Novais,isaque.novais457@outlook.com.br,(42) 92057-5639,premium,2025-05-20,2026-06-26,13,14228.28,True,False,True,True,2024-01-05 00:00:00+00:00
1169,Mateus,Garcia,mateus.garcia875@terra.com.br,(11) 900001169,dormant,2025-03-09,2025-03-09,1,175.32,True,True,True,True,2024-09-16 00:00:00+00:00
1170,Ana Luiza,Farias,ana luiza.farias770@hotmail.com,(47) 94809-4047,dormant,2024-07-25,2024-07-25,1,121.27,True,False,False,True,2025-04-20 00:00:00+00:00
1171,Isabella,Aparecida,isabella.aparecida313@bol.com.br,,novo,,,0,0.0,True,True,True,True,2026-06-10 00:00:00+00:00
1172,Yan,Pires,yan.pires546@gmail.com,(11) 900001172,regular,2025-11-28,2026-06-01,3,1814.05,True,True,True,True,2025-05-07 00:00:00+00:00
1173,Breno,Freitas,breno.freitas128@gmail.com,(11) 900001173,premium,2024-07-27,2026-06-27,9,13222.95,True,False,False,True,2025-03-18 00:00:00+00:00
1174,Ana Sophia,Brito,ana sophia.brito646@icloud.com,(15) 93905-5295,regular,2026-03-11,2026-06-03,3,1459.43,True,True,False,True,2025-06-16 00:00:00+00:00
1175,Pietra,Albuquerque,pietra.albuquerque228@outlook.com.br,(66) 90138-2412,dormant,2025-05-27,2025-05-27,1,117.86,True,False,True,True,2024-06-30 00:00:00+00:00
1176,Lívia,Aparecida,lívia.aparecida43@bol.com.br,(11) 900001176,regular,2026-01-28,2026-04-21,4,1185.47,True,False,False,True,2024-12-05 00:00:00+00:00
1177,Isaac,Fernandes,isaac.fernandes369@live.com,(11) 900001177,premium,2025-10-25,2026-06-26,16,9283.51,True,False,True,True,2024-03-01 00:00:00+00:00
1178,Anna Liz,Pastor,anna liz.pastor322@gmail.com,(11) 900001178,dormant,2024-09-18,2024-09-18,1,226.1,True,False,False,True,2025-03-23 00:00:00+00:00
1179,João,das Neves,joão.dasneves856@gmail.com,,novo,,,0,0.0,True,False,False,True,2026-05-05 00:00:00+00:00
1180,Gabrielly,Santos,gabrielly.santos964@bol.com.br,(11) 900001180,premium,2025-02-11,2026-06-25,19,12782.38,True,False,True,True,2024-11-20 00:00:00+00:00
1181,Murilo,Cavalcanti,murilo.cavalcanti947@bol.com.br,(11) 900001181,regular,2025-11-29,2026-05-09,2,1419.93,True,False,False,True,2025-09-22 00:00:00+00:00
1182,Rebeca,Machado,rebeca.machado22@yahoo.com.br,(11) 900001182,dormant,2024-08-22,2024-08-22,1,260.53,True,True,True,True,2024-04-28 00:00:00+00:00
1183,Alícia,Costela,alícia.costela788@terra.com.br,,dormant,2025-04-20,2025-04-20,1,58.24,True,False,False,True,2024-06-02 00:00:00+00:00
1184,Milena,Novaes,milena.novaes518@bol.com.br,(11) 900001184,regular,2025-11-24,2026-06-17,2,1236.86,True,False,False,True,2025-04-16 00:00:00+00:00
1185,Pietra,Ribeiro,pietra.ribeiro186@yahoo.com.br,(86) 92795-5969,regular,2026-03-04,2026-05-07,4,1389.16,True,False,False,True,2024-12-25 00:00:00+00:00
1186,Bernardo,,bernardo.duarte292@hotmail.com,(44) 90267-5512,premium,2025-11-14,2026-06-24,18,14498.61,True,False,False,True,2024-06-22 00:00:00+00:00
1187,Elisa,das Neves,elisa.dasneves698@yahoo.com.br,(84) 98207-9799,novo,,,0,0.0,True,False,False,True,2026-02-21 00:00:00+00:00
1188,Luara,Siqueira,luara.siqueira556@outlook.com.br,(86) 93459-5764,regular,2025-10-29,2026-05-10,4,1532.17,True,False,True,True,2025-08-05 00:00:00+00:00
1189,Bruno,da Conceição,bruno.daconceição757@icloud.com,(11) 900001189,dormant,2025-12-03,2025-12-03,1,447.83,True,False,False,True,2025-03-31 00:00:00+00:00
1190,Olivia,Cavalcante,olivia.1190@exemplo.com.br,(11) 900001190,regular,2025-11-07,2026-06-08,4,1480.52,True,False,False,True,2025-08-04 00:00:00+00:00
1191,Cecilia,Marques,cecilia.marques811@outlook.com.br,(11) 900001191,dormant,2024-11-17,2024-11-17,1,422.87,True,False,False,True,2025-06-09 00:00:00+00:00
1192,Léo,da Costa,léo.dacosta76@uol.com.br,(73) 91328-5072,regular,2026-03-29,2026-04-19,3,807.89,True,True,True,True,2025-06-28 00:00:00+00:00
1193,Catarina,Brito,catarina.brito450@live.com,(55) 93767-3162,regular,2025-08-15,2026-05-11,4,649.83,True,True,False,True,2025-07-31 00:00:00+00:00
1194,Anna Liz,,anna liz.teixeira120@yahoo.com.br,(62) 95469-6815,regular,2025-08-11,2026-04-27,4,1394.35,True,False,True,True,2025-03-18 00:00:00+00:00
1195,Mariana,Rios,mariana.rios483@gmail.com,(11) 900001195,premium,2025-05-26,2026-06-15,23,8918.21,True,True,False,True,2024-02-20 00:00:00+00:00
1196,Isabella,,isabella.barbosa47@uol.com.br,(11) 900001196,regular,2026-01-28,2026-06-02,2,1178.15,True,False,False,True,2025-04-09 00:00:00+00:00
1197,Hadassa,Rezende,hadassa.rezende486@yahoo.com.br,(68) 92446-7046,premium,2025-09-22,2026-06-18,19,12362.0,True,True,True,True,2025-06-21 00:00:00+00:00
1198,Luiz Henrique,Castro,luiz henrique.castro70@outlook.com.br,(98) 91715-1602,regular,2025-08-04,2026-06-23,2,967.84,True,True,False,True,2025-07-06 00:00:00+00:00
1199,Antonella,Cardoso,antonella.cardoso528@icloud.com,(53) 97076-6046,regular,2026-03-31,2026-04-04,3,1471.26,True,True,True,True,2025-07-02 00:00:00+00:00
1200,Valentim,Sousa,valentim.sousa496@hotmail.com,(79) 98575-8512,premium,2024-08-18,2026-06-29,17,11361.02,True,True,False,True,2024-10-19 00:00:00+00:00
1201,Laís,Nascimento,laís.nascimento409@outlook.com.br,,premium,2025-02-23,2026-06-15,24,13697.07,False,True,False,True,2025-01-07 00:00:00+00:00
1202,Emanuel,Cassiano,emanuel.cassiano34@gmail.com.br,(37) 99438-9760,premium,2024-11-12,2026-06-21,14,13279.05,True,True,True,True,2024-07-12 00:00:00+00:00
1203,Maria Fernanda,da Paz,maria fernanda.dapaz963@gmail.com,(11) 900001203,regular,2025-11-10,2026-05-29,3,1992.05,True,False,False,True,2025-04-06 00:00:00+00:00
1204,Bárbara,Rocha,bárbara.rocha86@bol.com.br,(11) 900001204,dormant,2025-12-02,2025-12-02,1,489.73,True,False,False,True,2024-08-10 00:00:00+00:00
1205,Aylla,da Rosa,aylla.darosa890@gmail.com,(11) 900001205,regular,2025-11-24,2026-05-23,2,1519.61,True,False,True,True,2025-02-15 00:00:00+00:00
1206,Gabriel,Cardoso,gabriel.cardoso33@yahoo.com.br,(92) 96457-9389,regular,2026-03-03,2026-06-22,4,1461.68,True,False,False,True,2025-02-14 00:00:00+00:00
1207,Maria Cecília,Aparecida,maria cecília.aparecida26@hotmail.com,(33) 95029-1681,novo,,,0,0.0,True,False,False,True,2026-05-03 00:00:00+00:00
1208,Bárbara,Porto,bárbara.porto789@bol.com.br,(68) 96024-1613,regular,2025-11-01,2026-06-09,3,932.33,True,False,False,True,2025-05-11 00:00:00+00:00
1209,Vicente,da Rosa,vicente.darosa241@icloud.com,(11) 900001209,regular,2026-02-27,2026-06-28,3,1925.83,True,True,False,True,2025-03-23 00:00:00+00:00
1210,Yuri,Montenegro,yuri.montenegro176@gmail.com,(62) 92440-6306,regular,2025-12-30,2026-05-07,3,1014.4,True,True,True,True,2025-02-26 00:00:00+00:00
1211,José Pedro,da Mota,josé pedro.damota941@bol.com.br,,premium,2024-12-28,2026-06-28,7,6577.8,True,True,False,True,2024-04-25 00:00:00+00:00
1212,Maria Eduarda,Peixoto,maria eduarda.peixoto77@terra.com.br,,novo,,,0,0.0,True,False,False,True,2026-01-14 00:00:00+00:00
1213,Gael,Câmara,gael.câmara612@uol.com.br,(11) 900001213,regular,2026-01-26,2026-04-12,4,809.03,True,False,False,True,2025-08-18 00:00:00+00:00
1214,Laura,Porto,laura.porto254@terra.com.br,(54) 97805-5557,dormant,2025-07-24,2025-07-24,1,308.26,True,True,True,True,2025-02-26 00:00:00+00:00
1215,Kevin,Martins,kevin.martins840@live.com,(11) 900001215,dormant,2025-06-17,2025-06-17,1,176.82,True,False,False,True,2024-02-12 00:00:00+00:00
1216,Mariah,Novais,mariah.novais600@terra.com.br,(11) 900001216,regular,2025-08-26,2026-06-24,2,1150.93,True,False,True,True,2025-01-29 00:00:00+00:00
1217,Bento,Cassiano,bento.cassiano753@yahoo.com.br.br,(43) 99660-4873,dormant,2025-03-21,2025-03-21,1,73.07,True,False,False,True,2025-03-22 00:00:00+00:00
1218,Fernanda,Nascimento,fernanda.nascimento952@yahoo.com.br,(49) 99116-3319,dormant,2025-10-17,2025-10-17,1,332.05,True,False,False,True,2025-05-23 00:00:00+00:00
1219,Amanda,Cavalcanti,amanda.cavalcanti310@yahoo.com.br,(62) 98653-6945,novo,,,0,0.0,True,True,False,True,2026-01-03 00:00:00+00:00
1220,Eloá,Pires,eloá.pires125@hotmail.com,(31) 98886-3677,regular,2026-03-18,2026-04-10,2,974.76,True,False,False,True,2025-05-26 00:00:00+00:00
1221,Allana,Machado,allana.machado871@yahoo.com.br,(11) 900001221,regular,2026-02-06,2026-06-16,3,1760.5,True,False,True,True,2025-01-08 00:00:00+00:00
1222,Hadassa,Pacheco,hadassa.pacheco692@outlook.com.br,(67) 96309-3299,premium,2024-11-27,2026-06-14,10,12915.18,True,False,True,False,2025-01-31 00:00:00+00:00
1223,Milena,Barros,milena.barros184@outlook.com.br,(11) 900001223,regular,2025-11-19,2026-05-08,3,905.7,True,False,True,True,2024-12-10 00:00:00+00:00
1224,Augusto,Souza,augusto.souza818@outlook.com.br,(96) 93275-3273,regular,2026-02-15,2026-06-13,2,852.39,True,False,False,True,2025-07-30 00:00:00+00:00
1225,Ayla,Cardoso,ayla.cardoso392@bol.com.br.br,(11) 900001225,dormant,2024-12-31,2024-12-31,1,202.39,True,False,False,True,2025-04-15 00:00:00+00:00
1226,Rodrigo,Vieira,rodrigo.vieira264@yahoo.com.br,(83) 98195-2371,premium,2025-07-01,2026-06-26,23,10687.08,True,False,False,True,2025-06-05 00:00:00+00:00
1227,Anthony Gabriel,Souza,anthony gabriel.souza978@gmail.com,(64) 98761-6481,novo,,,0,0.0,True,True,False,True,2026-02-16 00:00:00+00:00
1228,Sophie,Silva,sophie.silva797@gmail.com,(74) 97046-0568,dormant,2025-01-21,2025-01-21,1,208.8,True,True,False,True,2025-04-19 00:00:00+00:00
1229,Lunna,Lima,lunna.1229@exemplo.com.br,(11) 900001229,dormant,2025-06-10,2025-06-10,1,297.17,True,True,True,True,2024-03-04 00:00:00+00:00
1230,João Miguel,da Cruz,joão miguel.dacruz312@live.com,(11) 900001230,premium,2025-07-11,2026-06-08,21,12859.71,True,False,False,False,2024-09-07 00:00:00+00:00
1231,Caroline,da Rocha,caroline.darocha213@live.com,(34) 97494-9022,premium,2025-01-21,2026-06-06,8,4960.22,True,False,True,True,2024-11-05 00:00:00+00:00
1232,Rebeca,da Paz,rebeca.dapaz89@gmail.com,(11) 900001232,dormant,2025-03-17,2025-03-17,1,206.39,True,False,False,True,2024-05-10 00:00:00+00:00
1233,Maria Laura,Silva,maria laura.silva488@live.com,,regular,2025-12-01,2026-04-14,2,1125.01,True,False,False,True,2025-06-14 00:00:00+00:00
1234,Ana Beatriz,Cassiano,ana beatriz.cassiano8@yahoo.com.br,(11) 900001234,premium,2025-12-14,2026-06-28,12,7671.76,True,False,True,True,2025-05-18 00:00:00+00:00
1235,Ana Júlia,Casa Grande,ana júlia.casagrande671@gmail.com,(11) 900001235,novo,,,0,0.0,True,True,False,True,2026-05-28 00:00:00+00:00
1236,Leonardo,Pastor,leonardo.1236@exemplo.com.br,(28) 98567-2872,regular,2025-08-15,2026-05-13,2,1478.12,True,True,False,True,2025-02-25 00:00:00+00:00
1237,Maria Sophia,Garcia,maria sophia.garcia279@gmail.com,(11) 900001237,regular,2026-01-28,2026-05-27,2,1910.7,True,False,False,True,2025-09-16 00:00:00+00:00
1238,Isaque,Rezende,isaque.rezende426@uol.com.br,(44) 97790-8335,novo,,,0,0.0,True,False,False,True,2026-02-03 00:00:00+00:00
1239,Benício,Guerra,benício.guerra401@hotmail.com,(34) 98148-8810,dormant,2025-12-21,2025-12-21,1,70.63,True,False,True,True,2024-08-05 00:00:00+00:00
1240,Maitê,Nunes,maitê.nunes337@icloud.com,(11) 900001240,dormant,2024-09-20,2024-09-20,1,132.86,True,False,False,True,2024-09-27 00:00:00+00:00
1241,Vitor,Novaes,vitor.novaes123@bol.com.br,(11) 900001241,regular,2025-10-09,2026-06-17,2,1632.02,True,False,True,True,2025-03-14 00:00:00+00:00
1242,Ryan,Pacheco,ryan.pacheco218@live.com,(83) 91805-1371,dormant,2024-11-22,2024-11-22,1,197.87,True,True,False,True,2024-03-24 00:00:00+00:00
1243,Luísa,Barros,luísa.barros547@live.com,(11) 900001243,novo,,,0,0.0,True,True,False,True,2026-05-13 00:00:00+00:00
1244,Antony,Pacheco,antony.pacheco746@outlook.com.br,(11) 900001244,regular,2025-10-24,2026-04-14,4,1394.24,True,True,False,True,2025-03-11 00:00:00+00:00
1245,Vitor Hugo,Monteiro,vitor hugo.monteiro547@yahoo.com.br,(34) 98784-4483,regular,2025-11-04,2026-06-06,4,1600.81,True,False,False,True,2025-09-17 00:00:00+00:00
1246,Carolina,da Mota,carolina.damota415@icloud.com,(94) 94712-7058,regular,2026-01-27,2026-06-05,4,1080.5,True,False,True,True,2025-05-01 00:00:00+00:00
1247,Maria Isis,Monteiro,maria isis.monteiro590@yahoo.com.br,(11) 900001247,premium,2025-04-22,2026-06-16,5,14889.6,True,False,True,True,2024-05-29 00:00:00+00:00
1248,Mathias,Vasconcelos,mathias.vasconcelos393@hotmail.com,,regular,2026-01-10,2026-06-09,2,1891.6,True,False,False,True,2025-05-29 00:00:00+00:00
1249,Ravi,Cunha,ravi.cunha66@bol.com.br,(94) 94587-1493,dormant,2025-09-06,2025-09-06,1,408.36,True,False,True,True,2024-05-09 00:00:00+00:00
1250,Leonardo,Duarte,leonardo.duarte735@yahoo.com.br,(11) 900001250,dormant,2024-07-13,2024-07-13,1,472.15,True,False,False,True,2025-06-08 00:00:00+00:00
1251,Lara,Vasconcelos,lara.vasconcelos100@bol.com.br,(11) 900001251,novo,,,0,0.0,True,False,True,True,2026-05-27 00:00:00+00:00
1252,Ana Vitória,Machado,ana vitória.machado885@bol.com.br,(68) 99660-6065,premium,2025-09-17,2026-06-15,9,13242.45,True,False,False,True,2024-10-02 00:00:00+00:00
1253,João Lucas,Marques,joão lucas.marques798@bol.com.br,(11) 900001253,premium,2025-12-14,2026-06-16,24,9573.17,True,False,True,True,2024-04-11 00:00:00+00:00
1254,Giovanna,Duarte,giovanna.duarte997@icloud.com,(11) 900001254,novo,,,0,0.0,True,False,False,True,2026-04-19 00:00:00+00:00
1255,Lorenzo,Duarte,lorenzo.duarte364@live.com,(85) 90673-4996,dormant,2024-09-23,2024-09-23,1,243.07,True,True,False,True,2025-01-03 00:00:00+00:00
1256,Dante,Brito,dante.brito656@gmail.com,(38) 94857-4172,dormant,2025-04-26,2025-04-26,1,401.32,True,False,False,True,2025-02-26 00:00:00+00:00
1257,Diogo,Duarte,diogo.duarte978@outlook.com.br.br,(11) 900001257,regular,2025-08-05,2026-04-16,3,1858.36,True,True,True,True,2025-09-11 00:00:00+00:00
1258,Samuel,Duarte,samuel.duarte6@icloud.com,(11) 900001258,regular,2026-02-10,2026-05-23,2,578.28,True,False,False,False,2025-05-28 00:00:00+00:00
1259,Maitê,Souza,maitê.souza387@uol.com.br,(11) 900001259,premium,2025-07-02,2026-06-17,7,7499.19,True,True,False,True,2024-10-11 00:00:00+00:00
1260,Thomas,,thomas.pereira233@gmail.com,(11) 900001260,premium,2025-06-02,2026-06-04,14,12986.39,True,True,False,True,2025-05-27 00:00:00+00:00
1261,Olivia,Freitas,olivia.freitas984@gmail.com,(73) 90858-7495,premium,2025-08-22,2026-06-19,20,7845.97,True,False,False,True,2024-02-29 00:00:00+00:00
1262,Davi Luiz,Sousa,davi luiz.sousa336@hotmail.com,(11) 900001262,dormant,2024-09-17,2024-09-17,1,353.61,True,True,False,True,2025-06-08 00:00:00+00:00
1263,Mateus,Sá,mateus.sá956@hotmail.com,(71) 94772-5129,regular,2026-03-26,2026-05-12,4,605.8,True,False,False,True,2025-04-05 00:00:00+00:00
1264,Camila,Marques,camila.marques509@icloud.com,(71) 90694-0960,regular,2025-11-16,2026-06-27,2,746.06,True,False,False,True,2025-04-15 00:00:00+00:00
1265,Antony,Câmara,antony.câmara81@terra.com.br,(69) 92439-5873,novo,,,0,0.0,True,False,False,True,2026-05-27 00:00:00+00:00
1266,Daniela,Silva,daniela.silva584@yahoo.com.br,(11) 900001266,premium,2025-02-18,2026-06-15,5,2517.47,True,False,False,True,2024-11-10 00:00:00+00:00
1267,Bruno,Vasconcelos,bruno.vasconcelos655@yahoo.com.br,(42) 91553-3342,regular,2026-02-18,2026-04-21,2,1797.75,True,False,True,True,2025-05-06 00:00:00+00:00
1268,Laís,da Mata,laís.damata827@uol.com.br,(11) 900001268,regular,2026-02-02,2026-04-27,3,683.08,True,True,True,True,2025-05-21 00:00:00+00:00
1269,Oliver,Garcia,oliver.garcia301@gmail.com,(77) 97633-6911,premium,2024-09-09,2026-06-25,8,8638.7,True,False,False,True,2024-09-07 00:00:00+00:00
1270,Luiz Fernando,Montenegro,luiz fernando.1270@exemplo.com.br,(11) 900001270,dormant,2024-09-26,2024-09-26,1,110.99,True,False,False,True,2024-05-24 00:00:00+00:00
1271,Mateus,Costela,mateus.costela426@hotmail.com,(95) 95748-1700,dormant,2024-12-01,2024-12-01,1,252.27,True,False,False,True,2024-12-02 00:00:00+00:00
1272,Gabrielly,Leão,gabrielly.leão554@outlook.com.br,(11) 900001272,dormant,2024-12-13,2024-12-13,1,197.65,True,True,True,True,2024-06-01 00:00:00+00:00
1273,Heloisa,Melo,heloisa.melo874@gmail.com,(14) 95023-2902,premium,2024-11-14,2026-06-25,9,8348.61,True,False,True,True,2025-02-21 00:00:00+00:00
1274,Rafaela,Cassiano,rafaela.cassiano717@yahoo.com.br,(85) 90093-4596,regular,2025-08-11,2026-06-06,4,811.1,True,True,False,True,2025-04-05 00:00:00+00:00
1275,Levi,Leão,levi.leão853@yahoo.com.br,(11) 900001275,dormant,2024-09-21,2024-09-21,1,162.86,True,False,False,True,2024-08-18 00:00:00+00:00
1276,Nicolas,das Neves,nicolas.dasneves802@outlook.com.br,(48) 94950-0507,dormant,2025-04-22,2025-04-22,1,55.23,True,False,True,True,2024-03-30 00:00:00+00:00
1277,Bernardo,Sousa,bernardo.sousa892@yahoo.com.br,(64) 90869-8221,regular,2026-01-09,2026-06-14,4,1196.8,True,False,False,True,2024-12-21 00:00:00+00:00
1278,Arthur,Ferreira,arthur.ferreira9@uol.com.br,(11) 900001278,premium,2024-10-09,2026-06-02,20,7162.98,True,True,False,True,2024-07-05 00:00:00+00:00
1279,João Felipe,Pereira,joão felipe.pereira46@gmail.com,(27) 97742-5859,regular,2026-01-04,2026-06-27,3,673.42,True,False,False,True,2025-02-19 00:00:00+00:00
1280,Gael,Mendes,gael.mendes624@live.com,(11) 900001280,dormant,2025-07-21,2025-07-21,1,115.87,True,False,False,True,2024-08-09 00:00:00+00:00
1281,Isis,da Paz,isis.dapaz830@hotmail.com,(11) 900001281,premium,2025-05-26,2026-06-06,23,6025.85,True,True,True,True,2025-06-26 00:00:00+00:00
1282,Pietra,Oliveira,pietra.oliveira699@bol.com.br,(11) 900001282,regular,2025-07-30,2026-05-23,4,1276.76,True,False,False,True,2025-06-17 00:00:00+00:00
1283,Miguel,Cirino,miguel.cirino556@gmail.com,(11) 900001283,novo,,,0,0.0,True,False,True,True,2026-06-08 00:00:00+00:00
1284,Maria Sophia,Ferreira,maria sophia.ferreira78@uol.com.br,(63) 97379-4871,premium,2025-12-08,2026-06-14,21,10883.69,True,False,False,True,2024-05-12 00:00:00+00:00
1285,Alana,Rezende,alana.rezende428@icloud.com,(37) 95245-7871,novo,,,0,0.0,True,True,False,True,2026-02-19 00:00:00+00:00
1286,Caroline,,caroline.teixeira424@icloud.com,,novo,,,0,0.0,True,False,False,True,2026-03-06 00:00:00+00:00
1287,Vinicius,Azevedo,vinicius.azevedo388@terra.com.br,(69) 90821-3711,regular,2025-12-11,2026-05-30,2,1887.99,True,False,True,True,2025-02-06 00:00:00+00:00
1288,Ísis,Silva,ísis.silva543@bol.com.br,,regular,2025-12-01,2026-04-04,4,1387.17,True,False,False,True,2025-01-05 00:00:00+00:00
1289,José,Ferreira,josé.ferreira100@bol.com.br,(79) 96818-2683,regular,2025-08-16,2026-06-19,3,1671.49,True,False,True,True,2025-10-03 00:00:00+00:00
1290,João Miguel,Rodrigues,joão miguel.rodrigues881@uol.com.br,(11) 900001290,regular,2026-02-01,2026-05-28,4,1630.08,True,True,False,True,2025-05-30 00:00:00+00:00
1291,Calebe,Nascimento,calebe.nascimento279@terra.com.br,(11) 900001291,dormant,2025-10-04,2025-10-04,1,402.56,True,False,True,True,2024-01-29 00:00:00+00:00
1292,Kevin,,kevin.nogueira419@outlook.com.br,(11) 900001292,dormant,2025-08-09,2025-08-09,1,394.41,True,False,False,True,2024-11-15 00:00:00+00:00
1293,Maria Helena,Duarte,maria helena.1293@exemplo.com.br,(21) 90148-4399,dormant,2024-07-08,2024-07-08,1,426.68,False,False,False,True,2025-02-21 00:00:00+00:00
1294,Davi Luiz,Araújo,davi luiz.1294@exemplo.com.br,(11) 900001294,premium,2025-06-24,2026-06-26,25,13206.23,True,True,False,True,2024-07-26 00:00:00+00:00
1295,Mathias,da Cruz,mathias.dacruz890@terra.com.br,,dormant,2025-10-07,2025-10-07,1,59.41,True,True,True,True,2025-04-20 00:00:00+00:00
1296,Diego,Câmara,diego.câmara426@bol.com.br,(11) 900001296,regular,2026-01-21,2026-05-30,4,1916.4,True,False,False,True,2025-03-02 00:00:00+00:00
1297,Beatriz,Albuquerque,beatriz.albuquerque922@hotmail.com,(99) 94819-7374,dormant,2024-07-09,2024-07-09,1,345.83,True,False,False,True,2025-01-26 00:00:00+00:00
1298,Josué,Nogueira,josué.nogueira201@live.com,(11) 900001298,regular,2025-12-22,2026-06-05,4,738.75,True,True,True,True,2025-09-05 00:00:00+00:00
1299,Letícia,Pacheco,letícia.pacheco625@yahoo.com.br,(89) 94381-1995,novo,,,0,0.0,True,False,True,True,2026-04-21 00:00:00+00:00
1300,Rodrigo,Rios,rodrigo.rios527@live.com,(71) 96014-4485,regular,2026-02-11,2026-06-23,2,1109.02,True,True,False,True,2025-06-08 00:00:00+00:00
1301,Larissa,Rios,larissa.rios715@bol.com.br,(44) 91017-3973,novo,,,0,0.0,True,False,False,True,2026-03-05 00:00:00+00:00
1302,Luara,,luara.rios721@bol.com.br,(11) 900001302,dormant,2025-01-12,2025-01-12,1,316.83,True,False,False,True,2024-12-07 00:00:00+00:00
1303,Bryan,Pereira,bryan.pereira684@hotmail.com,(11) 900001303,novo,,,0,0.0,True,False,False,True,2026-06-06 00:00:00+00:00
1304,Isabel,Silva,isabel.silva103@gmail.com,(41) 97798-0660,dormant,2025-04-09,2025-04-09,1,362.57,True,False,True,True,2024-06-04 00:00:00+00:00
1305,Pedro,Nunes,pedro.nunes944@yahoo.com.br,(11) 900001305,dormant,2025-01-24,2025-01-24,1,376.24,True,False,False,True,2024-06-14 00:00:00+00:00
1306,Catarina,Fogaça,catarina.fogaça166@uol.com.br,(14) 97057-4238,regular,2025-09-25,2026-06-19,4,1624.61,True,False,False,True,2025-08-04 00:00:00+00:00
1307,Ágatha,Ramos,ágatha.ramos420@terra.com.br,(62) 95271-5598,regular,2025-07-05,2026-05-24,3,1188.26,True,False,False,True,2025-02-09 00:00:00+00:00
1308,Rafael,Dias,rafael.dias862@bol.com.br,(11) 900001308,regular,2025-08-17,2026-06-24,3,590.83,True,False,False,True,2025-03-22 00:00:00+00:00
1309,Vinícius,Santos,vinícius.santos949@live.com,(42) 95752-2501,dormant,2025-06-05,2025-06-05,1,259.45,True,False,True,True,2025-01-08 00:00:00+00:00
1310,Mateus,Pacheco,mateus.pacheco234@bol.com.br,(95) 98488-2691,novo,,,0,0.0,True,False,True,True,2026-04-23 00:00:00+00:00
1311,Miguel,Borges,miguel.borges43@hotmail.com.br,,regular,2026-01-23,2026-05-05,2,755.65,True,True,True,True,2025-06-07 00:00:00+00:00
1312,Jade,da Luz,jade.daluz985@yahoo.com.br,(38) 98562-6149,regular,2026-03-29,2026-05-18,4,886.81,True,False,False,True,2025-08-25 00:00:00+00:00
1313,Enzo,Duarte,enzo.duarte877@uol.com.br,(75) 90382-4073,regular,2026-01-02,2026-06-04,4,692.85,True,False,False,True,2025-08-29 00:00:00+00:00
1314,Pedro Lucas,da Cruz,pedro lucas.dacruz301@uol.com.br,(74) 93204-3097,dormant,2025-08-15,2025-08-15,1,116.12,True,True,False,True,2024-10-01 00:00:00+00:00
1315,Luna,Leão,luna.leão825@icloud.com,,novo,,,0,0.0,True,False,True,True,2026-03-23 00:00:00+00:00
1316,Matheus,Jesus,matheus.jesus723@yahoo.com.br,(98) 99696-4546,premium,2024-09-24,2026-06-01,15,8350.74,True,True,False,True,2024-02-14 00:00:00+00:00
1317,Ester,Fonseca,ester.fonseca113@uol.com.br,,dormant,2025-03-25,2025-03-25,1,93.95,True,True,True,True,2024-09-22 00:00:00+00:00
1318,Antonella,Nogueira,antonella.nogueira40@terra.com.br,(11) 900001318,novo,,,0,0.0,True,True,True,True,2026-06-16 00:00:00+00:00
1319,Maria Laura,Nascimento,maria laura.nascimento826@terra.com.br,(11) 900001319,dormant,2025-03-27,2025-03-27,1,128.92,True,False,True,True,2024-11-21 00:00:00+00:00
1320,Cauê,Marques,cauê.1320@exemplo.com.br,(93) 99612-0878,novo,,,0,0.0,True,False,True,True,2026-04-30 00:00:00+00:00
1321,Danilo,Ferreira,danilo.ferreira343@live.com,(11) 900001321,dormant,2025-07-07,2025-07-07,1,425.73,True,False,False,True,2025-02-11 00:00:00+00:00
1322,Mariane,Lopes,mariane.lopes887@yahoo.com.br,(61) 93748-4539,regular,2025-07-28,2026-05-03,4,1233.53,True,True,False,True,2024-12-11 00:00:00+00:00
1323,Nicole,Jesus,nicole.jesus763@yahoo.com.br,,dormant,2025-08-18,2025-08-18,1,436.93,True,False,False,True,2025-01-20 00:00:00+00:00
1324,Valentina,Rodrigues,valentina.rodrigues50@terra.com.br,(11) 900001324,regular,2026-02-04,2026-04-05,4,1141.98,True,False,True,True,2025-09-16 00:00:00+00:00
1325,Sofia,Jesus,sofia.jesus737@yahoo.com.br,(11) 900001325,regular,2026-02-13,2026-06-12,2,1092.72,True,True,True,True,2025-01-10 00:00:00+00:00
1326,Felipe,Brito,felipe.brito693@outlook.com.br,(54) 96672-5214,regular,2025-11-27,2026-06-13,4,1980.36,True,False,False,True,2025-04-11 00:00:00+00:00
1327,Daniela,Cavalcanti,daniela.cavalcanti383@outlook.com.br,(11) 900001327,dormant,2024-08-02,2024-08-02,1,188.0,True,False,False,True,2024-01-03 00:00:00+00:00
1328,Enrico,Fernandes,enrico.fernandes467@live.com,(11) 900001328,regular,2025-10-20,2026-04-30,3,725.52,True,False,False,True,2025-05-13 00:00:00+00:00
1329,Gabriel,Cavalcante,gabriel.cavalcante325@gmail.com,(11) 900001329,premium,2024-10-12,2026-06-21,16,13393.58,True,False,True,True,2024-03-02 00:00:00+00:00
1330,Davi Miguel,Cavalcanti,davi miguel.cavalcanti223@uol.com.br.br,(93) 92835-1295,regular,2025-12-27,2026-05-23,4,1926.47,True,True,True,True,2025-04-01 00:00:00+00:00
1331,Luiz Gustavo,Macedo,luiz gustavo.1331@exemplo.com.br,(95) 92709-0814,premium,2025-01-23,2026-06-14,9,3938.76,True,False,False,True,2024-06-10 00:00:00+00:00
1332,Ana,Caldeira,ana.caldeira327@terra.com.br,,premium,2025-03-17,2026-06-18,24,8552.97,True,True,False,True,2024-05-24 00:00:00+00:00
1333,Luiz Miguel,Pastor,luiz miguel.pastor258@icloud.com,(11) 900001333,regular,2025-10-13,2026-04-09,3,893.2,True,True,False,True,2024-12-12 00:00:00+00:00
1334,Ágatha,Gomes,ágatha.gomes791@live.com,(11) 900001334,dormant,2025-09-12,2025-09-12,1,76.1,True,True,False,True,2024-09-08 00:00:00+00:00
1335,Marcos Vinicius,Vieira,marcos vinicius.vieira174@outlook.com.br,(11) 900001335,regular,2025-08-25,2026-04-30,4,1654.07,True,False,False,True,2024-12-01 00:00:00+00:00
1336,Sara,Nunes,sara.nunes206@icloud.com,(99) 96834-5273,regular,2025-09-03,2026-05-30,3,756.36,True,False,False,True,2025-02-11 00:00:00+00:00
1337,Ana,Pires,ana.pires950@outlook.com.br,(63) 96617-0715,premium,2025-01-08,2026-06-11,20,12722.42,True,False,False,True,2025-06-04 00:00:00+00:00
1338,Maria Sophia,Pimenta,maria sophia.pimenta133@outlook.com.br,(24) 97408-0314,regular,2025-12-25,2026-04-18,3,564.17,False,True,False,True,2025-09-04 00:00:00+00:00
1339,Vitória,Cavalcanti,vitória.cavalcanti22@terra.com.br,(11) 900001339,novo,,,0,0.0,True,False,True,True,2026-03-24 00:00:00+00:00
1340,Cauã,Rodrigues,cauã.rodrigues271@outlook.com.br,(96) 98285-0317,regular,2025-08-21,2026-05-09,2,620.77,True,False,False,True,2025-09-11 00:00:00+00:00
1341,Marcelo,Câmara,marcelo.câmara814@terra.com.br,(11) 900001341,regular,2026-03-14,2026-06-21,3,828.56,True,True,False,True,2025-01-16 00:00:00+00:00
1342,Noah,Sales,noah.sales405@hotmail.com,,dormant,2025-12-25,2025-12-25,1,285.85,True,False,True,True,2024-08-22 00:00:00+00:00
1343,Amanda,Abreu,amanda.abreu446@uol.com.br,(34) 92635-6022,dormant,2025-02-13,2025-02-13,1,227.38,True,True,True,True,2024-02-10 00:00:00+00:00
1344,Thales,Pinto,thales.pinto374@bol.com.br.br,(68) 99434-6066,regular,2025-07-30,2026-06-19,4,1041.21,True,False,False,True,2025-05-18 00:00:00+00:00
1345,Gabriela,da Mota,gabriela.damota449@uol.com.br,(89) 94906-0723,dormant,2024-07-02,2024-07-02,1,157.76,True,False,False,True,2024-05-07 00:00:00+00:00
1346,Diego,Porto,diego.porto499@hotmail.com,(11) 900001346,dormant,2025-12-29,2025-12-29,1,319.84,True,False,True,True,2025-07-05 00:00:00+00:00
1347,Isabella,da Paz,isabella.dapaz983@icloud.com,(17) 94941-1631,regular,2025-08-11,2026-05-03,2,1187.61,True,False,True,True,2025-02-24 00:00:00+00:00
1348,Maysa,Costa,maysa.costa464@yahoo.com.br,(98) 90771-1306,regular,2025-07-20,2026-06-08,2,1778.53,True,False,False,True,2025-05-30 00:00:00+00:00
1349,Léo,Barros,léo.barros139@hotmail.com,(11) 900001349,regular,2026-03-16,2026-05-10,2,1669.0,True,True,False,True,2025-02-22 00:00:00+00:00
1350,Milena,Vargas,milena.vargas375@uol.com.br,(11) 900001350,dormant,2024-07-31,2024-07-31,1,268.13,True,True,False,True,2024-03-25 00:00:00+00:00
1351,Clara,Martins,clara.martins720@uol.com.br,,regular,2026-01-28,2026-05-13,2,1651.91,True,False,True,True,2024-12-29 00:00:00+00:00
1352,Daniel,Gonçalves,daniel.gonçalves60@outlook.com.br,(11) 900001352,dormant,2024-11-17,2024-11-17,1,208.04,True,True,False,True,2025-02-16 00:00:00+00:00
1353,Benicio,Macedo,benicio.macedo755@hotmail.com,(11) 900001353,dormant,2025-06-26,2025-06-26,1,282.26,True,False,False,True,2024-03-04 00:00:00+00:00
1354,Danilo,Camargo,danilo.camargo653@hotmail.com,(64) 98809-2550,dormant,2025-04-08,2025-04-08,1,280.83,True,False,False,True,2024-01-18 00:00:00+00:00
1355,João Pedro,Caldeira,joão pedro.caldeira112@uol.com.br,(11) 900001355,dormant,2024-11-23,2024-11-23,1,477.7,True,False,False,True,2024-05-11 00:00:00+00:00
1356,Brayan,Nunes,brayan.nunes960@icloud.com,(11) 900001356,novo,,,0,0.0,True,False,False,True,2026-02-09 00:00:00+00:00
1357,Renan,Rodrigues,renan.rodrigues649@live.com,(11) 900001357,regular,2025-08-11,2026-04-17,2,1235.06,True,False,True,True,2025-01-15 00:00:00+00:00
1358,João Pedro,da Paz,joão pedro.dapaz882@yahoo.com.br,,dormant,2025-07-06,2025-07-06,1,133.51,True,False,False,True,2024-06-16 00:00:00+00:00
1359,Hellena,da Cunha,hellena.dacunha199@yahoo.com.br,(47) 90642-0768,premium,2025-11-01,2026-06-23,8,14405.01,True,False,False,True,2025-02-23 00:00:00+00:00
1360,Rafael,Guerra,rafael.guerra74@yahoo.com.br,(43) 93666-7776,dormant,2025-10-29,2025-10-29,1,216.32,True,False,False,True,2024-12-25 00:00:00+00:00
1361,Maria Fernanda,Fonseca,maria fernanda.fonseca301@terra.com.br,(33) 96283-3339,novo,,,0,0.0,True,False,False,True,2026-06-11 00:00:00+00:00
1362,Mathias,Siqueira,mathias.siqueira541@terra.com.br,(83) 98654-3627,dormant,2025-04-05,2025-04-05,1,209.56,True,False,False,True,2024-03-08 00:00:00+00:00
1363,Henrique,Nogueira,henrique.nogueira802@live.com,(21) 99603-3582,regular,2025-09-29,2026-05-22,2,1359.93,False,False,True,True,2025-05-22 00:00:00+00:00
1364,Hadassa,Moreira,hadassa.moreira749@outlook.com.br,(11) 900001364,regular,2026-02-17,2026-06-22,3,1141.15,True,False,True,True,2025-05-31 00:00:00+00:00
1365,Leonardo,Ramos,leonardo.ramos428@outlook.com.br,(11) 900001365,regular,2026-01-12,2026-06-07,3,711.23,True,False,False,True,2025-04-12 00:00:00+00:00
1366,Sofia,Sousa,sofia.sousa846@gmail.com,(11) 900001366,novo,,,0,0.0,True,False,False,True,2026-04-19 00:00:00+00:00
1367,Eduarda,Costa,eduarda.costa729@yahoo.com.br,(11) 900001367,regular,2026-01-15,2026-04-09,3,525.34,True,False,False,True,2025-04-22 00:00:00+00:00
1368,Camila,Santos,camila.santos574@yahoo.com.br,(18) 94182-2261,dormant,2025-04-12,2025-04-12,1,189.01,True,False,False,True,2024-08-07 00:00:00+00:00
1369,Sophia,Pinto,sophia.pinto272@outlook.com.br,(11) 900001369,regular,2026-01-23,2026-06-24,4,838.33,True,False,False,True,2025-05-11 00:00:00+00:00
1370,Gael,Sá,gael.sá118@gmail.com,(11) 900001370,regular,2025-09-26,2026-06-17,4,592.5,True,False,True,True,2025-04-20 00:00:00+00:00
1371,Lunna,Pacheco,lunna.pacheco652@yahoo.com.br,(77) 90795-5151,regular,2026-01-30,2026-04-07,3,1735.6,True,False,False,True,2025-05-03 00:00:00+00:00
1372,Luiz Gustavo,Carvalho,luiz gustavo.carvalho119@bol.com.br,(55) 92135-4159,regular,2026-01-17,2026-04-24,2,1564.7,True,True,True,True,2025-03-31 00:00:00+00:00
1373,Maya,Almeida,maya.almeida225@outlook.com.br,(11) 900001373,regular,2025-09-19,2026-05-02,2,973.32,True,True,True,True,2024-12-05 00:00:00+00:00
1374,Antonella,Cavalcante,antonella.cavalcante517@gmail.com,(11) 900001374,novo,,,0,0.0,True,True,False,True,2026-03-19 00:00:00+00:00
1375,Enrico,Farias,enrico.farias10@icloud.com,(11) 900001375,regular,2025-10-26,2026-06-11,3,1611.62,True,False,False,True,2025-08-10 00:00:00+00:00
1376,Maria Isis,Garcia,maria isis.garcia723@outlook.com.br,(11) 900001376,dormant,2024-12-02,2024-12-02,1,235.95,True,False,False,True,2025-03-08 00:00:00+00:00
1377,João,Ferreira,joão.ferreira858@bol.com.br,(11) 900001377,novo,,,0,0.0,True,False,False,True,2026-06-09 00:00:00+00:00
1378,Ian,Almeida,ian.almeida352@yahoo.com.br,,premium,2024-07-21,2026-06-17,20,6305.45,True,False,False,True,2025-04-04 00:00:00+00:00
1379,Heitor,da Cruz,heitor.dacruz192@hotmail.com.br,(11) 900001379,regular,2025-10-26,2026-04-07,2,1259.83,True,False,False,True,2025-07-25 00:00:00+00:00
1380,Apollo,Sousa,apollo.sousa317@terra.com.br,(11) 900001380,dormant,2025-05-01,2025-05-01,1,353.22,True,False,False,True,2024-11-09 00:00:00+00:00
1381,João Lucas,Costa,joão lucas.costa606@hotmail.com,(11) 900001381,premium,2025-08-13,2026-06-16,20,8962.92,True,False,True,True,2024-08-18 00:00:00+00:00
1382,Hellena,Duarte,hellena.duarte516@icloud.com,(11) 900001382,dormant,2024-10-10,2024-10-10,1,140.49,True,False,True,True,2025-03-16 00:00:00+00:00
1383,Davi,Macedo,davi.macedo717@yahoo.com.br,(95) 90123-4289,regular,2026-03-12,2026-04-28,3,724.97,True,False,False,True,2025-07-11 00:00:00+00:00
1384,Marcos Vinicius,Sampaio,marcos vinicius.sampaio652@hotmail.com,(11) 900001384,dormant,2024-11-04,2024-11-04,1,444.9,True,False,True,True,2025-01-18 00:00:00+00:00
1385,Júlia,Montenegro,júlia.montenegro743@bol.com.br,(11) 900001385,dormant,2025-10-30,2025-10-30,1,143.82,True,True,False,True,2024-07-17 00:00:00+00:00
1386,Lorenzo,Azevedo,lorenzo.azevedo694@gmail.com,(11) 900001386,regular,2026-01-16,2026-04-18,4,1319.08,True,False,True,True,2025-03-15 00:00:00+00:00
1387,Felipe,Dias,felipe.dias46@terra.com.br.br,(11) 900001387,dormant,2025-03-17,2025-03-17,1,498.73,True,False,False,True,2024-04-04 00:00:00+00:00
1388,Ana Clara,Teixeira,ana clara.teixeira356@live.com,(28) 98339-2056,dormant,2025-10-27,2025-10-27,1,384.26,True,False,False,True,2024-12-04 00:00:00+00:00
1389,Maria Flor,Martins,maria flor.martins740@terra.com.br,,novo,,,0,0.0,True,True,False,True,2026-01-24 00:00:00+00:00
1390,Isis,Martins,isis.martins449@live.com,(79) 92266-0256,regular,2026-02-21,2026-04-26,3,649.91,True,False,False,True,2025-02-07 00:00:00+00:00
1391,Kaique,Guerra,kaique.guerra731@terra.com.br,(11) 900001391,regular,2025-12-21,2026-06-22,4,1855.1,True,True,False,True,2025-04-26 00:00:00+00:00
1392,Heloísa,Melo,heloísa.melo291@yahoo.com.br,(13) 95307-6248,premium,2024-11-24,2026-06-19,11,8090.63,True,False,False,True,2024-06-26 00:00:00+00:00
1393,Agatha,da Conceição,agatha.daconceição68@uol.com.br,(89) 99766-2705,dormant,2025-06-24,2025-06-24,1,351.82,True,False,False,True,2024-02-08 00:00:00+00:00
1394,Heitor,Azevedo,heitor.azevedo160@terra.com.br,,regular,2025-09-18,2026-06-02,3,1231.2,True,False,False,True,2025-07-09 00:00:00+00:00
1395,Maria Liz,Pereira,maria liz.pereira658@bol.com.br,,regular,2025-11-27,2026-06-22,2,1824.39,True,False,False,True,2025-04-11 00:00:00+00:00
1396,João Miguel,da Costa,joão miguel.dacosta794@icloud.com,(92) 93670-4254,regular,2026-03-01,2026-06-18,2,705.32,True,False,False,True,2025-05-24 00:00:00+00:00
1397,Liz,Pimenta,liz.1397@exemplo.com.br,(11) 900001397,regular,2025-10-28,2026-04-04,2,604.92,True,True,True,True,2025-06-13 00:00:00+00:00
1398,Davi Lucas,Almeida,davi lucas.1398@exemplo.com.br,(47) 96335-3574,premium,2025-04-12,2026-06-09,9,13627.07,True,False,False,True,2024-08-07 00:00:00+00:00
1399,Carolina,Oliveira,carolina.oliveira874@terra.com.br,(11) 900001399,regular,2025-10-24,2026-05-06,4,1567.69,True,True,False,True,2025-05-21 00:00:00+00:00
1400,Mariana,Nunes,mariana.nunes75@live.com,(11) 900001400,dormant,2024-09-07,2024-09-07,1,418.69,True,True,False,True,2024-12-29 00:00:00+00:00
1401,Sarah,Mendonça,sarah.mendonça166@live.com,,novo,,,0,0.0,True,True,True,True,2026-01-26 00:00:00+00:00
1402,Vitor,Azevedo,vitor.azevedo943@live.com,(54) 93425-0733,regular,2025-08-24,2026-05-08,2,1400.71,True,False,True,True,2025-06-08 00:00:00+00:00
1403,André,Duarte,andré.duarte403@terra.com.br,,premium,2025-03-27,2026-06-24,8,13299.26,True,False,True,True,2024-11-05 00:00:00+00:00
1404,Maria Sophia,Novais,maria sophia.novais208@yahoo.com.br,(13) 95759-8339,novo,,,0,0.0,True,False,False,True,2026-05-13 00:00:00+00:00
1405,Isaque,da Rocha,isaque.darocha745@gmail.com,(11) 900001405,dormant,2025-04-22,2025-04-22,1,89.49,True,True,False,True,2025-03-03 00:00:00+00:00
1406,Vicente,Costela,vicente.costela111@yahoo.com.br.br,(19) 90061-5727,dormant,2025-07-28,2025-07-28,1,220.42,True,False,False,False,2024-01-05 00:00:00+00:00
1407,Giovanna,Novais,giovanna.novais164@yahoo.com.br,(75) 95147-4397,regular,2025-09-19,2026-04-02,2,1992.64,True,False,True,True,2025-07-20 00:00:00+00:00
1408,Alice,Castro,alice.castro906@yahoo.com.br,(32) 90105-8752,regular,2026-02-17,2026-04-29,3,1109.81,True,True,False,True,2025-03-17 00:00:00+00:00
1409,Ana Vitória,Silveira,ana vitória.silveira541@outlook.com.br,(11) 900001409,premium,2025-11-10,2026-06-10,7,8826.14,True,False,False,True,2024-11-16 00:00:00+00:00
1410,Ayla,,ayla.nunes685@gmail.com,(96) 90271-1221,regular,2026-03-18,2026-06-16,3,1210.45,True,True,False,True,2025-04-20 00:00:00+00:00
1411,Rebeca,,rebeca.1411@exemplo.com.br,(11) 900001411,regular,2025-10-03,2026-05-15,2,1636.77,True,True,False,True,2025-02-27 00:00:00+00:00
1412,Isadora,Nogueira,isadora.nogueira645@gmail.com,(66) 96281-3721,regular,2025-10-31,2026-05-31,4,976.12,True,False,False,False,2025-01-07 00:00:00+00:00
1413,Vicente,da Conceição,vicente.daconceição950@uol.com.br,(11) 900001413,dormant,2025-07-30,2025-07-30,1,401.36,True,False,True,True,2025-05-17 00:00:00+00:00
1414,Ravi Lucca,Cassiano,ravi lucca.cassiano395@yahoo.com.br,(94) 95566-0847,dormant,2024-10-13,2024-10-13,1,89.25,True,True,False,True,2024-04-14 00:00:00+00:00
1415,Benicio,Rios,benicio.rios575@outlook.com.br,(11) 900001415,dormant,2025-07-06,2025-07-06,1,361.29,True,False,True,True,2024-08-15 00:00:00+00:00
1416,Anthony Gabriel,Ferreira,anthony gabriel.ferreira404@hotmail.com,,regular,2025-09-28,2026-05-13,2,1022.8,True,False,False,False,2025-03-10 00:00:00+00:00
1417,Emilly,Moraes,emilly.moraes947@yahoo.com.br,,regular,2026-03-26,2026-05-25,3,1635.96,True,True,False,True,2025-01-11 00:00:00+00:00
1418,Isabella,Cunha,isabella.cunha681@yahoo.com.br,(11) 900001418,dormant,2024-07-14,2024-07-14,1,201.07,True,False,False,True,2024-01-08 00:00:00+00:00
1419,Nathan,Sá,nathan.sá349@bol.com.br,,premium,2024-09-18,2026-06-26,12,6381.93,True,True,False,True,2024-03-03 00:00:00+00:00
1420,Bruna,Costa,bruna.costa193@terra.com.br,,regular,2025-11-01,2026-05-31,3,1466.31,True,True,False,True,2025-08-27 00:00:00+00:00
1421,Vicente,Gonçalves,vicente.gonçalves825@hotmail.com,(17) 97079-8632,novo,,,0,0.0,True,False,True,True,2026-05-09 00:00:00+00:00
1422,Henry Gabriel,Aparecida,henry gabriel.aparecida541@outlook.com.br,(11) 900001422,premium,2025-09-07,2026-06-15,12,10831.66,True,True,True,True,2024-03-12 00:00:00+00:00
1423,Maria Fernanda,Aragão,maria fernanda.aragão889@uol.com.br,(11) 900001423,novo,,,0,0.0,True,False,False,True,2026-01-09 00:00:00+00:00
1424,Noah,Monteiro,noah.monteiro33@outlook.com.br,(33) 97692-7789,regular,2025-09-12,2026-06-12,2,936.95,True,False,False,True,2025-04-12 00:00:00+00:00
1425,Allana,Vieira,allana.vieira323@uol.com.br,(11) 900001425,regular,2025-08-14,2026-05-28,4,1691.55,True,False,False,True,2025-04-01 00:00:00+00:00
1426,Alexandre,da Rosa,alexandre.darosa21@live.com,(51) 99210-5336,dormant,2024-09-17,2024-09-17,1,59.34,True,False,False,True,2024-08-01 00:00:00+00:00
1427,Esther,Barbosa,esther.barbosa497@bol.com.br,(66) 90401-4247,regular,2025-08-19,2026-05-02,2,637.75,True,False,True,True,2025-07-20 00:00:00+00:00
1428,Nicolas,Campos,nicolas.campos333@gmail.com,(86) 92011-3798,premium,2025-08-11,2026-06-03,13,7093.65,False,True,False,True,2025-04-17 00:00:00+00:00
1429,Yago,da Mata,yago.damata681@gmail.com,(87) 91231-6600,dormant,2025-10-27,2025-10-27,1,481.7,False,False,True,True,2024-08-10 00:00:00+00:00
1430,Maysa,Lopes,maysa.lopes423@live.com,(65) 92090-1447,dormant,2025-01-22,2025-01-22,1,439.89,True,True,False,True,2024-02-06 00:00:00+00:00
1431,Nathan,da Mata,nathan.damata730@gmail.com,(13) 93370-0968,dormant,2024-09-24,2024-09-24,1,333.45,True,False,False,True,2024-06-26 00:00:00+00:00
1432,Mariana,Vieira,mariana.vieira819@uol.com.br,(11) 900001432,regular,2026-03-21,2026-05-11,4,1508.6,True,False,False,True,2025-01-28 00:00:00+00:00
1433,Luan,Freitas,luan.freitas72@terra.com.br,(11) 900001433,regular,2026-02-09,2026-04-29,2,1558.41,True,False,False,True,2025-06-07 00:00:00+00:00
1434,Cecilia,Vargas,cecilia.vargas495@bol.com.br,(11) 900001434,regular,2025-12-29,2026-06-20,4,1384.02,True,False,False,True,2025-07-03 00:00:00+00:00
1435,João Guilherme,Farias,joão guilherme.farias55@terra.com.br,(84) 97820-5829,novo,,,0,0.0,False,False,False,True,2026-01-09 00:00:00+00:00
1436,Carolina,Nogueira,carolina.nogueira107@yahoo.com.br,,dormant,2025-02-13,2025-02-13,1,495.38,True,False,False,True,2024-08-31 00:00:00+00:00
1437,João Lucas,Vieira,joão lucas.vieira86@uol.com.br,(61) 91618-8081,dormant,2025-06-15,2025-06-15,1,468.6,True,False,True,True,2024-10-03 00:00:00+00:00
1438,Anthony,da Cunha,anthony.dacunha278@icloud.com,(11) 900001438,dormant,2025-11-17,2025-11-17,1,363.79,True,False,True,True,2024-01-13 00:00:00+00:00
1439,Rebeca,Ribeiro,rebeca.ribeiro186@outlook.com.br,(11) 900001439,dormant,2024-11-25,2024-11-25,1,188.08,True,False,True,True,2024-03-30 00:00:00+00:00
1440,Alexandre,Vieira,alexandre.vieira44@icloud.com,(11) 900001440,novo,,,0,0.0,True,False,True,True,2026-05-14 00:00:00+00:00
1441,Vitória,Porto,vitória.porto471@hotmail.com,(11) 900001441,premium,2025-09-13,2026-06-22,10,13360.79,True,False,True,True,2024-01-04 00:00:00+00:00
1442,Davi Luiz,da Cunha,davi luiz.dacunha380@live.com,(11) 900001442,regular,2025-10-23,2026-04-02,3,1866.6,True,False,False,True,2024-11-28 00:00:00+00:00
1443,Evelyn,Costela,evelyn.costela386@bol.com.br,(69) 99979-9070,premium,2024-07-20,2026-06-14,19,10585.02,True,False,False,True,2024-02-09 00:00:00+00:00
1444,Melina,Dias,melina.1444@exemplo.com.br,(11) 900001444,premium,2025-07-13,2026-06-05,12,12190.92,True,True,True,True,2024-05-09 00:00:00+00:00
1445,Clara,Rodrigues,clara.rodrigues428@live.com,(11) 900001445,novo,,,0,0.0,True,False,False,True,2026-01-05 00:00:00+00:00
1446,Enzo,da Cruz,enzo.dacruz739@hotmail.com,(81) 96539-7054,novo,,,0,0.0,True,False,False,True,2026-05-28 00:00:00+00:00
1447,Marcela,Cunha,marcela.cunha54@outlook.com.br,(11) 900001447,regular,2025-08-25,2026-05-17,2,791.55,True,True,False,True,2025-03-07 00:00:00+00:00
1448,Luiz Miguel,Martins,luiz miguel.martins445@bol.com.br,(54) 98049-1872,novo,,,0,0.0,True,True,False,True,2026-04-25 00:00:00+00:00
1449,Marcela,da Rocha,marcela.darocha264@yahoo.com.br,(11) 900001449,premium,2024-10-02,2026-06-25,15,11478.34,True,False,False,True,2024-02-06 00:00:00+00:00
1450,Maria Luísa,Mendonça,maria luísa.mendonça409@uol.com.br,(11) 900001450,dormant,2025-10-14,2025-10-14,1,417.92,True,False,False,True,2024-12-09 00:00:00+00:00
1451,Marina,da Conceição,marina.daconceição9@live.com,(11) 900001451,regular,2025-10-31,2026-04-25,4,957.66,True,True,False,False,2025-01-11 00:00:00+00:00
1452,Maysa,Fonseca,maysa.fonseca176@outlook.com.br,(11) 900001452,dormant,2025-07-02,2025-07-02,1,122.17,True,True,False,True,2025-06-01 00:00:00+00:00
1453,Luiza,Novais,luiza.novais816@outlook.com.br,(11) 900001453,regular,2025-08-12,2026-06-09,4,1322.95,True,False,False,True,2025-06-06 00:00:00+00:00
1454,João Guilherme,Campos,joão guilherme.campos371@gmail.com,(11) 900001454,regular,2026-01-07,2026-06-02,2,849.06,True,False,False,True,2024-12-06 00:00:00+00:00
1455,Vinicius,Mendes,vinicius.mendes299@hotmail.com,(11) 900001455,regular,2025-12-16,2026-04-20,3,848.87,True,False,False,True,2025-07-12 00:00:00+00:00
1456,Ana Clara,Carvalho,ana clara.carvalho859@outlook.com.br,(11) 900001456,dormant,2025-01-25,2025-01-25,1,320.13,True,False,False,True,2025-04-02 00:00:00+00:00
1457,Sofia,Albuquerque,sofia.albuquerque671@bol.com.br,(11) 900001457,dormant,2025-04-01,2025-04-01,1,338.44,True,False,False,True,2024-11-21 00:00:00+00:00
1458,Paulo,Brito,paulo.brito494@yahoo.com.br,(54) 98812-2821,regular,2025-07-09,2026-05-10,2,1482.01,False,False,False,True,2025-05-31 00:00:00+00:00
1459,Maria Liz,Moraes,maria liz.moraes519@hotmail.com,(11) 900001459,premium,2025-08-07,2026-06-08,16,10005.27,False,True,True,True,2025-04-18 00:00:00+00:00
1460,Bryan,Duarte,bryan.duarte839@outlook.com.br,,premium,2024-09-25,2026-06-14,20,8659.68,True,False,False,True,2024-03-11 00:00:00+00:00
1461,Benjamin,Correia,benjamin.correia666@terra.com.br,(55) 97932-7986,regular,2025-09-29,2026-05-09,4,1697.92,True,False,False,True,2025-04-01 00:00:00+00:00
1462,Levi,da Costa,levi.dacosta357@icloud.com,(17) 97169-0618,novo,,,0,0.0,True,False,False,True,2026-05-25 00:00:00+00:00
1463,Enzo Gabriel,Santos,enzo gabriel.santos191@yahoo.com.br,(11) 900001463,premium,2025-03-07,2026-06-15,16,11521.14,True,False,True,True,2025-04-17 00:00:00+00:00
1464,Beatriz,das Neves,beatriz.dasneves979@live.com,(96) 97698-9992,novo,,,0,0.0,True,True,False,True,2026-06-02 00:00:00+00:00
1465,Maria Isis,Fernandes,maria isis.fernandes420@hotmail.com,(91) 95889-1444,regular,2025-08-08,2026-06-26,3,609.44,True,True,False,True,2025-04-19 00:00:00+00:00
1466,Alícia,Peixoto,alícia.peixoto691@icloud.com,(11) 900001466,regular,2025-11-28,2026-06-27,2,1193.87,False,False,False,True,2025-05-31 00:00:00+00:00
1467,Bruna,Moreira,bruna.moreira617@outlook.com.br,(15) 94963-9243,regular,2025-09-13,2026-06-06,3,937.1,True,True,False,True,2024-12-08 00:00:00+00:00
1468,Eloá,Silva,eloá.silva516@icloud.com,,dormant,2025-07-19,2025-07-19,1,409.95,True,False,False,True,2024-10-18 00:00:00+00:00
1469,Aurora,Costela,aurora.costela346@live.com,(99) 92143-3952,dormant,2024-10-23,2024-10-23,1,238.58,True,False,True,True,2024-09-27 00:00:00+00:00
1470,Maysa,Freitas,maysa.freitas628@uol.com.br,(55) 97497-8524,regular,2025-08-26,2026-04-28,2,1240.28,True,False,False,True,2025-02-08 00:00:00+00:00
1471,Diego,da Cunha,diego.dacunha565@hotmail.com,(49) 98601-3477,regular,2025-09-26,2026-04-18,3,686.66,True,False,False,True,2024-12-26 00:00:00+00:00
1472,Ísis,Pacheco,ísis.pacheco839@bol.com.br,(96) 99634-0679,premium,2024-08-20,2026-06-26,5,14440.69,True,False,False,True,2024-11-25 00:00:00+00:00
1473,Henrique,Melo,henrique.melo24@outlook.com.br,,dormant,2025-12-04,2025-12-04,1,180.8,True,True,False,True,2024-07-14 00:00:00+00:00
1474,Hellena,Dias,hellena.dias516@hotmail.com,(11) 900001474,premium,2024-09-12,2026-06-29,7,3753.0,True,False,False,True,2025-04-15 00:00:00+00:00
1475,Ágatha,Nascimento,ágatha.nascimento333@bol.com.br,(11) 900001475,regular,2026-02-23,2026-04-21,3,889.09,True,False,True,True,2025-02-16 00:00:00+00:00
1476,Bárbara,Pinto,bárbara.pinto929@bol.com.br,(16) 96333-9994,premium,2025-02-26,2026-06-22,7,12533.94,True,False,False,True,2025-04-29 00:00:00+00:00
1477,Daniela,da Costa,daniela.dacosta405@yahoo.com.br,(11) 900001477,dormant,2024-12-18,2024-12-18,1,395.7,True,False,True,True,2024-12-04 00:00:00+00:00
1478,Arthur Gabriel,Castro,arthur gabriel.1478@exemplo.com.br,(13) 97113-6337,dormant,2025-12-01,2025-12-01,1,79.67,True,True,True,True,2024-09-16 00:00:00+00:00
1479,Lucas,Cavalcanti,lucas.cavalcanti85@uol.com.br,(15) 91034-6996,regular,2026-02-14,2026-04-06,3,1280.9,True,True,False,True,2025-07-02 00:00:00+00:00
1480,Maitê,Cunha,maitê.cunha131@uol.com.br,(11) 900001480,dormant,2024-07-08,2024-07-08,1,482.01,False,True,False,True,2025-05-01 00:00:00+00:00
1481,Augusto,Nogueira,augusto.nogueira500@bol.com.br,(11) 900001481,premium,2024-12-23,2026-06-01,23,6356.62,True,False,True,True,2024-11-02 00:00:00+00:00
1482,Hellena,Macedo,hellena.macedo679@uol.com.br,(48) 92196-2633,novo,,,0,0.0,True,False,True,True,2026-04-06 00:00:00+00:00
1483,Ana Sophia,Fogaça,ana sophia.fogaça643@outlook.com.br,(14) 93436-9709,dormant,2025-05-08,2025-05-08,1,161.32,True,True,True,True,2024-09-14 00:00:00+00:00
1484,Ryan,Ramos,ryan.ramos370@hotmail.com,(79) 90695-5607,novo,,,0,0.0,True,False,False,True,2026-02-03 00:00:00+00:00
1485,Luiza,Silveira,luiza.silveira851@live.com,(68) 91645-3454,premium,2024-10-17,2026-06-24,24,11473.89,True,False,True,False,2024-12-10 00:00:00+00:00
1486,Maria Luiza,Castro,maria luiza.castro50@yahoo.com.br,,regular,2025-09-14,2026-06-04,2,1064.13,True,False,False,True,2025-08-23 00:00:00+00:00
1487,Pedro Lucas,Pacheco,pedro lucas.pacheco371@icloud.com,(11) 900001487,regular,2026-02-13,2026-06-28,4,627.38,True,False,False,True,2025-05-18 00:00:00+00:00
1488,Carlos Eduardo,da Cunha,carlos eduardo.dacunha905@hotmail.com,(11) 900001488,dormant,2025-11-30,2025-11-30,1,114.81,True,True,False,True,2025-04-28 00:00:00+00:00
1489,Julia,das Neves,julia.dasneves554@yahoo.com.br,(99) 91319-0924,dormant,2024-07-28,2024-07-28,1,441.04,True,False,False,True,2025-02-01 00:00:00+00:00
1490,Ágatha,Melo,ágatha.melo975@outlook.com.br,(11) 900001490,novo,,,0,0.0,False,True,False,True,2026-04-29 00:00:00+00:00
1491,Luiz Henrique,Nascimento,luiz henrique.nascimento392@hotmail.com,(83) 98522-8230,dormant,2025-03-16,2025-03-16,1,302.22,True,False,False,True,2024-08-28 00:00:00+00:00
1492,Aylla,Cavalcante,aylla.cavalcante832@bol.com.br,(97) 90880-6220,regular,2025-08-18,2026-05-09,2,521.13,True,False,False,True,2025-04-03 00:00:00+00:00
1493,Maria Isis,Cassiano,maria isis.cassiano663@yahoo.com.br,(11) 900001493,regular,2025-10-25,2026-04-17,2,585.43,True,False,False,True,2025-02-21 00:00:00+00:00
1494,Henry,Silva,henry.silva806@uol.com.br,(11) 900001494,novo,,,0,0.0,True,False,True,True,2026-06-07 00:00:00+00:00
1495,Sarah,Mendonça,sarah.mendonça82@outlook.com.br,(63) 98785-9964,dormant,2025-11-12,2025-11-12,1,118.39,True,False,False,True,2024-10-18 00:00:00+00:00
1496,Sabrina,Jesus,sabrina.jesus143@yahoo.com.br,,dormant,2025-06-22,2025-06-22,1,419.59,True,False,False,True,2024-11-02 00:00:00+00:00
1497,Milena,Monteiro,milena.monteiro841@yahoo.com.br,(11) 900001497,novo,,,0,0.0,True,False,False,True,2026-04-22 00:00:00+00:00
1498,Giovanna,Garcia,giovanna.garcia70@bol.com.br,(48) 90573-0362,novo,,,0,0.0,True,False,True,True,2026-02-21 00:00:00+00:00
1499,Manuella,Pastor,manuella.pastor905@yahoo.com.br,(22) 96320-3747,dormant,2024-09-09,2024-09-09,1,495.48,True,True,False,True,2025-02-24 00:00:00+00:00
1500,Isabelly,Martins,isabelly.martins768@live.com,(48) 93726-0321,regular,2025-12-07,2026-05-14,4,681.84,True,False,False,True,2025-07-06 00:00:00+00:00
